step,par1,par2,fn,gr1,gr2
1,0.1,0.01,5318.815170506837,-31.33848071229295,2748.963362782888
2,1,1e-5,10821.229180832599,31.777775802765973,-22505818.703541845
3,0.394514668132842,0.006730887183725455,5370.601018795146,28.628584313992178,-36803.49535540245
4,0.13994889197369592,0.009556567299091975,5317.897531091361,5.242589090812544,-714.1280006544548
5,0.1341613892710293,0.009647350434743835,5317.84721330283,0.7693749057580135,-16.66600412590924
6,0.1333939059497495,0.00965098164933698,5317.8468277505535,0.27972790576313855,19.502728691804805
7,0.1328623187806315,0.009647762787508065,5317.846691297605,0.031200356715999078,7.150510673454846
8,0.13277497822274248,0.009646314004758839,5317.846680257172,0.005405881893238984,-0.8839405973048997
