step,par1,par2,fn,gr1,gr2
1,0.1,0.01,3589.025553740169,266.6894486264937,13900.450752935285
2,1e-5,1e-5,5970.437834845074,122369.71676981739,-13725151.987143453
3,0.06571785528658397,0.006574871230252764,3552.7665515733024,235.78308501555512,-342.8593234116306
4,0.05533351355017027,0.0061123474045403445,3551.1262606037385,266.49186127542634,-3842.1922608790737
5,0.030182557775732012,0.0056086536437781635,3545.687548155865,400.3112036048151,-6190.141746226345
6,9.999999999996123e-6,0.005004393144329527,3597.055442665134,-170052.70131817268,0
7,0.019178594740841548,0.005388279214510344,3542.049027200734,503.6709537648676,-5795.927849962936
8,0.006630373013366712,0.005136978188439072,3538.883404975103,-427.82488153306986,-1715.3659178620728
9,0.013455136899924787,0.005273656532561012,3539.773076130548,474.75654242134624,-4690.43935686841
10,0.008644024837504136,0.005177305238800961,3538.516305499037,89.91407841222099,-2850.6430575589548
11,0.0023429130007484892,0.00560081879892876,3548.802913218697,-5385.388012666681,2804.4265109770095
12,0.007673273373337366,0.005242551884034325,3538.40137834704,-170.05003773419958,-1699.0028795567014
13,0.023421915946687414,0.00875047036349861,3555.9006471347698,233.13041606797924,9045.41665652232
14,0.009750652817912943,0.0057052760654071055,3537.9134191096414,-9.671881828126061,270.1221869369874
15,0.009658416299395355,0.005659516058535461,3537.906812192131,-3.688285585212725,30.27397859341363
16,0.009664126607008314,0.005655300998191291,3537.9067009115984,-1.0693628678382083,1.8129217710338708
17,0.009670226405830309,0.005655379243216795,3537.9066980356715,-0.229544750709465,-0.3132213009848783
