step,par1,par2,fn,gr1,gr2
1,0.1,0.01,32859.162323032535,18401.92788054992,-626943.7433655912
2,1e-6,10,34794.193247496456,2375.780327565735,1452.0031540450873
3,0.06664963522297025,3.3417347585728576,26859.427967215917,1700.7156220824982,870.9654140693601
4,0.05755452850488717,3.3369610482358874,26840.70204454392,1492.776467694057,870.5691199793364
5,0.02117410163255483,3.3178662068880063,26802.04175459201,-1115.6816121911106,861.3761924971186
6,0.03189705221989909,3.31539740203426,26796.354262970963,266.21886991051724,865.1661324984161
7,0.03141564531552319,3.301289261272732,26784.04317417468,220.2838311859523,863.4733622966451
8,0.0294900176980196,3.24485669822662,26735.27014154568,20.339403599791694,856.61727065598825
9,0.021787507228005244,3.019126446042172,26549.39005948364,-1118.3900347532472,826.2542199736345
10,1.000000000001e-6,2.3806497065504106,26719.918233160366,-2764736.7902041147,677.186400298524
11,0.010493624974902138,2.6881472284144845,26318.388835788934,-5734.485056309495,761.4268032557447
12,0.01948852413672748,1e-6,102442.36211889725,66090.43825832487,-373935603.7701469
13,0.013552020729803762,1.7741386480371037,25598.283023361055,-4147.236518783757,764.0969857675373
14,0.017470112978373416,0.6032078003326156,24754.097695909015,36.74857343867188,711.4577831089264
15,0.0188022643428871,0.2050913121130895,24427.37214279095,2075.600483403832,914.4160173673299
16,0.01019699627262309,1e-6,101764.91522858363,80649.325731938,-373913410.9294888
17,0.015931043747159007,0.13666119194539333,24367.908908314028,1555.973737322347,460.7948972079612
18,1e-6,0.07378122910669938,25213.575492092263,-3962054.8750179294,32.86118830146734
19,0.010457268765988782,0.11505480009447702,24358.42958481874,-1138.4179394190141,209.40377655279008
20,0.01644138949558814,0.05770758168346113,24598.61874441091,11303.784025658388,-14707.510301814182
21,0.011459008843564076,0.10545489233599425,24357.817720151765,404.9558851693291,-196.04948027335922
22,0.011559079379492961,0.11147818520933074,24357.423419896597,96.56805475970032,40.39012865177938
23,0.011292997353971644,0.11006132594814659,24357.38051382239,-39.99084707174916,8.487982559017837
24,0.011328506908027681,0.10986589781630123,24357.379109170353,2.9606704083562363,-0.744725202821428
25,0.011326334703472793,0.10988294296309709,24357.37909901994,0.018788323359331116,0.006755326467100531
