step,par1,par2,fn,gr1,gr2
1,0.1,0.01,691.8175140024349,1844.9814925014607,4057.638599801976
2,1e-6,1e-6,696.6103468881322,105624.77008060455,-2185227.590103457
3,0.04236987418196469,0.0042375060945155935,564.6744718439916,1154.9995914270994,10621.379039222915
4,0.014406417221867987,0.0014414120721353008,494.0117754674533,192.27033880383715,28888.478379361684
5,0.0064893077635591045,6.497723810020839e-4,473.5226077053867,-213.29819842691222,12796.60076679221
6,0.007835632118126306,1e-6,760.6845293509634,786.0552046071234,-2454231.4999639234
7,0.00682049094882497,4.901804498868951e-4,472.65060420368746,-110.29979821529423,-7519.503760618704
8,0.023574498187608768,6.323907159597246e-4,472.50621344581253,-0.294451180593569,9334.562040758668
9,0.020897672589567873,5.713922484369011e-4,472.11097809714784,-0.4820542358174862,1591.0413956760294
10,0.02040486523137113,5.590376278447162e-4,472.0892369452449,0.017688666105186712,-217.39760284873455
11,0.020468690035640814,5.60535629044192e-4,472.09073517470875,-0.04585509969956547,6.273246236219165
12,0.02040694691208871,5.590864859688819e-4,472.0892807921724,0.015573106963984173,-210.08107831931966
13,0.020404935193750633,5.59039269897984e-4,472.089238413372,0.017617501271161018,-217.15168121090755
14,0.020404867585047764,5.590376830867254e-4,472.0892369946269,0.017686273849903955,-217.3893295440621
15,0.02040486531055968,5.590376297033125e-4,472.0892369469044,0.017688557250039594,-217.39732450697602
16,0.020404865234038002,5.590376279073091e-4,472.0892369452985,0.01768865729445679,-217.3975934871919
17,0.02040486523146411,5.590376278468986e-4,472.0892369452466,0.017688655873371317,-217.39760253240092
18,0.020404865231374622,5.590376278447983e-4,472.089236945242,0.017688665536752524,-217.39760283907117
19,0.020404865231375986,5.590376278448302e-4,472.0892369452416,0.017688645641555922,-217.39760283736587
20,0.020404865231420048,5.590376278458643e-4,472.0892369452484,0.017688639104562753,-217.39760268928876
21,0.02040486523137622,5.590376278448358e-4,472.08923694524276,0.017688668378923467,-217.39760283594478
22,0.020404865231375986,5.590376278448302e-4,472.0892369452416,0.017688645641555922,-217.39760283736587
