step,par1,par2,fn,gr1,gr2
1,0.1,0.01,1012.3597208315769,1463.4687776640476,8371.163873819682
2,1e-6,1e-6,1280.8379086810576,113850.03990083533,-4354238.4223524965
3,0.05547499088695407,0.005547899817784714,909.021788967847,880.9691532087527,14702.200726092655
4,0.019368884262828803,0.0019376141135813863,821.1016123553974,100.49316732192892,23129.004834318606
5,0.007605505257307396,7.613820844990116e-4,807.6658541243919,195.48757371637748,-21633.645379147878
6,0.025981303270225208,0.0060439632984354424,887.3695175683555,985.8442706865844,7152.482345735507
7,0.010475004558307714,0.001586291189954567,812.9046255654541,42.28982135828119,18768.652526572965
8,0.008451806145346049,0.001004672371503033,805.6946624677231,10.158277788718806,991.9629913520112
9,0.00822060469146945,9.917321526922514e-4,805.6797570193486,11.477668289217036,257.73265780173915
10,0.007939198674733604,9.830699458657742e-4,805.6734782083222,9.316998437611801,-173.07370441301373
11,0.007761639310876561,9.813545300899967e-4,805.6718659019933,5.499451091282026,-188.01995759417878
12,0.007571620803623427,9.861355284672313e-4,805.6733954342695,-2.995400977852114,243.4479965427272
13,0.007730551230304929,9.821367279133188e-4,805.671867531765,4.159761417099617,-117.04388746181849
14,0.007754242460571892,9.815406400106275e-4,805.6718575586375,5.182418495337515,-171.11875541843347
15,0.007738606248595696,9.819340580264038e-4,805.6718578579771,4.508707728518857,-135.4194851006696
16,0.007597876353705728,9.827496687867055e-4,805.6717734017075,-0.18009110647199122,2.2170138765886804
17,0.007604358663854394,9.8277322231675e-4,805.6717812074509,0.007880437351559522,-0.051665448950188875
18,0.0075980206985126935,9.827501932648112e-4,805.6717735628322,-0.17589766684977803,2.166442997122431
19,0.007597879644631506,9.827496807443127e-4,805.6717734053742,-0.17999550664171693,2.2158609084499403
20,0.007597876428781154,9.827496690594927e-4,805.6717734017878,-0.18008889639986592,2.2169876052657855
21,0.007597876355479934,9.827496687931521e-4,805.671773401703,-0.18009103143867833,2.2170133161125705
22,0.007597876355501532,9.827496687932306e-4,805.6717734017046,-0.18009105360761168,2.2170133104282286
23,0.007597876355479934,9.827496687931521e-4,805.671773401703,-0.18009103143867833,2.2170133161125705
