step,par1,par2,fn,gr1,gr2
1,0.1,0.01,5208.121294406314,116.86325212394877,319.47712824603514
2,1e-6,1e-6,11597.977037025366,123488.65468122312,-42661253.74966441
3,0.06713980027863836,0.006714275772618776,5242.0946785542865,342.85675541468663,-29591.199887590847
4,0.09750502550382374,0.009750525005377389,5207.920096553095,121.30438338317617,-1107.9827984849544
5,0.09516775977596807,0.009724872835869319,5207.669662814967,117.98269233622705,-1178.5275873671708
6,0.0858186968645454,0.009622264157837039,5206.771815624623,101.8213351153463,-1419.5684761170924
7,0.03612603263968313,0.009494922126550006,5208.193278866628,-299.0542212592118,1654.4275934302277
8,0.06338650773273108,0.009564779606046174,5205.357968038375,17.443664219172206,-465.6405985906531
9,0.059448070316012236,0.009598551821301236,5205.334553402455,-10.091674807881645,18.844838500626793
10,0.06120021503557615,0.009614783552273106,5205.326299683165,0.45278230118128704,-15.359709218500939
11,0.061156929444303315,0.009617344685090548,5205.3262819044485,-0.011236270438530482,2.621067214931827
12,0.06115313190875425,0.00961684629744163,5205.326279693136,1.305124897044152e-6,0.001914891072374303
