step,par1,par2,fn,gr1,gr2
1,0.1,0.01,883.5997856778469,1599.460776388355,6467.438937926886
2,1e-6,1e-6,1044.6634743039472,111923.90564057404,-3477320.054581646
3,0.05241957244110183,0.0052423854722404946,775.4196192962359,1072.0382126976347,13128.124603924789
4,0.01836439270273918,0.001837173998086871,688.138316521793,221.6532022168849,21723.24725421049
5,0.007368670700981031,7.377007603986963e-4,672.5377887019827,43.747188490215194,-9169.132563928883
6,0.004903442354984435,0.006155133768448046,709.0965259554174,3735.9624572263783,564.7607028220136
7,0.00704577817330666,0.0014472693649932014,679.2515868995475,-43.4689448672998,16885.868305749907
8,0.007313718636031806,8.584600121734274e-4,672.1673169592394,-32.44516157792532,1164.1887786709049
9,0.008095774780243259,8.504487642691181e-4,672.1427721547838,-8.379611674058651,248.47432911656142
10,0.00838141012747481,8.486251122104322e-4,672.1403530540592,-1.6001989331471123,-5.419874027552396
11,0.008463007765956855,8.490425878958079e-4,672.1404611170292,-0.17315494062586367,-9.898984214942175
12,0.008391438397881833,8.486764195661251e-4,672.1403601457823,-1.4226037865228136,-6.000447415317467
13,0.008382793526547878,8.486321900559057e-4,672.1403539283112,-1.5756623469087572,-5.500468103036837
14,0.008381603905927326,8.486261036336374e-4,672.1403531745055,-1.5967612711165202,-5.431172874068579
15,0.00838143732911832,8.486252513814301e-4,672.1403530709321,-1.5997163450265361,-5.421460305115033
16,0.008381413946697351,8.486251317506123e-4,672.1403530564273,-1.6001311809077379,-5.420096752573045
17,0.008381410663742296,8.486251149541224e-4,672.1403530543886,-1.6001894471173728,-5.419905295980243
18,0.008381410203009585,8.486251125968886e-4,672.1403530541088,-1.6001975967583348,-5.419878453949423
19,0.008381410137880721,8.486251122636717e-4,672.1403530540682,-1.6001987660274608,-5.4198746408928855
20,0.008381410128769239,8.486251122170549e-4,672.1403530540534,-1.6001989126834815,-5.419874099743538
21,0.008381410128882502,8.486251122176344e-4,672.140353054058,-1.6001988950620216,-5.41987409860667
22,0.008381410128769239,8.486251122170549e-4,672.1403530540534,-1.6001989126834815,-5.419874099743538
