step,par1,par2,fn,gr1,gr2
1,0.1,0.01,5305.219087824813,170.45750935722026,-2099.7103956824503
2,1e-6,10,25574.338191880335,2416.0878291877452,2221.7603008903097
3,0.08546402696500463,1.4621582277783163,7045.422008013332,2410.532108192456,1848.8195837971944
4,0.09703781175802095,0.30592556462935383,5610.631257597753,2356.7667034649276,-150.02822140559147
5,0.09951405874025335,0.05854601730886384,5738.436008697083,2194.512129785835,2675.6160472768897
6,0.09998131312868658,0.011866837112582665,5309.840199220897,133.33731889360934,6273.508358567597
7,0.09999616252755815,0.010383367330614127,5304.828795298457,159.48093457609502,20.65285033040709
8,0.09996734248311309,0.010379772677765525,5304.8241466680465,159.55996145294193,2.6421513484820025
9,0.09985206230533286,0.010365394066371115,5304.806177528436,159.87832440259808,-69.57434656669648
10,0.09939094159421194,0.010307879620793476,5304.744370049477,161.18819780785998,-361.24153517448576
11,0.095830582128449,0.010107919503427388,5304.333346599566,165.26604732462147,-1350.160646798031
12,0.08398559224223003,0.00973707993066782,5303.154351595132,172.538518672809,-3075.9538058282487
13,0.04969099687806876,0.009069306930389853,5300.001851266333,164.94321122536348,-4967.672661737197
14,1e-6,0.008491710679388096,5395.660756800162,-245664.75178499785,1147.9108754247136
15,0.032606131503819115,0.008870712549044826,5298.670742575493,74.84739370283933,-3971.665617323197
16,0.030086905173833653,0.00913480246145637,5297.79051043172,-4.340077593951719,-2054.003176185688
17,0.04247596531846847,0.009923557663254706,5297.442828815243,45.38680494988512,454.1555764581062
18,0.036295956390744226,0.00967907359663064,5297.2225597780725,10.439504530950217,-118.51920613480615
19,0.035265221810119256,0.00967991389437472,5297.217914836727,-1.6802559957795893,-6.232302475837059
20,0.03546068736640711,0.009685634372391854,5297.217755913002,0.06885952643642668,-0.24296532501466572
21,0.03545411705571864,0.009685537941782863,5297.217755410892,4.1158273234032094e-4,1.2305008567636833e-4
