step,par1,par2,fn,gr1,gr2
1,0.1,0.01,3423.8675986904295,72.9304250558016,22938.521598639454
2,1e-6,1e-6,6725.305640787686,122529.58994828077,-24569248.531204976
3,0.06548882907727635,0.006549193511371974,3358.8353050204432,-50.44756759161828,11711.167644862144
4,0.03946300170470205,0.0033907507938548596,3380.424505335235,288.7839584309404,-40104.86185762829
5,0.05596049252671621,0.005392853512748827,3351.0481056280937,-33.40426670547458,1581.2101052006255
6,0.055089045611307286,0.005242311743793635,3350.9689333095685,-25.309764644134702,-235.10816237148902
7,0.05554087897131655,0.005275955121247362,3350.956412874542,-26.85825353182736,166.5187831622461
8,0.05617063522435303,0.005294650010386373,3350.944590516328,-27.110374676340143,362.97155413649307
9,0.0594311187469676,0.005351199234872738,3350.893844213239,-25.89107752783093,875.228743743719
10,0.06509268504931683,0.005405899869388418,3350.817621552132,-21.914162903158285,1253.9207846202771
11,0.07499487814786858,0.005448409469269249,3350.6946334982636,-14.547327907621366,1348.0275355982485
12,0.08812492971073738,0.005342353480721845,3350.540955015439,-2.541627015943959,-500.37168605967963
13,0.0935342897023171,0.00538814384738936,3350.517776775007,-1.5007098954811227,-55.774602815290564
14,0.0973714140440527,0.005403163494193418,3350.5143581058865,-0.3046662823180668,36.312699078280275
15,0.09796496150254158,0.005402226664122883,3350.5142244512185,-0.040529321267968044,7.861324054374563
16,0.09803737462321147,0.0054017945648385845,3350.5142162948287,-8.433744369540364e-5,0.15837997125345282
17,0.09803678071567559,0.005401781769265141,3350.514216147063,2.0972947822883725e-5,0.003477862264844589
