step,par1,par2,fn,gr1,gr2
1,0.1,0.01,1074.6395911612847,1407.417009169194,9001.183209600185
2,1e-6,1e-6,1430.0019175003283,113876.497034355,-4908081.08503453
3,0.05719777824518164,0.005720163048366195,974.0589995745762,910.3239437979482,14845.904840381649
4,0.019973364087822174,0.0019980566557078958,886.7688973242399,122.4562222324721,15839.928046971181
5,0.0044773406204387314,1e-6,1535.518968171507,5096.795975775876,-5138500.848644635
6,0.014999918888104586,0.0013571017772643884,879.0503474941413,66.57981286593895,4465.809305908124
7,0.012557872092674444,0.0010883283826236094,879.0324342174825,112.40058063094693,-7511.579023767467
8,0.013928823837603296,0.0012392162997031525,878.6730037127036,78.00279902198781,132.09280786782074
9,0.013090549421836264,0.0012141348637598878,878.611290127451,78.17489570982161,-810.0519119238925
10,0.009648878870630428,0.0011655148916586366,878.4316926438723,56.62111517210633,-2021.9827241186294
11,0.006031675415109106,0.001150169072078253,878.4494646502391,-99.46979752328389,-683.9647463118581
12,0.007852033003141964,0.001157891855565893,878.3771622112556,11.120995247893006,-1517.330061242319
13,0.007919201436963919,0.0011806247670712229,878.3597224884704,1.5877247125217764,-487.708215654834
14,0.008079808482630329,0.0011927763091101422,878.3593464426233,1.7928404150779897,-24.005725995834837
15,0.008015420759256297,0.001192812907402572,878.3593171610726,-0.737224372073797,9.484342418204506
16,0.008034273030623236,0.0011928093886958834,878.3593101378777,0.00759066267619346,-0.03345126401654852
17,0.00803406003682828,0.0011928077683578606,878.3593098102211,2.9692728276131675e-5,6.158046517157345e-4
