step,par1,par2,fn,gr1,gr2
1,0.1,0.01,974.4157701359843,1502.5540086799083,7189.895680857603
2,1e-6,1e-6,1181.398158529679,115604.15351385018,-3984987.450788021
3,0.054040008429529114,0.005404414487013486,868.6191828418057,915.3631992074907,15812.065673291045
4,0.018867345922578674,0.001887464793446576,771.1896478231307,75.3030235892993,25726.307202359065
5,0.007469263895568581,7.477591745096469e-4,755.2102749653062,-10.621872215779149,-14704.223606137248
6,0.019216818756430974,0.006194598545968465,837.2563163074791,1561.315673729382,4330.555346980418
7,0.008908138115657467,0.0014149036863150511,760.5168310297329,-151.83674085847088,19435.40191538716
8,0.007822925327666107,9.117368733015047e-4,754.2754043865626,-137.2895207896363,1103.9304231047709
9,0.00991265123526363,9.201018414541457e-4,754.069287427042,-76.71074257416421,619.1656158887326
10,0.012557608018506035,9.306288533069618e-4,753.9319760841954,-38.595757350776694,400.80872881787855
11,0.015171995548466051,9.387923242476283e-4,753.8660296418534,-18.25579180604109,302.88468288517834
12,0.01741499109466292,9.425434763062196e-4,753.8408366321227,-6.954085339998528,125.61064285193879
13,0.018786482701463582,0.00094464980691537435,753.835854351085,-1.9530363897501957,58.631591382436454
14,0.018612977096112874,8.935474778866277e-4,753.919692582701,6.467592008334577,-4289.0166741239
15,0.018782344704070208,9.434310491473534e-4,753.8353856926317,-1.776392738861432,-37.742628582009274
16,0.01930462839316965,9.449419088771513e-4,753.8354035832132,-0.27614615078164206,2.7251405100514603
17,0.018939066724107837,9.43884413848931e-4,753.835302166376,-1.3125182584872164,-26.14009237049686
18,0.019378281700716978,9.450747474694795e-4,753.8354419635933,-0.06307316425591125,2.441549642639984
19,0.019037760170944527,9.441518868044402e-4,753.8352826427225,-1.0237815450864218,-20.03099031014699
20,0.01938666648099819,9.450777538740977e-4,753.835442698214,-0.03721635209785745,1.4490269825273572
21,0.019099942378903164,9.443168951663085e-4,753.8352844212031,-0.8437477356437739,-16.367976573974374
22,0.019051347095211862,9.441879414282591e-4,753.8352820251273,-0.9842847629215612,-19.236806687104036
23,0.01908341998244812,9.442730508953717e-4,753.8352828007106,-0.891402972342803,-17.348339790146383
24,0.019058161303644988,9.44206023793101e-4,753.8352819276597,-0.964509609389097,-18.83719663226202
25,0.019074832031655057,9.442502616805997e-4,753.835282285974,-0.9162247926042255,-17.85589229029938
