step,par1,par2,fn,gr1,gr2
1,0.1,0.01,747.6784049659136,1801.5950689954252,4549.890369869445
2,1e-6,1e-6,796.0567641436693,109038.28471346741,-2554288.159002924
3,0.04632195198600078,0.004632678305863276,626.5702681393764,1232.5650488782003,10712.957487513677
4,0.016385359435495628,0.0016392884828400362,551.4733662959892,314.91013748450314,24584.668438549215
5,0.006931591712419763,6.939967952928044e-4,530.7488087112822,-12.761004615526872,5875.383695899927
6,0.0069269294324515295,1e-6,867.3713852074053,1260.5752162329509,-2818107.05034846
7,0.006930433706266221,5.218718781274177e-4,531.1758964614914,90.96095099039303,-15788.169396737998
8,0.006931133337332766,6.25864364701955e-4,530.5086849849939,15.731996435306428,-634.7281077989919
9,0.00621517066585542,6.293725122010046e-4,530.5063905481644,-4.645220622023771,157.28580022141614
10,0.006384731563186633,6.288391792138102e-4,530.5055780045953,0.7001987574994928,-0.2838810610228393
11,0.006357534119809904,6.286709742144899e-4,530.505426241315,0.020271242533453915,-2.5949420808046852
12,0.006357279759975083,6.286961152686888e-4,530.5054473566771,-0.0015211196568998275,0.2750568097553696
13,0.0063575339786953065,6.286709881623278e-4,530.5054262530074,0.020259155348867353,-2.593349748281071
14,0.006357534119731564,6.286709742222331e-4,530.5054262413223,0.02027123684911203,-2.5949411980263903
15,0.006357534119809865,6.286709742144937e-4,530.5054262413163,0.020271243670322292,-2.594942080236251
16,0.006357534119809904,6.286709742144899e-4,530.505426241315,0.020271242533453915,-2.5949420808046852
17,0.006357534119809885,6.286709742144919e-4,530.5054262413149,0.02027124480719067,-2.594942079667817
18,0.0063575341198098744,6.286709742144928e-4,530.5054262413158,0.020271247080927424,-2.5949420813731194
19,0.006357534119809885,6.286709742144919e-4,530.5054262413149,0.02027124480719067,-2.594942079667817
20,0.00635753411980988,6.286709742144923e-4,530.5054262413156,0.02027124082815135,-2.5949420808046852
21,0.006357534119809885,6.286709742144919e-4,530.5054262413149,0.02027124480719067,-2.594942079667817
22,0.006357534119809882,6.286709742144921e-4,530.5054262413154,0.020271241396585538,-2.594942079667817
23,0.006357534119809885,6.286709742144919e-4,530.5054262413149,0.02027124480719067,-2.594942079667817
24,0.006357534119809883,6.28670974214492e-4,530.5054262413153,0.020271241965019726,-2.594942079667817
25,0.006357534119809885,6.286709742144919e-4,530.5054262413149,0.02027124480719067,-2.594942079667817
