step,par1,par2,fn,gr1,gr2
1,0.1,0.01,45332.9231167762,26548.093406345288,-901583.8644605901
2,1e-6,10,38937.9923687287,-126765.15923289116,1145.3566499403678
3,0.0666250073357493,3.344195109109737,33507.82158760115,3142.54217006237,464.0036889759358
4,0.05499058529865285,3.3422944266402683,33470.93148680587,3038.2387974168523,472.1948593578418
5,0.008452897150267022,3.3346916967623943,33362.548662115245,-548.7840532805421,508.8181609244202
6,0.015781369279055473,3.3338741868205712,33366.750080448415,1413.1920927684405,497.4310854959185
7,0.009983438986226143,3.334520960878395,33362.139949134296,92.91075824876316,505.82110343384556
8,0.009884719975859102,3.3320166754233176,33360.86559497234,62.02892320288811,505.7986528845504
9,0.009489843934390937,3.321999533603008,33355.79968946253,-68.26812168583274,505.84716074808966
10,0.00791033976851828,3.2819309663217693,33336.097859002,-741.0372959566303,508.0201857708744
11,0.001592323105027646,3.1216566971968147,33285.55331712849,-17562.520898645744,514.3044360738713
12,0.003378536426460102,2.3724528191907774,32887.54772536551,-4710.675476999313,342.992954501824
13,1e-6,0.9577422202926027,32728.03301624158,-1390473.3899334678,115.6793247355381
14,0.0030616335169313265,2.2397152707753762,32850.22807203145,-5708.809003263013,267.1573961924878
15,0.005097159113451239,1.7691654816586238,32694.739179765427,-960.2429582810146,311.73677434708225
16,0.01275029098208861,1.000000000139778e-6,142300.01249443222,100470.64930418856,-522620976.55091083
17,0.007657606285442932,1.1772702586827382,32501.23607151153,3899.77618757257,156.5286781260511
18,0.00828951890255442,1e-6,141832.7806581858,109140.91204904253,-522613474.7576125
19,0.007868468637633132,0.7844283398399328,32538.4675767868,5940.894689520064,-153.96307015180355
20,0.007700574860006697,1.0972187127038544,32497.406283859338,3742.9242446705757,-69.0422892330389
21,0.005348427087604417,1.124069282746283,32489.978578076596,1658.5158474117634,9.822649080888368
22,0.00357326902741666,1.1232726836539182,32489.671024823438,-1772.4650273521547,-2.335350563953398
23,0.004489411573146261,1.1236838010280679,32489.086488895347,333.31363350953325,4.757786991831381
24,0.004276336108530349,1.122541115456253,32489.05598567995,-82.82512675577891,0.1112085192289669
25,0.004319413812289861,1.12245387357603,32489.054325850964,2.8246413239685353,0.08771436114329845
26,0.004318075782248949,1.1224293880721645,32489.054320777163,0.037367153709055856,0.005350484570953995
