step,par1,par2,fn,gr1,gr2
1,0.1,0.01,5044.384890537558,176.3085399670672,249.55608004347596
2,1e-6,1e-6,11237.49856157065,123318.8434398653,-41322814.69734692
3,0.06711786584125859,0.006712082526292709,5074.875027249184,366.83188313418214,-28143.837817924577
4,0.09649125926371947,0.009649157505354364,5043.999597769014,181.03305437762174,-1659.4745018801405
5,0.09283864965363098,0.009612363602798926,5043.409511368653,176.36983361171588,-1761.379544968804
6,0.078228211213277,0.009465187992577171,5041.295803824776,149.0886553119708,-2067.812685008903
7,0.006231022420920815,0.009361127547264005,5075.67018391001,-3903.3420497162297,4250.615225550973
8,0.054222856045486406,0.009430492083048463,5038.984986305818,25.95882266177796,-845.9548826249375
9,0.05036025953814643,0.009527228971650535,5038.925881281903,-18.426054234623734,-31.684874088568904
10,0.05268977582592466,0.00957056591970911,5038.906822770511,1.781311075319536,21.36612961294304
11,0.05245905182824314,0.0095627769642313,5038.906504802922,0.137982551677851,-2.7176297408004757
12,0.05244009011729976,0.009563627825231524,5038.906507223233,-0.10634376849338878,3.1197760381473927
13,0.05245467786552334,0.0095629732352485,5038.906504509521,0.08164007795130601,-1.3709280892726383
