step,par1,par2,fn,gr1,gr2
1,0.1,0.01,3243.1991953540264,62.46196172924101,26132.394720684715
2,1e-6,1e-6,6228.094683878761,122802.86521016023,-22723124.795985267
3,0.06509750186661631,0.006510064312286087,3165.647376404871,-130.01935166812473,16259.960111185592
4,0.03419348616789186,0.0018243134116443576,3281.939665188799,787.3314472999482,-140515.75272222408
5,0.05521390938138892,0.005011487142227841,3151.3123515649168,-132.72727370804205,3001.9200993410777
6,0.05544319343421281,0.004771073964812598,3150.9608289746934,-114.63272197261176,-423.4151923333229
7,0.05729539558300675,0.004802903229686447,3150.7449625465524,-110.29868861442083,-82.8444284525176
8,0.06470420417818251,0.004930220289181843,3150.065642418827,-94.98080220737393,1305.1480293006534
9,0.08848068863700513,0.005048616394482749,3148.5699553653526,-51.88425960113818,1954.9780636134528
10,0.1123524463407097,0.005007641496164692,3147.616974321798,-26.22101523911624,696.5935532389267
11,0.13750529699214697,0.005000504711022503,3147.1435130721343,-12.616871415502828,130.6592930950501
12,0.16157353976326394,0.005016663949258792,3146.9323965339386,-5.737097446854023,106.28158362806062
13,0.16430646790675135,1.9412321868266408e-4,4251.54041024554,204.30530126304802,-2737296.606277
14,0.16239328545734558,0.0035701359796728458,3168.6211719453927,22.34978343722105,-34786.13789935025
15,0.16157717649087075,0.005010246558793695,3146.931934549022,-5.677166943769407,4.110026277430734
16,0.18148540612392353,0.0050214638514919216,3146.8555182484897,-2.2871100986776582,30.009699144102342
17,0.19478269781747598,0.005025985558586769,3146.836162183559,-0.7303951974790834,27.894759302853345
18,0.20094117465774256,0.005026385855801994,3146.833517160151,-0.14605800515710143,5.225647555562318
19,0.20248191205155283,0.005026514097830115,3146.8333978817095,-0.012279069778742269,0.4922306948174082
20,0.20262314446292465,0.00502652217324967,3146.8333971103925,-2.3084112399374135e-4,0.007497239948861534
