step,par1,par2,fn,gr1,gr2
1,0.1,0.01,642.6901442260806,1957.1379071788897,2768.185419735687
2,1e-6,1e-6,597.1659062352055,101929.69764458326,-1816066.7780162224
3,0.09727221318858918,0.009727245869185724,636.6067695302839,1945.6638618027,2808.454417069015
4,0.04863660659429459,0.004864122934592862,531.0005461884517,1493.4011655839186,6746.0294394351195
5,0.017019828851948693,0.0017027297142034915,452.09942779846716,428.3250596623134,28474.566477263746
6,0.007377387477731673,7.385723596219848e-4,420.64027282455095,-182.8602434432014,26679.44776742587
7,10,1e-6,661.5374911459649,1.138459992944263e-5,-2115236.96509671
8,3.8273320905750925,4.5661504838700697e-4,413.16474458071013,-0.0051007060619667755,-6890.370468719311
9,4.5906185120519085,0.004671536690701916,720.6068405744677,0.3591647646317142,88606.39312191722
10,3.845906255102678,5.591828995270346e-4,413.6894616978117,-0.004957897772328579,13159.475057778991
11,3.8317262997628667,4.808801825296714e-4,413.10490357199035,-0.005125210407186387,-1339.6464140456033
12,3.8328961671362407,4.8674054409283333e-4,413.10923535590905,-0.005121828223764169,-85.90640488591816
13,3.831908358241317,4.817921906201953e-4,413.10511432968804,-0.005121783317463269,-1142.438735174096
14,3.8317590872077494,4.8104442873921516e-4,413.10492881772495,-0.005128465829784545,-1304.0729316676902
15,3.831732355473008,4.809105181486979e-4,413.1049078136316,-0.005121218009662698,-1333.0742166075993
16,3.8317274234284504,4.808858114468859e-4,413.1049043447891,-0.0051249688226562284,-1338.4268471352812
17,3.83172650843828,4.8088122787327223e-4,413.10490371469746,-0.005120377579714841,-1339.4199274605967
18,3.8317263385322264,4.8088037674182756e-4,413.10490359874285,-0.005122346919961274,-1339.604336154423
19,3.8317263069576253,4.8088021857126595e-4,413.1049035762776,-0.005126829307755543,-1339.638605646769
20,3.8317263011204252,4.808801893302572e-4,413.1049035725972,-0.005121596018398122,-1339.644941737106
21,3.831726300026015,4.808801838478911e-4,413.1049035715727,-0.005125279756157397,-1339.6461285603323
22,3.8317263007483255,4.8088018746625274e-4,413.1049035723897,-0.005120106720823969,-1339.6453443212408
23,3.8317263001505038,4.8088018447150886e-4,413.10490357179225,-0.005127001827531785,-1339.6459937746386
24,3.8317263000454966,4.808801839454852e-4,413.1049035724167,-0.005122165021020919,-1339.6461075561206
25,3.831726300026015,4.808801838478911e-4,413.1049035715727,-0.005125279756157397,-1339.6461285603323
