step,par1,par2,fn,gr1,gr2
1,0.1,0.01,4392.843843120509,861.3425691191878,-8204.95845314781
2,1e-6,10,25365.49919312889,2416.086883858952,2239.1960884124273
3,0.07550086220036883,2.4574883410665644,8559.013203987468,2413.533817016287,2158.8890780731163
4,0.09357982397628126,0.6513819985894892,5133.406893406253,2385.7213366682117,1355.0119095134505
5,0.09820770336634323,0.18905222422455475,4771.84724727182,2660.5282194532265,126.73830293351784
6,0.09960394210078193,0.04956657979768369,4653.838752173351,2039.416384091055,4404.658289536201
7,0.09994211726430151,0.015782543121710495,4399.593899002463,836.9028079869167,6879.247602614669
8,0.09997838705206367,0.01215915509038996,4384.977979083627,828.8251286421655,144.70385694494325
9,0.09976425705338449,0.012123047321805112,4384.797007215101,829.513246908391,42.20691083901329
10,0.09890773705866773,0.011978616247465716,4384.109079587499,832.4102621418206,-376.57655660950695
11,0.09548165707980072,0.01140089195010813,4381.966391800509,846.483727609666,-2202.724755552481
12,0.08126892407677354,0.01038397467378407,4373.574278054064,909.4117387030565,-5874.991456448697
13,0.004436972126570571,0.007174586901523718,4298.016231371619,319.7913734265967,-6087.173345426891
14,1e-6,0.008192978934422564,4396.68075046547,-413517.3714463963,70.5034196289489
15,0.002969749279511554,0.007511425820998,4298.0867841071,-2853.2809755415656,-2822.497687179748
16,0.003704058191103788,0.0073428462348520684,4297.343392260128,-957.0833299767401,-4377.094736573781
17,0.045932339519894116,0.03889417448956065,4486.753074309213,2573.542148325032,3979.535299649797
18,0.00976968344327155,0.01187484534490623,4295.259383162794,651.9686773799549,2167.3143906537007
19,0.007599183577553599,0.010303363917484456,4291.927902838203,333.6083637623233,595.9425104219918
20,0.00635952779282979,0.009497728849674461,4291.5894520615,45.78268315526657,-394.93280279657483
21,0.006577142253483907,0.009698341292479614,4291.554229408677,84.01933728237054,-103.31104740998853
22,0.0065257159397002495,0.009713456862268951,4291.549494041161,52.75691863971588,-58.24899501931213
23,0.006431202529828361,0.009727633820062611,4291.546619324114,-1.240270648850128,-0.2970991727124783
24,0.006434075684878883,0.009728360837716618,4291.546619386137,0.024086716621241067,-0.02873599896702217
25,0.006432135661701758,0.009727869937965594,4291.546618924677,-0.8294699682664941,-0.2099906214425573
