step,par1,par2,fn,gr1,gr2
1,0.1,0.01,21218.86117364378,6367.5781343226845,-297516.1106369342
2,1e-6,10,30460.139458978618,2416.08800173708,1813.8493867081706
3,0.06677350240327298,3.3293603035160655,20101.63344500006,2411.5784076275304,1005.4396152008849
4,0.03992502291028382,3.3180931081768663,20025.560922392066,2413.3126357810397,1000.7654154469492
5,1.000000000001e-6,3.301338648581704,19912.44955811161,2415.9920688543934,993.8197853080055
6,1e-6,3.264499153835515,19876.120916837175,2415.989786859427,978.3856838475913
7,1e-6,0.9292006363094572,19504.856781706058,-456408.91911611106,1827.5869739409245
8,1e-6,1.000000000139778e-6,59007.07206694976,124538.12998566718,-218689092.92794225
9,1e-6,0.6099533978681153,19105.471303595215,6859.16341815755,-168.1137406376365
10,1e-6,0.9991952999561358,19593.26435722285,-597434.0714162099,654.0849488555978
11,1e-6,0.619673606557965,19104.432362515043,6864.6809470737935,-46.29779388778843
12,1e-6,0.6233679029984227,19104.34516830971,6850.954935725895,-0.9972498264687601
13,1e-6,0.6234492295378828,19104.345127528853,6850.583892046416,-0.005856982170371339
