step,par1,par2,fn,gr1,gr2
1,0.1,0.01,32943.60140747828,15315.942823253863,-555373.2685382055
2,1e-6,10,34301.74573229364,2416.054252826143,1493.117270147195
3,0.06663924015147293,3.342773236600221,27369.98314200015,2338.705030233541,154.26934127390268
4,0.05260443723071169,3.3416603183600264,27337.095181423196,2322.910093134851,149.9596447320073
5,1.000000000001e-6,3.337489021825154,27217.10170023379,2410.8820209585247,91.43585337369586
6,1e-6,3.3369403979498946,27217.051637633103,2410.8240346686216,91.06658731980133
7,1e-6,3.201641462358339,27211.06413535852,2155.3396376111777,-3.9088631274353247
8,1e-6,3.2072099015499917,27211.053712210585,2206.069374733488,0.16263169527519494
9,1e-6,3.206987475943393,27211.05369408502,2204.272413509898,7.174094207584858e-4
