step,par1,par2,fn,gr1,gr2
1,0.1,0.01,2914.667015325737,282.57391361194095,22919.55817797316
2,1e-6,1e-6,5544.429236648381,121984.89642644745,-20184705.425878808
3,0.06492520136587411,0.006492835812931881,2837.006974942572,100.99086169475413,15059.353157287205
4,0.01571153450806701,4.597246838198071e-4,3311.089178125445,4515.0363431093865,-817176.6712508701
5,0.04863248027238512,0.004495508581928078,2819.914628830663,90.93060431041522,-2311.5987769710955
6,0.04899121229823316,0.004675804013338415,2819.7625919444254,78.11774793708537,213.25842924397875
7,0.04795352542016134,0.0046442107053258,2819.681257204842,75.3273909526797,-133.42114066290378
8,0.03857626136034452,0.0045063741558355585,2819.2789653440104,24.28540813980362,-1138.5506983651794
9,0.03643101876404011,0.004544877302209537,2819.225784916744,-1.4772065992474381,-349.9126333485947
10,0.03699452948985101,0.004576350904171125,2819.220639310672,0.7354657850555668,5.957914911505213
11,0.03690804095594149,0.004575197144433935,2819.220588158259,-0.033738419915607665,0.6742949517501984
12,0.0369110235091443,0.00457516796361515,2819.2205876781645,9.291284186474513e-4,-0.0634161460766336
