step,par1,par2,fn,gr1,gr2
1,0.1,0.01,118641.19580880324,65379.91575925844,-3049009.268308
2,1e-6,10,59259.208626216394,-8874065.328814976,457.85000889736693
3,1.6454333828485201,10,59884.74856877475,2228.3908007011632,373.8448238436831
4,0.5485003314207054,10,57310.82920242497,2309.460482210852,434.4083889736794
5,0.18273001230053879,10,56602.34597923785,1047.7278041798854,487.36729120719247
6,0.1827084461436415,9.998367527302655,56601.527775555864,1047.7501462446526,487.35991222201847
7,0.18262218151605242,9.991837636513274,56598.255084837416,1047.8373122532503,487.327956216177
8,0.18227712300569604,9.965718073355752,56585.16646955824,1048.14853912103,487.1863924927311
9,0.18089688896427053,9.861239820725665,56532.858172308755,1048.80395490909,486.35878185450565
10,0.1753759527985685,9.443326810205313,56325.1816639618,1045.2064501441782,479.04996514262166
11,0.15329220813576033,7.7716747681239084,55555.45047543024,794.5945395840681,400.49535520665813
12,0.0507798042774409,1e-6,417510.3484950922,88163.63977006404,-1530254750.0408673
13,0.11889827895148107,5.164201065784406,54484.40415341815,611.5500088708359,394.40441338228993
14,0.08483904161446099,2.5821010328922025,53381.70486969414,378.2425415556645,521.7650367558235
15,0.06213497821353453,0.8608598238120937,52441.437474570725,-715.2829314145492,627.1740823285654
16,0.05456696207092064,0.2871131324987237,52887.19414613453,11000.682825433614,-8043.021698831581
17,0.06213497821353453,0.8608598238120937,52441.437474570725,-715.2829314145492,627.1740823285654
18,0.05602634959026024,1e-6,417966.54889467603,85764.077292406,-1530257788.6450086
19,0.06009709998817698,0.5736717231196605,52310.62349546168,761.9238201732514,117.27775465260493
20,0.05842014264544913,0.49971414736038694,52314.960977988776,1746.7656461667502,-355.9248021338135
21,0.05946846925102078,0.5459476992680993,52308.54073880727,1074.3250865925802,-14.990245290391613
22,0.058219756960038685,0.5410344688984366,52307.35101618115,987.7328982111067,-25.16373737307731
23,0.048008500519863426,0.5188647037464675,52303.80763867296,-370.75398809975013,4.591970355249941
24,0.05087119450748304,0.5257498062360217,52303.41935659753,77.70355037791887,-0.4276299659977667
25,0.050367283056249636,0.5244577354981816,52303.398708299115,5.34603252162924,-0.1437689206795767
26,0.050332354824468725,0.5243902631760882,52303.398620806736,-0.14017350622452796,0.02516469976399094
