step,par1,par2,fn,gr1,gr2
1,0.1,0.01,1334.0360395165521,1155.5672481426882,14364.563870151414
2,1e-6,1e-6,1939.6367052629178,104935.27364693591,-6802321.880355905
3,0.059571558264669935,0.005957519686081207,1225.1912845379793,813.4903515326641,19302.368826947713
4,0.020772355745609386,0.0020779486304897867,1138.9231449342083,374.6750405355215,1710.4260234827962
5,1e-6,8.014600915809625e-4,1132.483411162742,-3388.6080351749115,-8242.339045642666
6,0.018494407593788533,0.0019379589859215695,1138.0550107578663,365.7264568062146,-1524.8034911712693
7,0.007977450493207678,0.0017755169291785266,1135.2876715763186,186.56629607562536,-3469.1866963407847
8,1e-6,0.0019008996060527455,1134.327204183953,-23862.650139910784,1562.5298219322303
9,0.007897746912763896,0.0017767697982687329,1135.268785833994,181.73073387856675,-3395.1765973915826
10,0.003949373456381948,0.0018388347021607392,1135.0691407011764,-118.33486475097743,511.7786990467721
11,0.005939097199669566,0.0018633519813923169,1134.9285881090084,-0.39245993207259744,-327.8829704106556
12,0.006141362721579607,0.001881259190244386,1134.9268592013939,7.773709725142908,-67.46360369788817
13,0.00605130200447594,0.0018826845161969187,1134.9265738928946,-0.6014677705934446,5.117277593171821
14,0.006057801790542064,0.0018825877201098361,1134.9265660932026,0.0032659966109349625,-0.0017683930764178513
15,0.006057757999275796,0.0018825867272286125,1134.9265660337478,-3.639115675468929e-6,-9.047766980074812e-5
