step,par1,par2,fn,gr1,gr2
1,0.1,0.01,120780.61625792015,67897.20053558995,-3104663.397696422
2,1e-6,10,61870.84575136499,-8979270.573483082,502.223794683232
3,1.6538094150572005,10,62170.88332679602,2116.4544151179143,312.70344741642475
4,0.5513131645076155,10,59718.85513014805,2165.824629664712,405.0168640242191
5,0.18367798626882567,10,59081.06539336814,708.1471213678014,430.4849958134582
6,0.18366349047348252,9.998583686463142,59080.445457298905,708.0101013343665,430.4412663987023
7,0.1836055072921099,9.992918432315712,59077.96637189747,707.462922873674,430.2614701373386
8,0.1833735745666194,9.970257415725989,59068.06031580409,705.2881809067912,429.5677658956265
9,0.18244584366465744,9.879613349367098,59028.58485228339,696.864214114612,427.1796258035465
10,0.17873492005680958,9.517037083931534,58872.410308498766,666.8756683211541,420.6358968804125
11,0.16389122562541814,8.066732022189278,58278.5024825627,577.2165676899021,391.68993949715514
12,0.10451644789985237,2.2655117752202543,55924.36105988428,114.10687220632099,572.7168289013207
13,0.08132922297353505,9.999999992515995e-7,427569.4773170455,0,-1557866571.3535795
14,0.09676797916808015,1.5084466473720628,55413.22961920689,-534.7868055469007,816.6115456697298
15,0.08647710689084372,0.5029756561439029,54496.30343514494,-292.1234161112807,1.6790631343610585
16,0.08760659397801773,0.5293716454544509,54499.33165142723,-536.9436924956972,253.83568041434046
17,0.08652258218120484,0.5040384086905211,54496.29771554779,-303.3540683463798,13.020055266679265
18,0.09380523048299719,0.5112465000922904,54495.64438947304,99.35899292031536,-2.6911204622592777
19,0.09198187067017202,0.5093311721920216,54495.548516353614,8.507242127961945,-0.6488262442871928
20,0.09182197801082681,0.5092050984695834,54495.54789546143,-0.2589450014056638,0.02111155481543392
21,0.09182667034479967,0.5092086690773112,54495.54789490738,6.190384738147259e-4,-4.711182555183768e-5
