step,par1,par2,fn,gr1,gr2
1,0.1,0.01,5076.544001010674,231.47121560214146,-1258.1517999706193
2,1e-6,10,25515.038229271624,2416.0873911023373,2226.7112031477154
3,0.08941891841358388,1.0670606210891815,6200.256799451248,2408.8548516920127,1658.8989107958696
4,0.0981565962943422,0.1941578717739322,5466.02647376178,2397.1902329230943,-890.6128514718148
5,0.09987255860755882,0.02273152242009798,5225.970146584268,496.9466012198609,14629.09616539946
6,0.09999645952528922,0.010353696960576978,5076.427336148167,223.07075364551565,564.6462721597345
7,0.09995376069785307,0.010244369116300413,5076.385180453359,225.49517709194333,23.25901458334556
8,0.09989244399047702,0.010221612955956149,5076.372043304641,225.99068025556335,-90.50351409769064
9,0.09931005474546042,0.010115373513268753,5076.277339952297,228.2599115778794,-624.6690754733208
10,0.0979401537487549,0.009984926606134181,5076.086799202576,231.01798717107158,-1285.8826040474014
11,0.09353519561821222,0.009741614025851357,5075.519242858078,236.42606819976208,-2523.8838407540243
12,0.08163464197588882,0.00934443073914251,5074.034367631547,247.2733985814557,-4482.533747909656
13,0.0452107494257963,0.00854928871404226,5069.326307708721,266.2659929956135,-7042.552556918054
14,1e-6,0.007961069697836026,5150.659749514653,-232130.16921599774,1216.7363681146526
15,0.029262296965258238,0.008341785174750429,5066.91888867198,177.78010254005494,-5812.735619851992
16,0.012846622952515235,0.008485382780161465,5068.695770921242,-768.0293506609814,-481.4382827771624
17,0.022616328232241176,0.008399921392304275,5065.966660037626,1.451071352676081,-3848.0320813960134
18,0.030981115206094825,0.009269420812867524,5064.165847147757,42.77150269444974,-788.0399197802035
19,0.030180200124862073,0.009387238075991901,5064.090828025673,12.04195858008461,-123.7691860887935
20,0.02964701468027916,0.00939904378556224,5064.08691850411,-0.055339546634058934,1.4865871207803139
21,0.02964795630802269,0.009398759045752476,5064.086917437912,0.0020427978597581387,0.07212563104985747
