step,par1,par2,fn,gr1,gr2
1,0.1,0.01,38927.2122301965,20078.28003643226,-715827.2026953637
2,1e-6,10,36495.84434884362,2416.087295860052,1309.9338409665506
3,0.0666644110388849,3.3402586398017973,31492.01326200497,2067.810369826475,-352.21705116782687
4,0.05707097624241134,3.3417529244509137,31471.753493048822,2044.6014874869434,-357.28327467950294
5,0.01869723705651711,3.347730063047379,31393.845601328183,1872.7388635124953,-388.6043911188608
6,1.000000000001e-6,3.3506422108466287,31362.798582268366,429.6340062865056,-421.59200722380774
7,1e-6,3.3531540000081352,31361.742214620925,465.03645346092526,-419.5363824146625
8,1e-6,3.865789833900925,31244.002673944473,2359.1179415598162,-57.48226943978807
9,1e-6,3.947179521442906,31241.3150889805,2381.1115376884118,-8.90897135832347
10,1e-6,3.9621074432397383,31241.247002197455,2384.020520366903,-0.2239599052700214
11,1e-6,3.962492388725368,31241.24695880063,2384.0918303540093,-0.0018622631614562124
