step,par1,par2,fn,gr1,gr2
1,0.1,0.01,3121.066374243921,303.24305388603534,17729.867515686237
2,1e-6,1e-6,6078.929346889092,120504.43948690372,-22169297.447537627
3,0.06552002855960881,0.006552313178807072,3061.742058838317,188.47530075845498,9548.47580044543
4,0.021227652591384157,0.0023555405646161764,3110.511731482807,1622.4852922960054,-76733.7884609742
5,0.05077627252425145,0.005155318996244153,3051.840197135218,230.3544662299828,-795.1291993390441
6,0.04503083702195759,0.004911099187961981,3050.9102084707497,266.18119910608584,-3273.377978921417
7,0.019559911265596978,0.00424835570730261,3044.677949558562,626.4140081384539,-8453.179718833326
8,1.000000000001e-6,0.0037394405208637147,3082.0927055248003,-245236.5044871203,457.5096525832123
9,0.01223779650142446,0.004057837157996123,3040.9420856660486,841.0896382406463,-8234.385281903087
10,0.00420039471193278,0.003848707121326946,3035.3936822181236,564.1597314115643,-3918.4002704450904
11,1e-6,0.003840711357806067,3082.0574679428314,-243285.55696029525,-314.1259771132354
12,0.002821791565896483,0.0038460822228591923,3035.0796422629373,-240.5012824260666,-1999.2276736479653
13,0.004191703586654947,0.004244957864650782,3034.5591602231802,144.08459848709754,-541.8789323630335
14,0.0040665691525967815,0.004290852178143565,3034.531168819176,61.74405294132157,-141.86194502144645
15,0.0039311132824422276,0.004298560484416677,3034.526396479737,0.6354487004500697,6.683717301712022
16,0.0039274059781117384,0.004297267999173579,3034.52637409912,-0.0023159418560680933,1.4319569550025335
17,0.003926918120402562,0.004296976466652414,3034.5263704522363,0.0029111629373801406,-0.009233751825377112
