step,par1,par2,fn,gr1,gr2
1,0.1,0.01,2899.2374898791886,489.79901451048136,16027.762122596414
2,1e-6,1e-6,5681.160261309368,117560.44802049473,-20692396.30385753
3,0.06541664397970612,0.006541975651287326,2842.470801005318,371.9789458136802,5989.835673740345
4,0.02608349036731067,0.0036586069389837796,2843.7107861279956,737.7789689485326,-25383.95419452172
5,0.04580768851958606,0.005104515303921586,2833.5629283420794,389.6500508653844,-4809.2163882211025
6,0.037575546974941365,0.005023670831137319,2830.753075161529,389.5604742615433,-4943.95794366028
7,0.004646980796362582,0.004700292940000249,2819.5536410141012,-271.22118066245093,1159.8618160496699
8,0.023915110933513135,0.0050418765418082205,2825.4520287205137,376.07899351769447,-2818.797911220372
9,0.007081741563973752,0.004743456150266191,2819.642857674534,222.57371027535555,-11.899580106273788
10,0.005568237221657125,0.004716624887402561,2819.4497288165676,-9.280253771066782,689.1675866927471
11,0.005433191060756191,0.00464722067728114,2819.4129857420185,1.8201581428911595,364.3915790826213
12,0.005213790746572478,0.004561095014373103,2819.396417306166,4.21849278609443,-16.26566868935697
13,0.00520289266821865,0.004562275119624301,2819.396390960568,0.36278609513828997,-0.8558261788493837
14,0.005201509059895475,0.00456225103426387,2819.3963901534116,-0.0013262229003885295,5.281822268443648e-4
