step,par1,par2,fn,gr1,gr2
1,0.1,0.01,5620.256710447828,-189.34795848963404,3336.709648874603
2,10,1e-6,13851.45080953784,0.47370167521876283,-46189125.58260683
3,3.8011426433287303,0.006261845930237982,5706.87016731625,0.9889651664707344,-60148.754164297316
4,1.2453579593007575,0.008843188461106235,5614.702952215566,2.550423878346919,-13585.601540908101
5,1.9864161268918388,0.018348095368404725,5807.779544482243,9.425977023056475,40001.59361737133
6,1.3582340092251548,0.010290951124707279,5606.666072337875,2.0084241214135545,1348.4283050911472
7,1.3336132334536956,0.010144155409617987,5606.51381494454,2.030141799878038,36.3004504924902
8,1.311965608891275,0.010101642362889041,5606.476136681043,2.0547346730381832,-350.6238924637728
9,1.2280485497576692,0.01001987496563388,5606.358605300034,2.152615306840744,-1099.5251420399654
10,0.9527542721715779,0.009862735669418345,5606.010126169436,2.417722598693217,-2519.4434509239727
11,0.023700778302306325,0.00949934822816037,5648.192172006564,-765.8133469294626,5267.207021570357
12,0.6570346768475592,0.00974706871613335,5605.675460523094,1.8532009607952205,-3420.6940151671006
13,0.38987445131796367,0.009745350153839639,5605.85016045563,-5.933818661105761,-2829.488856432363
14,0.5401882632947621,0.009746317077897946,5605.5330106421,0.3807472921835142,-3258.2860586808238
15,0.5478172162847905,0.010074337848254612,5604.944599734304,0.0350852405972546,-381.40378820116894
16,0.5496916812555046,0.010117957510228252,5604.936149890747,0.02508782927179709,-15.832211988708877
17,0.5478012193543479,0.010119666258374826,5604.9361354754155,-0.017740694602252916,0.5943709447819856
18,0.5486616400948413,0.010119806081298886,5604.936128767135,8.203505785786547e-4,0.8096403234958416
