step,par1,par2,fn,gr1,gr2
1,0.1,0.01,5417.160913948272,-108.6359304463258,3981.875771596606
2,10,1e-6,13299.361567944637,0.42400868551339954,-44343097.40136235
3,3.6437777491322056,0.006420784473376472,5496.32554497391,0.9304944433097262,-50043.71357967557
4,1.1237561564206198,0.008966006282015174,5424.137795540522,4.139203510931111,-7960.213818992088
5,0.4203268400347522,0.0096764698915649,5415.562245418674,15.42262737530109,-982.129705043917
6,0.40221523290670563,0.010283062727967448,5416.135239472401,17.032934847520664,3695.3903699986768
7,0.4150349350241457,0.009853706049994254,5415.435869086869,15.796131428942317,468.51910587975
8,0.3691577516107312,0.00986589950055395,5414.688246327288,16.942362203735684,509.1327302352511
9,0.1856490179570734,0.009914673302792734,5412.803500802136,-10.997748800036788,1597.6308217250335
10,0.2766901684210247,0.00975455967330825,5413.153633575766,14.416185358641087,-282.45627245269134
11,0.2155926142933388,0.009862011645236944,5412.6159535220895,1.8455533290762105,893.9787801909915
12,0.20795411814584297,0.009734222043262084,5412.547684559334,0.5650344019159093,21.29581205736031
13,0.2063377454050929,0.009728529711977072,5412.547105434908,0.06516297162306728,-4.169531957813888
14,0.20616132585536537,0.009728788644227276,5412.547099973625,3.0529918149113655e-4,-0.29742750484729186
