step,par1,par2,fn,gr1,gr2
1,0.1,0.01,39643.872183807034,21387.875354084827,-753902.5776233393
2,1e-6,10,36909.65495748026,2416.0832621419104,1275.3851212619338
3,0.06666515095242334,3.340184721700126,31925.62560692014,1142.220521614945,43.627869272313546
4,0.061620694445711735,3.3399070607227896,31920.074272807145,1052.117813269433,39.847384177846834
5,0.04144286841886531,3.3387964168134436,31903.641157134658,512.6422213470505,18.734595287241973
6,0.020908409361116168,3.3376729629378388,31904.56177548796,-875.3382759641681,-20.92397129672463
7,0.03141619323624967,3.3382478507634854,31900.7038161619,33.949639000638854,2.7353369478078093
8,0.03070349107040015,3.338201768902614,31900.69516408337,-10.24265573505545,1.3901125748816412
9,0.030867135249199117,3.3382048109013853,31900.694336827604,0.04711318979389034,1.700250977592077
10,0.030866112141008366,3.3381972194075544,31900.69432391872,-0.03121460395050235,1.696795370662585
11,0.030862019708245363,3.338166853432231,31900.694273356417,-0.34456754292477854,1.6830002459755633
12,0.03084564997719335,3.3380453895309365,31900.694088086137,-1.598697854205966,1.6276575479423627
13,0.0307807124373722,3.33641631622463,31900.692137668302,-8.764325521042338,1.1797284241765738
14,0.030794813596841344,3.3331707714983105,31900.689137061167,-14.071224777580937,0.5736042658099905
15,0.030958064330376782,3.3283426615468423,31900.68559322526,-13.076569193799514,-0.013669814507011324
16,0.031198804341176202,3.3252277501095966,31900.68372368205,-4.035527163068764,-0.10152371032745577
17,0.03126773660498041,3.3248628716743718,31900.683593601152,-0.4578327752824407,-0.03166767783113755
18,0.03127108865533137,3.3249775644918516,31900.683590677556,-0.0288652881863527,-0.005454330676002428
