step,par1,par2,fn,gr1,gr2
1,0.1,0.01,22237.366061985987,8373.753867017513,-325977.693778168
2,1e-5,1,19295.83714789,-65880.91104065825,1357.3755398465437
3,0.1862557846006297,1,20301.006839853842,5010.938502346107,768.536370851507
4,0.05525161950570063,1,19593.215161781638,5701.36352604095,1248.3383857397712
5,0.0164806070424804,1,19371.384896265754,5675.447352950869,1326.9384436716791
6,0.0050266708695484216,1,19307.39290784603,5382.7939508300915,1352.786859497428
7,0.001635858539996253,1,19290.378480097363,4202.3226277160575,1356.9967596777133
8,0.0015383473074655136,0.9959861609015969,19284.565657346855,4088.674637805525,1337.5171257575857
9,0.0011483023773425558,0.9799308045079843,19262.253656801586,3430.0333280771156,1256.9609252750524
10,1.0000000000000026e-5,0.9330750477976744,19216.44525613538,-65885.091088021,1008.7715201552783
11,6.725511508947282e-4,0.9134651987370493,19189.10265235019,1553.6898091704643,900.7206091700937
12,7.528808442750297e-4,0.809659876535587,19124.351469281934,2059.1337281985034,319.37709427438676
13,7.744216076474824e-4,0.7529348179409925,19118.518443913974,1829.1471297561657,-116.00855736105586
14,7.500443202286519e-4,0.7681525906530713,19117.60411417484,1811.4658776903525,2.040267972915899
15,1e-5,0.7680515536438581,19126.278216612292,-66202.19789994735,-6.858394608570961
16,5.486822288708875e-4,0.7681250990246329,19117.369498341912,279.31124735914636,0.07740398359601386
17,5.119327166003393e-4,0.7681562323678118,19117.364093368644,-132.6517423876794,-0.027017104002879933
18,5.237667442379741e-4,0.7681453561689086,19117.36422769406,6.483798169938382,9.409632184542716e-4
19,5.153770348678818e-4,0.7681530668275823,19117.36396837449,-91.47750717602321,-0.018779155652737245
20,5.230292871106277e-4,0.7681460953246897,19117.364173290025,-1.9970052926510107,-3.0424416763707995e-4
21,5.169730379930183e-4,0.768151612805936,19117.36395652498,-72.59006073581986,-0.014891666069161147
