step,par1,par2,fn,gr1,gr2
1,0.1,0.01,2881.639324387127,364.3229681392768,19193.686343635363
2,1e-6,1e-6,5482.27719285088,121659.60722923955,-19953941.359364744
3,0.06513557214906074,0.006513870997894562,2812.0354174904237,176.27820341886036,13393.823916917427
4,0.030578071552458702,1e-6,5948.043180673877,2517.634109935898,-20203272.60247018
5,0.05365741398453909,0.004350642693521464,2795.911356020985,171.9475683512428,-4025.9890435982015
6,0.05228336246686376,0.004737641256458661,2795.1764628869446,160.56536020641943,1137.4134554830562
7,0.04831675543182809,0.004686376408752483,2794.4772862566474,168.7353841020922,658.0364491242108
8,0.0324503272916854,0.004481317017927773,2791.4443546621287,227.61857498835525,-961.2586671141798
9,1.000000000001e-6,0.004061938489355885,2828.2210624552968,-197138.33707529827,404.8770221425002
10,0.020405274177971194,0.004325645481011381,2788.324029988484,341.0490787450726,-1546.1443361732563
11,0.006945788068108805,0.004151693662862775,2782.685787926056,400.62567567474616,-296.46671824593795
12,0.0024834706051713937,0.004094022201300401,2783.6240328290937,-1787.33197749807,1377.1312352810128
13,0.006945788068108805,0.004151693662862775,2782.685787926056,400.62567567474616,-296.46671824593795
14,1e-6,0.004242269827289706,2828.267365584782,-194366.74263303302,206.57198130038523
15,0.004615236555733914,0.00418208946687005,2782.1864685524847,-72.09087604906017,853.2297317060511
16,0.004880613211019304,0.004122510117459136,2782.146481119933,45.23572296193379,350.20519431100183
17,0.004685916654288702,0.004059484210645822,2782.1286703517835,11.692440775732393,9.708441839393345
18,0.00464408607198679,0.00405512227100165,2782.128349359295,-0.9392106494487962,1.2324292424636951
19,0.004646757377102766,0.004055142203879524,2782.1283494142913,0.01734850002321764,-0.06592933686988545
20,0.00464494634528185,0.004055128690231871,2782.1283491010477,-0.6309796503956022,0.8142600722749194
