step,par1,par2,fn,gr1,gr2
1,0.1,0.01,3546.573531630027,162.08132473366277,17262.072367836936
2,1e-6,1e-6,7147.9341589531405,121349.7322040439,-26138459.25485586
3,0.06592421309134458,0.006592727994283486,3500.7496151380747,79.62799499637185,4612.7578871528385
4,0.050978502052933763,0.005233129907497204,3500.828893465066,146.92018866753642,-8303.957335276664
5,0.058360688201388976,0.005904680838593428,3498.733801533111,98.00604728297913,-952.4709690754207
6,0.05691484393656865,0.005884466388973383,3498.611796355863,99.02115877821416,-1084.6464127530453
7,0.05113146687728734,0.005803608590493201,3498.132784129504,104.0610216045934,-1580.9623330369504
8,0.027997958640162107,0.0054801773965724755,3496.0312708989686,147.87897130645433,-2614.5955965807843
9,9.999999999940612e-7,0.00508874996298482,3538.016434288015,-159865.3957298302,0
10,0.018272849192997494,0.005344209962352604,3494.8308818287965,158.2366263005497,-2062.597897888736
11,0.006279772463182828,0.005176533919197082,3494.7486229302435,-440.0817108194133,691.0086711536678
12,0.015500715603987712,0.005305452569085192,3494.4835403826814,141.62521774778725,-1687.9023148067063
13,0.010346837519315727,0.005233395839722708,3494.0893216840946,10.362857367454126,-605.3294233311135
14,0.010450501480604623,0.0055223199587155335,3494.2045034199637,-74.59333686711034,1342.5989370534808
15,0.010376604203527116,0.005316359223565868,3494.0649621719326,-17.49380744058726,-3.7038645405118586
16,0.020890002068827213,0.005804530335669137,3494.9892950526882,86.63695279665262,1276.0918075377958
17,0.010999996684943971,0.0053453053554281945,3494.0617040605407,5.636478215365059,-0.9309264783041726
18,0.010850059632836119,0.0053385599559826555,3494.061187895411,0.4563590619000024,-1.2824831242141954
19,0.010838543572556364,0.005338219450226944,3494.061182221163,-0.010586250027699862,0.005176000286155613
