step,par1,par2,fn,gr1,gr2
1,0.1,0.01,2895.8374221156823,358.55084150171024,17945.231941089332
2,1e-6,1e-6,5544.4285981693165,121707.49000709293,-20184707.68268132
3,0.06527641639056779,0.006527954154434417,2831.929236355239,179.339063961379,11600.286677501117
4,0.014509003142516672,6.325677918062665e-4,3179.086112668427,5001.944014104538,-543684.2963540949
5,0.0487958843384267,0.004614145715262495,2817.5547745452695,186.05918813364042,-1859.8258951260505
6,0.046449229156605334,0.00464960056477169,2817.056935815737,190.48146545628697,-1334.946909662449
7,0.03706260842931987,0.004791419962808468,2815.124268488128,213.90139244203965,673.1257798946899
8,1.000000000001e-6,0.0053513717442245845,2859.3335408021,-244827.628433336,883.3186787433078
9,0.02342051188570073,0.004997533960165554,2812.2431650679237,275.7424320793689,3259.579177533851
10,0.007941567198749722,0.005231400298385317,2808.7615131323028,209.0378782895641,5030.50693497471
11,1e-6,0.005028550350266179,2859.212476127974,-250194.5248820857,164.97189679512303
12,0.0052663441690081825,0.005163058977267143,2808.140679291267,-51.477747954322695,4691.891511770336
13,0.011940396095408435,1e-6,5925.25068519771,8957.22124294025,-20392703.295656774
14,0.007433951804917608,0.0034865184619202417,2808.704423381401,883.3185899493401,-8913.867246717473
15,0.006371547345694448,0.004308237342249592,2805.4788846334013,235.71107891712018,942.022502385953
16,0.003839068115307491,0.003969011540339916,2805.110438811416,-198.80581865209024,40.2025903122194
17,0.0049020447804271495,0.004000007227603517,2805.1073877454814,160.64294188709027,-520.6024665608311
18,0.004574609905915336,0.0040658540083106974,2805.067150655376,25.024684969139344,198.33519976373282
19,0.0043168765895053645,0.004010467950785627,2805.0610231378705,-23.466059899419633,-21.52979089942164
20,0.0044127515795675315,0.0040222542110174815,2805.060053998697,2.0286690050852485,-4.32512969155141
21,0.004407029710776931,0.004022391149315435,2805.0600476709938,-0.029875789095967775,0.7039910178718856
22,0.004406877501844471,0.004022275686272076,2805.0600460272717,-8.781307769822888e-4,-0.026398008685646346
