step,par1,par2,fn,gr1,gr2
1,0.1,0.01,328.80809820466425,2240.579754833618,2990.8142033667673
2,1e-6,1e-6,99.8679934172967,38683.78528048112,-170888.61482350877
3,1e-6,10,24350.954180674144,2416.087797282671,2323.899485381844
4,1e-6,3.2631373193124893,8206.350004271904,2415.9922883882246,2468.752701252015
5,1e-6,1.064532731242647,2729.208509672405,2415.5617748010627,2511.826617871975
6,1e-6,0.34738268098967395,925.7859983849652,2414.062104843424,2512.0293266076033
7,1e-6,0.11347957951059397,341.178720029912,2409.369419402765,2469.6886083251
8,1e-6,0.03717298722482412,156.2102859354675,2395.0337433919344,2326.6485734249895
9,1e-6,0.012258117734307274,101.74851625629138,2351.7724101948543,1889.766775383066
10,1e-6,0.004101975048842466,89.76918518283037,2221.249860210861,592.0420325326603
11,1e-6,0.0040878163113627014,89.76084491318377,2220.5200743992746,585.2893246517965
12,1e-6,0.0040311813614436415,89.72844934046044,2217.537174178261,557.8081745651531
13,1e-6,0.003804641561767402,89.61509628537685,2204.4822856776136,439.822094933362
14,1e-6,0.002945530467375533,89.47238680066772,2141.8389353755174,-142.54965280912302
15,1e-6,0.0031558188076062435,89.45928576726618,2155.998140828217,17.401359847681874
16,1e-6,0.00313294115888527,89.45907575610352,2154.177902877592,0.21912386692690689
17,1e-6,0.0031326494018136322,89.45907562524792,2154.1549010724734,-6.868125268510994e-4
