step,par1,par2,fn,gr1,gr2
1,0.1,0.01,3225.1142069575635,112.69161879681633,24577.304033014116
2,1e-6,1e-6,6215.664511895324,122823.33959383323,-22676971.47332637
3,0.06517703646991792,0.00651801705679766,3150.78464771343,-59.05049926468564,14875.480697955936
4,0.031542601075055,0.001986558795079985,3247.234665562062,876.6725103282624,-118872.70253565702
5,0.05444785699947869,0.0050725095469496065,3137.9143167926873,-59.60994619726989,2387.8490425522614
6,0.053542905921735856,0.004847360237785151,3137.7517030240174,-47.31310325269078,-600.6870303644973
7,0.054315548556975526,0.004910120523842296,3137.703767583909,-49.597291254031006,234.63055948241163
8,0.055446942384141246,0.004941461677563236,3137.661655476681,-48.52666245596993,592.9061071037722
9,0.06115320058381674,0.005025785379679231,3137.497149855668,-39.1499052443578,1399.1801153997585
10,0.06865885223734594,0.005069240516430538,3137.3201798758014,-26.123520328837913,1614.6723773886151
11,0.07855520990578241,0.005055293242227658,3137.123039073686,-10.876042558720656,1025.2582185012216
12,0.08488358897963257,0.0050121301368843225,3137.0549523035506,-2.4535183183616027,194.795423267351
13,0.08676856607397256,0.00500242650640881,3137.0512595474643,-0.3869005718115659,-7.0922168879405945
14,0.08722528404925675,0.005003830173364384,3137.0511779232643,-0.026376355890533887,-1.3544273883780988
15,0.08724727480583319,0.005004879274338686,3137.0511971777446,-0.04039744908368448,13.166304750029667
16,0.08722574262073408,0.0050038520501825825,3137.0511781724917,-0.02666909040272003,-1.0515549251977063
17,0.08722529537055948,0.00500383071346357,3137.051177929355,-0.02638357500472921,-1.346949900380423
18,0.08722528432918814,0.005003830186718917,3137.051177923405,-0.02637662873894442,-1.3542424881052284
19,0.08722528405660926,0.005003830173715146,3137.0511779232634,-0.026376462756161345,-1.354422627173335
20,0.08722528405914431,0.005003830173836085,3137.05117792328,-0.02637648094605538,-1.354420840016246
21,0.08722528405661499,0.0050038301737154196,3137.051177923261,-0.026376483219792135,-1.3544226158046513
22,0.08722528405662001,0.00500383017371566,3137.051177923264,-0.026376458208687836,-1.3544226203521248
23,0.08722528405661499,0.0050038301737154196,3137.051177923261,-0.026376483219792135,-1.3544226158046513
