step,par1,par2,fn,gr1,gr2
1,0.1,0.01,24040.330857995326,9631.915881727764,-364668.10034626175
2,1e-6,10,31421.83015692941,2416.0881539501133,1733.5586808985681
3,0.06672377609567892,3.3343280113217886,21921.298356310115,2413.880392559804,830.4337952540664
4,0.044703749536526706,3.326559852025239,21861.616165574207,2415.7927627675235,840.2846053468238
5,1.000000000001e-6,3.3107897493661587,21747.56820335648,1471.6468590631848,766.3148140636622
6,1e-6,3.2976536096747373,21737.543279176843,0.5483981294673868,759.9888905861008
7,1e-6,1.719493477647439,21017.018645007916,-826363.7969060437,296.6504708274442
8,0.0018499486739210309,1e-6,68505.20360889469,118669.91230774147,-253120345.26592237
9,6.362692119269026e-4,1.128703345613747,20573.690336465344,-20442.511810360884,595.4008450862602
10,0.001065247458835173,1e-6,68411.01498920207,121358.8907301164,-253119631.3067501
11,7.807427659184069e-4,0.7485730232847586,20492.24427785213,-23522.130428300443,15.720404244348174
12,0.0010433276474031837,0.7310068114801506,20487.622323565687,-15381.819858866947,-65.38437537528807
13,0.0017474352948726878,0.7660377600868683,20479.09840839787,-7710.235366503184,6.248074842005735
14,0.00232037804374352,0.7774094357303624,20476.110467055405,-4265.760531052365,59.022868481406476
15,0.0030132600635306124,0.7657795080698218,20473.763311647912,-1786.3641821713827,0.15596031516906805
16,0.003517663291505655,0.7659674250565887,20473.176195169766,-606.9210102577927,0.04692856236943044
17,0.0037772220812070873,0.766065966970866,20473.08349566308,-122.27676344991778,0.08062661436269991
18,0.0038426930194413,0.7660644855923774,20473.07927405368,-10.305875748599647,-0.016728426999179646
19,0.0038487227450237425,0.7660690375149181,20473.079251115167,-0.1912127663672436,-0.005791534931631759
