step,par1,par2,fn,gr1,gr2
1,0.1,0.01,3002.4966129237623,667.2589211029845,9416.117858113466
2,1e-6,1e-6,5991.919812780684,121442.10077291973,-21846215.84766986
3,0.06589456487115011,0.00658976343910069,2965.0086118664526,548.9853881931595,-1381.225209204331
4,0.037977203247933355,0.005597741996328735,2952.724286708323,698.5622901765964,-7745.2923718874445
5,1e-6,0.004862257710644314,2970.3373654379398,-505001.2000422521,-45.27750061924962
6,0.020189057775380048,0.0052532393776462474,2940.168695471177,1155.6751820785394,-8593.05740679929
7,0.006777069276809773,0.004993489693980452,2917.628536481464,3014.9727469597565,-5423.4826611718745
8,0.002338308842202673,0.004907524319130903,2902.928614637542,3090.3423454560652,-1613.617626087489
9,1e-6,0.005111631289285113,2970.402144190602,-503531.9906041832,557.2049218676511
10,0.0015523168105922736,0.004976161569476546,2900.966632448934,1377.430339368857,-397.7145836256568
11,1e-6,0.0036491355884295247,2971.652446257703,-513106.66952287644,-1712.70063457996
12,0.001082561705108506,0.004574324094726017,2901.011012965006,-893.113439847184,-916.2345577601627
13,0.0013256733535188293,0.0047822864345478215,2900.8344266660374,584.2563858868743,-651.6646596105602
14,7.918257698750374e-4,0.006425749952140945,2903.960404602928,-6242.977972190147,2218.7359454414946
15,0.0012522781001946574,0.005008235609740243,2900.7508405004637,-141.32411273294565,35.626518094886706
16,0.0012798280379897325,0.005010516151408424,2900.749932189697,29.225124837921612,10.202603646121133
17,0.0012739078434513976,0.0050033863747930805,2900.74966841586,0.7954454099490249,-0.17017854133882793
18,0.0012737805354820458,0.005003398277884074,2900.7496658841455,-0.005953754680376733,0.001875882844615262
