step,par1,par2,fn,gr1,gr2
1,0.1,0.01,335.8822784120034,2225.6708072970355,3057.4279453153963
2,1e-6,1e-6,112.33341383628945,49095.87869687186,-202629.9443164504
3,1e-6,10,24352.243310296053,2416.0877976828488,2323.791857015749
4,1e-6,3.273942761167735,8235.483558177904,2415.9928644439788,2468.2110435787763
5,1e-6,1.071655744754709,2750.69366729971,2415.566381168901,2510.7790687025044
6,1e-6,0.350885763628129,939.3023925221005,2414.0846779175718,2509.324115813456
7,1e-6,0.11500533497294751,350.78129064915674,2409.4620001062594,2461.8867949243395
8,1e-6,0.03779356029253913,164.60246669689803,2395.3643100065847,2303.700745559354
9,1e-6,0.012499231755078487,110.25960460191844,2350.9407798512425,1822.3370344048817
10,1e-6,0.00418644516443059,98.96862637638681,2175.8821667405923,392.59469829467264
11,1e-6,0.004178351562658429,98.96546242780549,2175.230085043438,388.43495288816143
12,1e-6,0.004145977155569783,98.95314507312229,2172.5861857252935,371.6360623203485
13,1e-6,0.0040164795272152,98.90943920007153,2161.413677608266,301.7884095527279
14,1e-6,0.0034516105071893304,98.83605465631028,2100.265420561271,-58.65217500335973
15,1e-6,0.0035435280049298744,98.83371377806125,2111.489892555767,6.413273175596146
16,1e-6,0.003534468019344191,98.8336798448816,2110.3978704546475,0.10413031844791476
17,1e-6,0.0035343184872753297,98.83367976493344,2110.37981536748,-1.9770837411670072e-4
