step,par1,par2,fn,gr1,gr2
1,0.1,0.01,5186.75190021589,-171.7592378918198,7928.884392363216
2,10,1e-6,12607.074836652519,0.5524169137061108,-42035571.798026085
3,3.8146985197606553,0.006248154495041738,5247.905144591553,1.5654116623409209,-46284.09338693018
4,1.283899086334272,0.008804261922802386,5182.223600596521,5.3900210059509845,-4557.398650072173
5,1.5912483593781321,0.014112278068227936,5270.545635420732,9.219208086506114,31123.612617111576
6,1.3089586477611859,0.009237048229189256,5181.388946522622,5.3153819681028835,-3.589810808080074
7,1.2699887426430785,0.009207500173719201,5181.183193256718,5.474254799082701,-306.20461799571785
8,1.114109122170649,0.009089307951838982,5180.383596957903,6.189311297930544,-1527.1797716604851
9,0.4905906402809308,0.008616539064318108,5177.23109461976,9.616237034606456,-6267.88857097381
10,9.999999999177334e-7,0.00824456048597357,5197.275161403735,60775.936540903785,0
11,0.4905710513961964,0.008616524211486135,5177.230999273399,9.616187385290687,-6268.010394524026
12,0.4902904184799618,0.008616311427879131,5177.229633635083,9.615467633921071,-6269.755095627261
13,0.2451457092399809,0.00843043595692635,5176.939829060332,-3.229906765227497,-6921.7392950622525
14,0.4009492081224806,0.008548570461320347,5176.841993155666,8.670999436617421,-6757.152812970162
15,1e-6,0.008491318485201044,5197.949370886459,57166.146785584715,3838.745622156239
16,0.4009222629668534,0.008548566613782498,5176.841785502019,8.670353859088209,-6757.096804017237
17,0.20046163148342672,0.00851994254949177,5176.800080849572,-16.57370204156905,-5360.70635037504
18,0.3392464872134153,0.008539759840316392,5176.428931970952,6.28011955996044,-6572.152728281253
19,0.3742111701949023,0.010773229491251007,5183.422817277606,6.2488885851053055,11005.261153541142
20,0.35004371873983775,0.009229464046733691,5174.281995510308,4.133908378207707,-22.881768127263058
21,0.23579353565337174,0.009187618452580261,5174.596085228376,-13.591263623311534,239.8007394231172
22,0.3105519620320871,0.009214999684586037,5174.185805729345,0.4648812637242372,-10.774471852528222
23,0.30558786213632416,0.009214150179117584,5174.184970147017,-0.13425308679870795,3.708912454385427
24,0.3066983593839867,0.009214291172025333,5174.184898305113,0.0030807814255240373,-0.05133340437168954
25,0.30667331774183104,0.009214284495882567,5174.184898239705,1.9435901776887476e-5,0.0028670092433458194
