step,par1,par2,fn,gr1,gr2
1,0.1,0.01,37827.91017542749,19922.407636695425,-708294.6418672145
2,1e-6,10,36268.95753538446,2416.0861243581166,1328.8764243770856
3,0.06667162513965211,3.3395379439281947,30740.144140366523,1238.85492394038,72.34119904751424
4,0.060847494099442956,3.3391025916143473,30733.198406023665,1132.7644601260545,69.70017950152396
5,0.03755096993860635,3.3373611823589577,30713.75392418551,427.3096040196833,53.82687064411584
6,0.022104605751672883,3.3359957890313856,30714.468428369077,-693.1551711750217,30.463694347417913
7,0.030234226624340887,3.3367144131659003,30712.00093965671,17.715634967316873,45.09775284532225
8,0.029851799614562236,3.336468249216344,30711.988158649652,-8.6530547014263,44.494329358713
9,0.02957641934889832,3.3358346622659174,30711.9652731209,-28.65966580429813,43.93439994601067
10,0.028695552716087373,3.3316898542083253,30711.84360356081,-98.08747339775437,41.570683370082406
11,0.027792994257668104,3.3218587829949855,30711.579836726854,-181.97539005996077,37.73115300646168
12,0.026733143224824615,3.2911817161735595,30710.824581458564,-317.44646383231157,28.78500423321384
13,0.0268505766242599,3.2283052339321023,30709.422045229818,-404.25405313726515,14.28224672054057
14,0.030021782078573103,3.144129858345745,30708.036661354672,-247.5123952171998,-7.682047780690482
15,0.032203087787889946,3.1534007262439445,30707.652598225202,-69.48551672394387,-1.6072460130089894
16,0.03310150464018626,3.154475225834367,30707.618022838156,-5.914065895922249,-0.18330241800867952
17,0.03318213506253275,3.154745223825492,30707.617753918177,-0.1705029899312649,0.003178483893861994
18,0.03318506275915766,3.1547241714503147,30707.617753666702,0.002571141521912068,-8.724964573048055e-4
