step,par1,par2,fn,gr1,gr2
1,0.1,0.01,4015.585269198853,367.46373327105175,7160.15666992007
2,1e-6,1e-6,8502.836731975414,122796.09173254357,-31169137.56315449
3,0.06659583882023248,0.00665988452248027,4002.8433271062045,458.4234441199442,-10530.628194910605
4,0.07030332477235467,0.00780158036075787,3997.655459259888,412.85277705810586,-2040.251053990687
5,0.06086476723094444,0.007844991730684547,3993.4816142506543,456.8175144095221,-1667.5267265782168
6,0.02311053706530352,0.008018637210391252,3968.1003750337295,1114.9234041249656,98.88009290307309
7,1.000000000001e-6,0.008124926403202195,3961.35379851585,-287372.9595913073,884.3476002948591
8,0.023021262843234788,0.008019047815111532,3968.0006886787687,1119.3102984384495,102.47027071272896
9,0.007673939157852777,0.008089635756432808,3941.0994118273547,2791.6016839253643,433.9758693276963
10,0.0026193031107023673,0.008112883871870454,3924.2995597028025,3606.768853746871,622.6901721242939
11,1e-6,0.007976691890760352,3961.2213276153784,-288286.0135815008,881.8652549803119
12,0.0016627875097654818,0.008063130367731902,3921.1689845139454,2555.3591514244545,727.727724995475
13,1e-6,0.007673594253878495,3960.969303064118,-290153.58245516836,788.5143500084268
14,0.0011228756472149684,0.00793657076397669,3920.1837548381645,314.75228225417595,805.0406829215717
15,9.949171992974478e-4,0.007744100355648372,3920.047806082918,-614.7451116567026,737.1762448065056
16,9.59286489601608e-4,0.007300508225130047,3919.8213508579934,-649.4639874335917,346.5353885667355
17,0.0010036970877899756,0.006962291183949004,3919.772732051415,38.082075402599,-161.31278670400206
18,0.0010115007468589694,0.007083617515796776,3919.765006715715,-2.656846263562329,19.5258429266687
19,0.00101044075829256,0.007070393302739273,3919.7648080028202,-0.2896935257012956,0.9492678486822115
20,0.0010104100469729635,0.007069730158602792,3919.764805176453,0.019072929262620164,-0.007373241714958567
