step,par1,par2,fn,gr1,gr2
1,0.1,0.01,48589.770583388425,29149.683945906872,-962953.7456246908
2,1e-6,10,39936.53130973062,2416.047592560062,1022.6740689540748
3,0.06663973874277984,3.3427234268305615,35679.26036430024,3103.576130597503,-254.2173500478384
4,0.05591921288987389,3.343420990542431,35645.99835395878,3066.406310936145,-255.07896822091425
5,0.013037109478250097,3.346211245389908,35521.89047389036,2434.5587440257077,-280.28383505443344
6,1e-6,3.3482440931931845,35514.057244185446,-89308.74046338431,-395.54891434818273
7,0.012684895422124056,3.346266169565827,35521.02088832655,2415.5797774437815,-280.9823491043062
8,0.0063429477110620285,3.3472551313795056,35506.971227883834,1815.5790658056503,-300.6981667567743
9,1e-6,3.3495831229488333,35513.52853222521,-89301.0078460793,-394.14470662450185
10,0.0032342997160609123,3.348396248691423,35502.07417091316,963.1219621951459,-322.837465282646
11,1e-6,3.351156393726867,35512.90973218636,-89292.26976964856,-392.49652891157893
12,0.001986510158769536,3.349461439194713,35500.94869430273,195.34349816240137,-341.6019606447662
13,0.0011315145295792057,3.352063613594637,35500.223771852085,-753.2170841295738,-362.22973561962135
14,7.042879572482709e-4,3.35723444060783,35498.803756099995,-1619.6198438774445,-371.7425564536825
15,1e-6,3.3841262661772156,35500.53450796856,-89167.18703956576,-358.31657602102496
16,3.420464295894214e-4,3.3710855749481707,35494.528353041285,-3915.586786097265,-368.30353801633464
17,1e-6,3.459644381558772,35476.35745090673,-89053.61541335878,-282.55488319700817
18,0.0019477273464754848,5.3301324326197035,36154.395355059685,2043.3651277198805,788.9733075353433
19,3.831181830810953e-4,3.8267977463277725,35423.64605253494,-2042.7134902274702,42.19605863909237
20,3.8811453189481775e-4,3.780157069398576,35422.543495739876,-1973.5385127205518,4.521981536527164
21,3.9686885430651055e-4,3.7743131787552433,35422.51530971371,-1852.638340969861,-0.2644554479047656
22,4.125850967472054e-4,3.7716445865930206,35422.49308635042,-1648.7426268213312,-2.453925881127361
23,4.702589158753801e-4,3.7681715700951726,35422.43498997971,-1023.2772545350599,-5.303790967445821
24,5.606646406104145e-4,3.7737681495906275,35422.36442197019,-311.3049650346511,-0.6938508522580378
25,6.012582473489469e-4,3.774446123540299,35422.358058271675,-63.790970416448545,-0.1323394462815486
26,6.117235068861264e-4,3.774604499791512,35422.35800508369,-5.473612000059802,-9.045834303833544e-4
