step,par1,par2,fn,gr1,gr2
1,0.1,0.01,868.3941148830411,1669.3269062773197,5685.990112600621
2,1e-6,1e-6,994.9419263355202,110184.32961562098,-3292716.7497159382
3,0.050979346708126275,0.005098375861104156,756.537373850933,1111.2300147908627,13322.784627698638
4,0.01785299281410302,0.0017860386118682785,664.3368082576835,218.31262094224257,25617.763756769134
5,0.007211085535276232,7.219436621088912e-4,646.9066935282358,10.644580931398195,-8368.397059833227
6,0.0021148440220618223,0.006777547862341205,668.8499323128179,6828.0481353320965,-447.4280170467182
7,0.006477783910074681,0.0015932886307673398,657.9755728995357,128.68606422387074,19187.198194203458
8,0.007117963795945132,8.325954815652793e-4,646.6264855283217,-75.0150429189489,1551.4386602092145
9,0.0093065239794357,8.33484226151452e-4,646.5334313464265,-14.229183566953907,518.458657438714
10,0.009749937380295698,8.298758478248656e-4,646.5271573469236,-2.737009156703607,62.68564560457435
11,0.00986583732211974,8.296391560616932e-4,646.5268840755056,-0.1556427014293149,0.42364199430267035
12,0.009873610005924804,8.29670072070166e-4,646.5268965141612,-0.0018425606640448677,-0.02437218597606261
13,0.009865956185676652,8.296396288439168e-4,646.5268842568396,-0.15328930032865173,0.4167545029076791
14,0.009865839167592766,8.296391634020998e-4,646.5268840783184,-0.1556061914698148,0.4235351400438958
15,0.0098658373507833335,8.296391561757032e-4,646.5268840755585,-0.15564217449082207,0.423640356643773
16,0.00986583732249191,8.296391560631735e-4,646.5268840755077,-0.15564269858714397,0.4236420915049166
17,0.00986583732212135,0.00082963915606169955,646.526884075506,-0.1556427122295645,0.423641993165802
18,0.00986583732211974,8.296391560616932e-4,646.5268840755056,-0.1556427014293149,0.42364199430267035
19,0.009865837322120544,8.296391560616964e-4,646.5268840755052,-0.15564271450330125,0.4236419925973678
20,0.009865837322120947,8.296391560616979e-4,646.526884075505,-0.15564270427148585,0.42364198975519685
21,0.009865837322121148,8.296391560616988e-4,646.5268840755042,-0.1556427116611303,0.4236419925973678
22,0.009865837322121249,8.296391560616991e-4,646.5268840755033,-0.15564270086088072,0.4236419925973678
