step,par1,par2,fn,gr1,gr2
1,0.1,0.01,5472.082616526658,-41.258727546846785,1171.0912967055265
2,10,1e-6,13546.839983378763,0.5524798325495794,-45173816.758477025
3,3.4604274525395247,0.00660596827293508,5574.2441318477395,1.839853289311577,-48590.76268935951
4,0.748087074497198,0.009345432054757831,5493.283371756363,16.202235374294105,-6075.054019584059
5,0.1972387926864222,0.009901788819386715,5473.427900258779,41.05016238554526,-1477.9482588664905
6,0.12882507381139777,0.009970886675450489,5471.580037814925,2.596230101516994,132.95969017690368
7,0.12198185355293974,0.009750159835542605,5471.679980463742,1.1404588440200314,-1167.2597120605133
8,0.12772072610352966,0.009935266138552534,5471.576138591783,2.3368517076960416,-73.56464440817945
9,0.1261691796478073,0.00993740706268108,5471.573744825449,0.6189928853927995,-19.530847557689412
10,0.125610358892962,0.009938188705262047,5471.573570591522,-0.01491312104917597,0.1704961232462665
11,0.12562467086321621,0.009938219434908033,5471.5735705877705,9.63018464972265e-5,-0.0013635326467920095
