step,par1,par2,fn,gr1,gr2
1,0.1,0.01,264.41584665219096,2281.5827341489126,3333.9105983293393
2,1e-6,1e-6,-1.7913906724654214,1442.0351132883268,52582.716684352556
