step,par1,par2,fn,gr1,gr2
1,0.1,0.01,320.8460330718923,2247.9664447462255,2982.865568866089
2,1e-6,1e-6,87.42586335329165,35598.32096785513,-140489.82589203902
3,1e-6,10,24349.665051052205,2416.0877973918105,2324.0071135296603
4,1e-6,3.2483434088924747,8167.358304322967,2415.9914752181066,2469.3812600844467
5,1e-6,1.054818679264167,2701.1980601607765,2415.555385805419,2512.9266146336704
6,1e-6,0.3426235262118989,909.0911955660607,2414.030633351558,2514.7407813619793
7,1e-6,0.111414049195325,330.2133042825333,2409.2394774572767,2477.410847634758
8,1e-6,0.03633529556667668,147.27673767644814,2394.272889976037,2349.235315179783
9,1e-6,0.011933122181243093,93.0369334633997,2341.4506403457835,1955.8115455038205
10,1e-6,0.003979429701071703,80.50155575684532,2046.3104010131872,783.4007729330494
11,1e-6,0.003957368161341527,80.484372479993,2042.5388987509052,773.5976384908128
12,1e-6,0.003869122002420824,80.41783727766624,2026.7302245615326,733.2740178103592
13,1e-6,0.0035161373667380114,80.18982962925598,1949.5155697561017,552.035805976061
14,1e-6,0.002410723869827844,79.9896872923156,1477.9254530395747,-193.98587370091036
15,1e-6,0.0026981613650649077,79.95639215129108,1629.1765802594682,-14.269234658925711
16,1e-6,0.00272098347597893,79.95625688178659,1641.463112283077,3.233074988742146
17,1e-6,0.0027167677126041655,79.95625150456115,1639.2036988160896,-0.010004489823245422
18,1e-6,0.0027167807177007285,79.95625149995496,1639.2106762279468,-6.2588867422164185e-6
