step,par1,par2,fn,gr1,gr2
1,0.1,0.01,5802.130273749448,-109.88704887040512,-298.0826725843144
2,10,10,48630.5862617613,2172.7377217030153,2218.9752443227917
3,0.3201824959604359,0.23218415501462167,6672.730489583777,2228.7590929090584,-1308.488436402513
4,0.10390507038603165,0.01394057102590466,5838.498135147736,-162.69551961158868,16067.235646378322
5,0.1000634542182505,0.010064031074780037,5802.118408025295,-112.59418911777175,139.92570236950996
6,0.10009189447652007,0.01006006305682962,5802.11469704541,-112.35701028908807,111.59276081343705
7,0.10020565550959838,0.010044190985027951,5802.101046775723,-111.40724453071016,-2.085350211018522
8,0.10196122084819359,0.009947599054489529,5801.948540294129,-103.38018672882754,-753.9756903997841
9,0.1063440583044048,0.009849870155102212,5801.641061523568,-90.60674748525344,-1655.3456677047507
10,0.11859783769159708,0.009762429224150892,5800.871126134085,-68.0892462742122,-2830.204214956211
11,0.14660733290419162,0.00979973493327343,5799.252324783021,-41.53812920321798,-3504.7632152827646
12,0.20476362038308077,0.010170206143404832,5796.528847526433,-19.956562750849116,-1891.485042046952
13,0.26201705039941264,0.01055806340122808,5795.406412471073,-9.228962353518,312.9351406823844
14,0.28578809139023004,0.010627020017166906,5795.265695355315,-5.516284954865114,637.6691734340056
15,0.3185177181078256,0.01052121583766997,5795.150154554588,-0.7764548035993357,-307.30734330973064
16,0.3257812003141255,0.010565162958740852,5795.1394553369955,-0.2552856358306599,-15.739434088573034
17,0.32824679021527803,0.010569487769569487,5795.139083487321,-0.04007087682111887,5.613375496977824
18,0.32863410822121153,0.01056907400719284,5795.13907269283,-0.002226383912784513,0.9524163988317014
