step,par1,par2,fn,gr1,gr2
1,0.1,0.01,27461.806706136063,12283.0075415186,-445352.32321986766
2,1e-6,10,32591.070724019697,2416.080486655119,1635.9400131113944
3,0.06668351351546321,3.338350283308058,23921.52020534839,2605.923246428574,797.2007934222347
4,0.04718295179432283,3.332174658968457,23866.038718256223,2575.428655327414,795.2232090792677
5,1.000000000001e-6,3.3172326273461046,23790.664799711067,-271178.86455729604,770.6161441274162
6,0.046695681979335296,3.332020345704438,23864.661366716886,2574.2494901714963,795.1640236933599
7,0.02334834098966765,3.3246264865252715,23799.773997369844,2452.0881280841422,791.9868700082588
8,0.007799845949856436,3.3197024404498228,23760.307437170082,1943.4804849515785,789.6688190157874
9,1e-6,3.305193296954392,23781.369291680712,-272762.36698140565,772.8355149265553
10,0.0041466895107708755,3.3129060283490137,23748.831550000075,1266.506578267581,786.0827640070056
11,1e-6,3.133865486483291,23655.72027896271,-274187.8647098929,684.8661680669466
12,0.003624967365579876,3.2903743323945394,23730.647845856536,1058.6927516123978,773.8769190109451
13,0.0018129836827899377,3.2121199094389152,23671.016631683113,-596.2618865669356,730.3565776419418
14,0.025165936939430776,1.135547700272383,22774.556996820298,4068.2215896413254,-179.78784129809355
15,0.014533945924078424,1.5956446566253064,22776.688624503542,3276.212970231427,370.6198126383242
16,0.019909788363466845,1.3630063162971457,22737.630220540545,3598.0051686419756,65.92730478587328
17,0.011431632823397353,1.3627187812500707,22709.25826374714,2972.116972814547,64.13227563825785
18,1e-6,1.3071003863644501,22806.38445480775,-660097.5813436161,-217.20042926972383
19,0.006879993300114671,1.3405717235766976,22696.851525808364,1956.6343089900329,6.8890566581103485
20,1e-6,1.3654439351059726,22796.773748691612,-607454.6032751459,-96.22545165257179
21,0.004444717652332165,1.349376891484439,22693.640053776362,597.2850543730601,24.75669230989297
22,0.0032888807809414266,1.3306492276214406,22693.67541228986,-808.7313843861921,-24.3761352612637
23,0.003873964520119149,1.340129156727563,22693.34205273339,8.10397583336453,0.5393370156525634
24,0.0038674894957591824,1.3398897394439775,22693.34196359089,0.11915402865270153,-0.07045542588457465
25,0.003867071230159498,1.3399216134004261,22693.34196221534,-0.29211780201876536,0.0078646007750649
