step,par1,par2,fn,gr1,gr2
1,0.1,0.01,5686.238719392834,-160.7796948428586,1918.216349731665
2,10,1e-6,14058.210134179646,0.515529973199591,-46881387.279770024
3,3.735268890746807,0.006328378420345724,5777.920666248991,1.151432570623001,-60813.8589044529
4,1.1929289193493233,0.008896141791457184,5683.446599866211,2.755050409177784,-14503.672633672977
5,1.946906630962101,0.017562783338925515,5836.923723238957,8.046967745940492,37145.24682854517
6,1.3250569856574994,0.010414895690168164,5674.205758854009,2.122417181453784,1072.8773361142885
7,1.298656449918769,0.01029121173095379,5674.083574587172,2.1411881425592583,-17.345631886200863
8,1.2692313850385954,0.01024082252066839,5674.032260367683,2.166846420550428,-468.434078379687
9,1.1600317860716443,0.010145591868662502,5673.875590727005,2.25969890379929,-1325.352979570198
10,0.8124481711926201,0.009967257620952687,5673.440426999758,2.2854791222925996,-2878.8556076460736
11,0.149318643053859,0.009775373703471075,5680.488115696801,-80.21480636216438,-1271.8259151233724
12,0.6125029151268235,0.00990940123334248,5673.231591788548,1.312401127506746,-3264.0253668432706
13,0.5008993577673511,0.010000361913059233,5672.9291908284995,-0.7426740012306254,-2310.1337778507514
14,0.6110718132822932,0.010371115734009947,5672.658146963232,0.9743352848090581,708.7578975551878
15,0.5530208231930939,0.01028153136018567,5672.5923755638005,0.12558028629428009,4.13800287333288
16,0.5452048781405497,0.010280073924862604,5672.591978309196,-0.027069322641182225,-2.2723525944456924
17,0.5465899283142156,0.010280613173890908,5672.59196136215,4.8584297474008054e-4,1.1431636221459485
18,0.5465649321087723,0.010280437331605361,5672.591960714179,1.1145857570227236e-4,-0.28134942112956196
