step,par1,par2,fn,gr1,gr2
1,0.1,0.01,336.999058236271,2238.230160002672,2867.481051731886
2,1e-6,1e-6,112.31793991307309,44171.15306047904,-202727.06282940545
3,1e-6,10,24352.243310296046,2416.087797828368,2323.791856979369
4,1e-6,3.273970581810382,8235.552225378811,2415.992858223035,2468.2105197825877
5,1e-6,1.0716740239366918,2750.739562277411,2415.566393328845,2510.778810310512
6,1e-6,0.35089466833985833,939.3247373307718,2414.084731327648,2509.324582851491
7,1e-6,0.11500911958914409,350.790607951197,2409.462245138343,2461.8892871180265
8,1e-6,0.037795005566508354,164.60579620010293,2395.3823427308407,2303.7098172854085
9,1e-6,0.012499702811826496,110.26046423625817,2352.1389423419237,1822.3639053876184
10,1e-6,0.004186536484762495,98.96865527440136,2171.2346124999726,392.6639535976051
11,1e-6,0.00417844515198028,98.96549164694163,2170.4313078207347,388.50590560443266
12,1e-6,0.00414607982085142,98.95317534298697,2167.1584554839283,371.71396409334534
13,1e-6,0.004016618496335981,98.9094697374045,2153.037321409954,301.8968653783105
14,1e-6,0.003451460914620714,98.83601912642568,2064.6972810452266,-58.65979358418372
15,1e-6,0.0035434077037366034,98.83367697904866,2082.7480408682673,6.411711644531692
16,1e-6,0.003534347881063384,98.83364306098198,2081.041285176184,0.10397868337008731
17,1e-6,0.003534198536054816,98.8336429812567,2081.0130201610377,-1.9718555677172844e-4
