step,par1,par2,fn,gr1,gr2
1,0.1,0.01,4909.421859614723,105.63559465026628,4518.669886983844
2,1e-6,1e-6,10790.008428801044,123404.80573229797,-39661303.88803973
3,0.06695976518565135,0.006696273883652114,4925.922267672774,263.8235608537798,-22081.07773714346
4,0.09027649010966085,0.009027736523430223,4906.392675005103,118.28406189579255,-752.3263578650585
5,0.08723884427244007,0.008941016983490714,4906.1197667793795,117.39569821656914,-1217.7381109768248
6,0.05521945138072948,0.00846281677028023,4904.149873466587,48.037938554443826,-2693.8767201590963
7,0.04797912989125608,0.008633694538692038,4903.729360610006,-20.819549613406707,-914.8147794348915
8,0.055618129638274304,0.008932494483808574,4903.629692559931,15.186538003035821,332.7565554809553
9,0.05276729540629678,0.008842086656869185,4903.590161448747,1.8421910317556467,-11.397099019632151
10,0.05249721097689712,0.00884029299885081,4903.589922148011,-0.03494379598123487,-2.2804306536272634
11,0.05250669892791761,0.008840762696245385,4903.589923184995,0.001287926352233626,-0.13757080978393788
12,0.05249847523369029,0.008840355585400904,4903.589922208231,-0.030115156732790638,-1.9948955605286756
13,0.052497404920787985,0.008840302599969117,4903.589922155701,-0.03420333541725995,-2.2366279245034093
14,0.05249724133804708,0.008840294501867954,4903.589922149192,-0.03482812189758988,-2.273573400088935
15,0.05249721573058962,0.008840293234180544,4903.58992214821,-0.03492564246698748,-2.2793568450651946
16,0.05249721170706423,0.008840293034997455,4903.589922148036,-0.03494108113955008,-2.28026553941163
17,0.05249721109521106,0.008840293004707896,4903.589922148026,-0.03494354587019188,-2.280404009979975
18,0.05249721098887325,0.008840292999443684,4903.58992214801,-0.034943782338814344,-2.280427943333052
19,0.052497211059056206,0.008840293002918064,4903.589922148011,-0.03494355041766539,-2.280412027175771
20,0.05249721100213284,0.008840293000100096,4903.589922148014,-0.03494400971248979,-2.280424832861172
21,0.052497210989698416,0.008840292999484535,4903.589922148014,-0.03494380507618189,-2.280427711411903
22,0.05249721098887325,0.008840292999443684,4903.58992214801,-0.034943782338814344,-2.280427943333052
