step,par1,par2,fn,gr1,gr2
1,0.1,0.01,1320.707038185466,1221.6463385209408,11408.416456821442
2,1e-6,1e-6,1840.204576418453,119254.70291891543,-6431090.117762776
3,0.05922833328509129,0.005923200277179049,1219.741893534065,650.796186887419,19808.96090079909
4,0.02061877411790332,0.0020625918499676526,1117.2156758194703,-76.61045936970368,18571.372971739493
5,0.008651754377494074,1e-6,1998.3716350179013,2944.903288655496,-6673411.52800524
6,0.01680522510012342,0.0014056211300180984,1110.4169473497575,-63.15831165011332,-802.571055437511
7,0.01857944465543707,0.0014465002645863336,1110.3116613380819,-65.28582850933162,899.9827532045401
8,0.025795889410855914,0.0015019428502775932,1110.0019165327974,-48.95959168834452,2553.987335892316
9,0.03659292863592357,0.0015233693372167815,1109.6716634250292,-25.100070125745333,2748.006994864909
10,0.04568573853818202,0.0014985069689508936,1109.458743699286,-11.65073097467939,1127.9961278228257
11,0.05361381309959853,0.001481621172643852,1109.3825276336415,-5.077599533933608,20.892607817586395
12,0.05982604069480321,0.001481824778270145,1109.3607570293711,-2.147139178987345,-73.09422267667287
13,0.06634192104421617,0.0015429091808178512,1109.4556137556156,-0.4694001881944132,3129.2166616117356
14,0.060284058069127906,0.0014861185522756198,1109.360654791664,-2.031520766649919,158.68310551240938
15,0.06458989464862683,0.0014850454897066207,1109.3547531591225,-0.6523008971726085,53.0016190407423
16,0.06662446722050643,0.0014844829294855893,1109.353858328707,-0.13859657428838545,4.349115764625822
17,0.06717887502053282,0.0014844905396880351,1109.3538177428927,-0.013108002576700528,0.544678171081614
18,0.06723669002649353,0.0014844884602113217,1109.3538170320269,-3.038030627067201e-4,-0.002719939402595628
