step,par1,par2,fn,gr1,gr2
1,0.1,0.01,328.5810455929753,2236.5525808694997,3043.321682218618
2,1e-6,1e-6,99.87897284767911,36880.845888837255,-171401.8606296683
3,1e-6,10,24350.954180674165,2416.0877968461136,2323.8994856365025
4,1e-6,3.2633424909105213,8206.85652176995,2415.992302594532,2468.7485962203937
5,1e-6,1.0646674163401015,2729.546815152386,2415.5618630175013,2511.824630207684
6,1e-6,0.34744845390756546,925.9512219786134,2414.06251761191,2512.032227690497
7,1e-6,0.11350784701005939,341.2485321910315,2409.371155201825,2469.7055419684943
8,1e-6,0.03718417245068678,156.23631038814293,2395.0365164733967,2326.713061563339
9,1e-6,0.012262209898592464,101.75624722834085,2349.0930579596634,1889.985417996769
10,1e-6,0.004103316182632851,89.76983703743731,2086.0859444948687,592.8067821365346
11,1e-6,0.004089176902083469,89.76149731455877,2083.684618196315,586.0699781665346
12,1e-6,0.00403261977988594,89.7291003089735,2073.727770182643,558.654684086477
13,1e-6,0.0038063912910958255,89.61567869916112,2027.396363445746,440.97221409600706
14,1e-6,0.0029440341313853144,89.47208718439015,1676.179982466266,-142.97462879184764
15,1e-6,0.0031551752588650987,89.45888478702345,1799.0423377399622,17.413246909683266
16,1e-6,0.003132251751901041,89.4586743840751,1787.136623040766,0.21262383121722905
17,1e-6,0.0031319683851966256,89.45867425905975,1786.9873397283698,-6.601903379532814e-4
