step,par1,par2,fn,gr1,gr2
1,0.1,0.01,3061.2461974893954,215.9393351894323,21566.95813415581
2,1e-6,1e-6,5880.046855186513,122706.63909272116,-21430838.367708627
3,0.06521492651207186,0.006521805719999265,2990.435200112417,64.96954416434164,14191.641653362694
4,0.016026028050241628,5.29490734691606e-4,3446.147311738769,4661.403804973361,-733442.753135398
5,0.049238894970191585,0.004575565486779883,2974.97245415898,100.05631793092107,-2380.6589587888993
6,0.04956661967854381,0.0047593860817554436,2974.8052472480263,86.90035190284107,149.70863815733537
7,0.04834300954050881,0.004730893503476804,2974.6978630983335,87.76377862432128,-141.6511411071042
8,0.04344856898836881,0.004616923190362248,2974.3419868127553,90.32164663267395,-1301.1742331309506
9,0.016948426858880206,0.004301330405631389,2974.5592123260253,-233.55009841907304,-1195.6777061027424
10,0.029722100572213368,0.004453453335340067,2973.5860303859345,44.182503788761096,-1953.385430911112
11,0.022999889054087758,0.00448872866935838,2973.5741553069097,-67.73203321245092,-286.34673961732915
12,0.026689587573590755,0.0044693666859766615,2973.48285492012,4.874416624716105,-1226.9259103027252
13,0.027659325411897754,0.004569062224972023,2973.4228682458233,2.092320992232999,-83.33412856472933
14,0.02754738007384764,0.004574280516574987,2973.422624776569,-0.23429802922692033,-0.06423895001717028
15,0.027568602911424208,0.004574562540523743,2973.4226267459817,0.01303378667216748,0.2300031246704748
16,0.027551424819139157,0.004574334265986898,2973.4226247405772,-0.1871079712145729,-0.008432971299043857
