step,par1,par2,fn,gr1,gr2
1,0.1,0.01,42155.2051695216,24490.450241792132,-835924.5125372763
2,1e-6,10,37930.645534540345,-4138.912396447267,1190.1441396184964
3,0.06665873139005138,3.3408260423942915,31743.700122104245,2279.508762767364,628.3530092878209
4,0.05754827427360982,3.3381731500614142,31722.03079539555,2101.682062857435,631.0064949320804
5,0.021106445807843578,3.3275615807299053,31666.31842196919,-102.40971418170375,627.3542376402474
6,0.019572923049398647,3.323763420039839,31664.29258819283,-366.6632731255959,626.174509015982
7,0.013038359911866774,3.2481160515095024,31624.994173055948,-2185.4540919594,615.2603994451056
8,1e-6,2.7812253900458868,31972.965389051937,-2913443.610284594,296.08123579237144
9,0.007350857415346196,3.0444366393718165,31526.9307525883,-7028.614716600714,569.4743208368891
10,0.004751028291020256,1.6592221150014057,30951.450921738902,-15412.740097835922,240.1018829914392
11,0.021953874794846458,0.3332066477825324,30447.737544668867,6619.6035061147995,313.7119800703658
12,0.021429855639808947,1e-6,133142.6586011822,78938.90089675551,-486192311.7832884
13,0.021779175013333613,0.22212110194540016,30414.77897836919,7127.762897544017,232.85408205993008
14,0.008279495567506335,1e-6,131968.20960405027,101343.74419343658,-486164605.93189126
15,0.017278613777094123,0.1480700754290612,30366.426287929044,7622.175748601876,63.06484589003958
16,1e-6,0.03492160664346146,31847.809847076773,-2687111.8216101965,-58354.5923474594
17,0.011323804946898169,0.10907293671880108,30336.805752360753,8294.025139657606,-1333.5010698028782
18,1e-6,0.13031203641235842,31041.59453860067,-4084945.444404475,935.8649080058967
19,0.0071930623429449485,0.11682130422890477,30304.58203233707,3364.0368517990282,-343.05514691368444
20,0.0014029741947330053,0.1047146573340794,30373.345727487536,-58228.01770136721,-196.95288016009727
21,0.005684373562505075,0.11366674736009254,30302.823282589445,60.36667236912763,-336.32775990554364
22,0.00599729829007307,0.12316665674969293,30301.534112137037,12.250394702277845,32.717921185394516
23,0.005961878255914611,0.12230943219861432,30301.5164287432,-8.291621143143857,7.929861276352312
24,0.005957512527852274,0.1220506664284362,30301.51546420701,3.735623504326213,-0.4949851063429378
25,0.005956408557146651,0.12206235788910764,30301.51545765439,-0.543404821655713,0.012894470273749903
