step,par1,par2,fn,gr1,gr2
1,0.1,0.01,3526.0684601110206,43.05908451215146,24463.821661943257
2,1e-6,1e-6,6949.051282113207,123185.69861501601,-25400002.777406808
3,0.06546713399720805,0.006547024198622819,3459.873778531149,-92.63201874091465,11410.694736084679
4,0.045455277739173273,0.00398161799011334,3468.4150640727667,96.88471809340626,-25057.703116381163
5,0.05711741882209731,0.005476638179788879,3453.284086857324,-76.29441684912308,1465.0523028967655
6,0.05724593232357987,0.00538322689383566,3453.1918700545493,-69.47037577674564,276.1805623094915
7,0.05850761381597118,0.005361259430479394,3453.105151837447,-64.56261152607112,-100.85054450655662
8,0.07146994920292282,0.0053198147461491225,3452.499858310964,-36.29503756428676,-1491.682953999316
9,0.08975717156851108,0.005397674083762456,3451.8991091761495,-19.337528792675585,-1258.5852637130301
10,0.11406899976789184,0.005566505718267178,3451.482533746685,-9.507633167231688,341.9647026498751
11,0.12591556878269275,0.005602095327286334,3451.409985531155,-5.767407596977137,581.7232686035823
12,0.14097721946248004,0.005565753424251411,3451.3506464717116,-1.3974100966152037,-160.88591415382325
13,0.14736714058692293,0.005582886981439054,3451.343373071577,-0.505690795762348,-9.18521930998395
14,0.15053663566650038,0.0055865942804914715,3451.3425056160804,-0.06679751550109359,3.100837582223903
15,0.15101733998819633,0.005585718553462248,3451.3424884862293,0.01314935843765852,-14.883724702485779
16,0.15101057859081427,0.00558676469962684,3451.3424918363644,-3.3192691262229346e-4,-0.2145990038115997
17,0.15101577038687156,0.005585961407463141,3451.3424878885967,0.010018773082265398,-11.477763796392537
