step,par1,par2,fn,gr1,gr2
1,0.1,0.01,5381.811150334833,-24.24042507300328,1808.327325747996
2,10,1e-6,13297.88516446027,0.5740922824770678,-44343106.29145191
3,3.4165323912383463,0.00665030228484927,5480.9575008434995,2.039957516899449,-44941.53433563042
4,0.6049038835882504,0.009490047077575867,5402.789715595051,24.960670407381258,-3247.619852695607
5,0.14803619971407767,0.009951483438288783,5382.257426275123,34.043919217765506,384.63049122128723
6,0.11522417646938879,0.009984623581765918,5381.6294548086735,1.8271972385264235,1281.9876804815067
7,0.07762517273904922,0.008137885562283224,5389.9910677511325,31.72073236783035,-11585.282150426792
8,0.11080112729089134,0.009767378115940402,5381.478876667746,1.5907632450762321,20.564636029121175
9,0.10967732180205342,0.009758469215609258,5381.477762323176,0.2016783219005447,-3.784778700719471
10,0.10953958957183793,0.00975840320891051,5381.477748508463,-0.002657020559126977,2.4382188712479547e-4
11,0.10954154843620134,0.009758412277270638,5381.477748535771,4.856701707467437e-6,-3.468585418886505e-4
12,0.10953964636533249,0.009758403471830122,5381.477748509178,-0.0025799727154662833,2.2678705136058852e-4
13,0.10953959127490408,0.009758403216794678,5381.477748508498,-0.0026547240850050002,2.434444468235597e-4
14,0.10953958960534746,0.009758403209065639,5381.477748508453,-0.0026569659894448705,2.439583113300614e-4
15,0.10953958960539752,0.00975840320906587,5381.477748508454,-0.002657043296494521,2.4396285880357027e-4
16,0.10953958960534746,0.009758403209065639,5381.477748508453,-0.0026569659894448705,2.439583113300614e-4
