step,par1,par2,fn,gr1,gr2
1,0.1,0.01,880.6100203459164,1685.8743263685483,4938.667461184423
2,1e-6,1e-6,1032.2357503875412,115281.62017210889,-3431146.8996578287
3,0.052229799679169985,0.005223409904019247,775.7207777145336,1067.9805294302014,12844.094139491062
4,0.018291250012048246,0.0018298603873085767,687.617361206155,185.59572747221864,25030.490613660844
5,0.0073521963869684764,7.3605347726775e-4,667.5517495426615,82.29721853240335,-5976.692255335365
6,1e-6,0.00713176247541918,676.4039308544177,9047.498188866712,1704.9655658445317
7,0.006300961230429306,0.0016506521080116264,680.5353406783587,400.1034716725371,18988.629651355495
8,0.0072585370689279664,8.175392262016654e-4,667.4369677361396,30.299535744120476,1722.9757524415845
9,0.005509335055520414,7.87860727476406e-4,667.3855773114387,-35.30581657287257,392.67504965266653
10,0.006269267037292804,7.880466960112337e-4,667.37739659652,10.05932131249665,-144.37357518374938
11,0.006105132889042655,7.883661880703268e-4,667.376570175524,1.6106013816852283,-3.455145072734922
12,0.006069215196147108,7.880965288750143e-4,667.3763956554922,-0.10869807226754347,-1.1907414170764241
13,0.006071717557328055,7.881305466003452e-4,667.3764140819344,0.001667275455474737,-0.057067289276346855
14,0.006069222210194861,7.880966242257381e-4,667.3763957067041,-0.10838849448191468,-1.18756514495999
15,0.006069215215861802,7.880965291430208e-4,667.3763956556346,-0.10869719346828788,-1.1907324591220458
16,0.006069215196203093,7.880965288757754e-4,667.3763956554897,-0.10869807795188535,-1.1907413795597677
17,0.006069215196257816,7.880965288765193e-4,667.3763956554909,-0.10869807397284603,-1.190741359664571
18,0.006069215196203143,7.88096528875776e-4,667.3763956554916,-0.10869807283597765,-1.1907413801282019
19,0.006069215196203093,7.880965288757754e-4,667.3763956554897,-0.10869807795188535,-1.1907413795597677
