step,par1,par2,fn,gr1,gr2
1,0.1,0.01,336.99993289756424,2238.244734525381,2866.895859243357
2,1e-6,1e-6,112.3364898702623,47704.21503879234,-202694.59044798807
3,1e-6,10,24352.243310296064,2416.0877973918105,2323.791857161268
4,1e-6,3.273961324981203,8235.529377553928,2415.9928656808916,2468.2106197178655
5,1e-6,1.071667969994883,2750.724362165765,2415.5664102045193,2510.7788620471183
6,1e-6,0.3508917524981192,939.3174205401972,2414.084727190584,2509.3244538237514
7,1e-6,0.11500791680892541,350.7876468395901,2409.4621722082366,2461.888500164946
8,1e-6,0.03779458549206933,164.60482847010823,2395.381982055085,2303.707179586638
9,1e-6,0.012499609206260804,110.26029296888707,2351.474860166718,1822.3587654662765
10,1e-6,0.004186571297042929,98.96864699619724,2149.3953849682157,392.6889091489727
11,1e-6,0.004178478089866173,98.96548243732744,2148.5253060777154,388.52989613829436
12,1e-6,0.004146105261159147,98.95316256517013,2144.9885942158176,371.7339964079258
13,1e-6,0.0040166139463310435,98.90944533489875,2129.88435063977,301.89934187141887
14,1e-6,0.003451460769983503,98.83599915218642,2041.8104683635363,-58.68537154547937
15,1e-6,0.0035434397776895723,98.83365538006765,2058.8481479080656,6.417970185736976
16,1e-6,0.0035343723701883045,98.83362139968716,2057.2136120470927,0.1042174736198831
17,1e-6,0.0035342226997236614,98.83362131969753,2057.1865459299943,-1.9795358241481154e-4
