step,par1,par2,fn,gr1,gr2
1,0.1,0.01,4104.920319580603,3.6599442682927474,17558.763662686943
2,1e-6,1e-6,8465.54522874416,122700.89896224817,-31030681.055405147
3,0.06620506181634386,0.006620810339119614,4072.180855301573,-20.811562440030684,-1202.3961149384377
4,0.06905878747530812,0.006871147475795109,4072.0968088259688,-30.14090863189267,1069.4788750925
5,0.06841384392066495,0.006788513837281789,4072.0568043189774,-27.119717208279326,328.4419254828208
6,0.06867024301417152,0.006776537330863236,4072.0466939949424,-26.2853818117037,202.52527458296754
7,0.07223398715384438,0.006727364045236167,4071.969061976617,-20.399140287281625,-439.9759511420598
8,0.07935300358336633,0.006713110370610411,4071.8590621854423,-13.295653136538021,-889.9954912726571
9,0.09431143603115427,0.006767087506162628,4071.686245178314,-3.7980184856678534,-863.9198593823494
10,0.10379239085004113,0.007280888182388258,4072.39296213264,-8.69588894147455,3725.3597288554374
11,0.09616059598358667,0.006867298893323386,4071.640106122527,-5.397199884100701,94.40598100582065
12,0.10387268072129952,0.006880710567601632,4071.617781253647,-0.7459846369783918,33.778517538394226
13,0.10500542911705806,0.006880192425372328,4071.6173117494486,-0.06299486358329887,2.426283069780766
14,0.10511192403056557,0.006880196267090672,4071.6173083855524,-8.255551620095503e-4,0.03183787612215383
