step,par1,par2,fn,gr1,gr2
1,0.1,0.01,124741.84008095814,70489.57889834128,-3208525.335396407
2,1e-5,1,59090.17124952027,-7122192.96038711,475.85165906639304
3,0.24526714519364137,1,56553.32988577058,3062.0259741772315,769.3711619504029
4,0.24516175938976723,0.9997171418300492,56552.78958129552,3062.0708464630297,769.2641105677467
5,0.24474021617427064,0.9985857091502461,56550.62862534223,3062.250276670966,768.825423438102
6,0.24305404331228428,0.9940599784310338,56541.989104115746,3062.9684240193455,767.0140645495849
7,0.23630935186433885,0.9759570555541843,56507.50725680711,3065.83874313219,758.8226202278747
8,0.20933058607255714,0.9035453640467865,56371.3135776172,3077.914711466292,709.2655670203385
9,0.1014155229054303,0.6138985980171954,55899.41221070578,2929.7635952025303,161.63344953383785
10,1e-5,0.4815680041637488,58844.39885966019,-7568650.637770188,536.9010797585361
11,0.065273895381214,0.5667350619880005,55805.920506630246,1450.5081898460048,184.8493162106024
12,0.022473971708353125,0.47325828729670905,55891.877824805044,-11730.701645683439,333.7330541035044
13,0.05074024234238677,0.5349929724241046,55789.104716960625,-86.4448722495581,172.70488595386269
14,0.04827436565577521,0.4991150066109732,55786.47518623329,-8.23813632450765,-28.58204119547736
15,0.04880273922498792,0.5045157651837106,55786.40590420977,3.406382747925818,3.1883438714430667
16,0.048726288423576666,0.5039451367429839,55786.40486612839,-1.898582122521475,0.2412853791611269
17,0.04873876477678806,0.5039252108438135,55786.40485855595,0.8543884177925065,-0.11473730410216376
