step,par1,par2,fn,gr1,gr2
1,0.1,0.01,5407.4525319706545,-163.63830852696992,5585.623288820898
2,10,1e-6,13216.709534370908,0.3915735942428,-44066191.22750025
3,3.7733442683287555,0.006289922288987957,5473.612354085669,0.6355498317134334,-52193.34822269957
4,1.2645349949772466,0.008823819655072982,5400.102424058858,1.7811660654842854,-8909.942141503961
5,1.840810848814837,0.016266177010302363,5540.668120335871,7.155676248657983,36508.056241664235
6,1.3359750970149407,0.009746438163757561,5396.592668457376,1.5695724641773268,707.551294053701
7,1.3178338561044167,0.00966650372840225,5396.537416467875,1.5889787528067245,-50.90016264148289
8,1.2949194276625837,0.009633275425677575,5396.507520438012,1.6211940646826406,-370.71337492307066
9,1.1786858066055008,0.009543926204367743,5396.380191780159,1.8057066745313932,-1239.9586917581473
10,0.7686151889719622,0.009342880908614706,5395.92902007864,2.544212511566002,-3174.9385140119557
11,1e-6,0.009051961940321646,5403.779580398181,55642.96398188162,3096.3480206810345
12,0.7686059223261196,0.009342877401207365,5395.9290076242,2.5442230617045425,-3174.970280820162
13,0.38430346116305986,0.009197419670764507,5395.783668582457,-1.5420006775457296,-4128.085254255893
14,0.6525883802024068,0.009298964988266264,5395.77788973119,2.5620815222282545,-3557.46195618849
15,0.49398517012460885,0.00923893398323692,5395.650336534045,1.5752167792015825,-3988.163982653532
16,0.41721354086996476,0.009308222210797204,5395.347138313452,-0.43631753669615136,-3185.5547144550656
17,0.6051571059271778,0.010012524521766427,5395.481629638923,2.377395499024715,2837.202645318939
18,0.5044371641891182,0.009635085221276376,5394.816906876448,1.3306690379977226,-360.0481993089488
19,0.45138438940458103,0.009668836410196082,5394.768768316595,0.11859151527460199,-31.166886756182066
20,0.4461905671947168,0.00967202361858133,5394.768532221199,-0.043401691982580815,0.8531200319339405
21,0.4476096301404854,0.009672077922593992,5394.768502382407,9.222776498063467e-4,-0.031088425203051884
22,0.44758014809605084,0.009672078285144877,5394.768502370023,7.057678885757923e-6,-2.5758254196261987e-4
