step,par1,par2,fn,gr1,gr2
1,0.1,0.01,3033.4407008162293,312.27138786562136,18460.29345420675
2,1e-6,1e-6,5842.756502868781,122836.9368706899,-21292378.70478067
3,0.06537309970174957,0.006537621615394093,2970.0380033855104,165.74231403637896,11299.382582976705
4,0.0160160990833237,0.0012827531095445396,3130.086497298863,3570.9453588333417,-213031.78125336897
5,0.04990720477900824,0.004891021475069685,2957.460881386904,196.22245674327132,-1003.4248076840413
6,0.04616980135453328,0.004769388012840337,2956.8907409161593,216.46145776003323,-2310.6209589877835
7,1e-6,0.0038000069891596976,2960.3183370211427,-210431.22554612637,1366.2908104083726
8,0.0227846784943085,0.004278383402106245,2951.4739070483874,524.6657392171983,-6555.7826312806355
9,0.00763071388169366,0.003960203910804499,2939.2144219910338,1709.4452704122887,-5747.0467211715
10,0.0026229187597342496,0.003855057980668038,2928.824467232226,2354.9253296550887,-2690.5386939210985
11,1e-6,0.003930624903087697,2960.5146046202103,-210189.4652250439,1383.3444691726982
12,0.0016989135579064864,0.0038816889466896385,2927.0078460841114,1126.378223013944,-1223.160462488977
13,6.797252133935866e-4,0.0037598610457855054,2928.6355261020685,-6712.107441508124,290.4693229061195
14,0.001422858171439084,0.003848690876757161,2926.841838221045,232.8171242697863,-904.2895964103081
15,0.0016607212578126176,0.004623223256346356,2927.1465360487773,247.97407581672815,1264.6380787646194
16,0.0014946990026212944,0.004082619775837545,2926.7518996705453,152.27597856892316,-45.4046638355976
17,0.0014472272904669807,0.004077797714379121,2926.7486029965144,-37.52305461375727,4.224484141559515
18,0.0014571640595622453,0.0040803179317659725,2926.7485720893274,1.402508573846717,-0.9521854735794477
19,0.001456884394372681,0.004080443604159041,2926.748569376003,0.038158671031851554,-0.10922412684521987
