step,par1,par2,fn,gr1,gr2
1,0.1,0.01,272.4808730541909,2276.767960275947,3281.914726312891
2,1e-5,1e-5,10.886554788029082,699.6910357054808,35313.1356320709
