step,par1,par2,fn,gr1,gr2
1,0.1,0.01,3315.221145883985,7.941580822716787,27342.948403033915
2,1e-5,1e-5,5210.861536523788,122718.09225474499,-11926583.397421146
3,0.06414906432848709,0.006418133339749835,3235.450668616587,-189.3884893888753,15895.563434464748
4,0.03926387059168606,0.002466537647049299,3294.3087496743933,334.17565214904243,-81105.49113988553
5,0.055742254871647336,0.005083190466073315,3223.283771546727,-188.3295169750454,3380.6786982313497
6,0.056774231476561673,0.004849175547114386,3222.699219474679,-165.83148331619668,-55.77095585067582
7,0.060467217363000925,0.0048273512626925245,3222.127753233021,-148.2719258342513,-686.6307769746527
8,0.09544283056639744,0.004956659523716991,3218.4459159422754,-70.43246247121715,-554.7328136481156
9,0.12719483762440065,0.005438781522601838,3217.8245530207946,-48.40430754939007,5569.187603223327
10,0.138593002385809,0.005210304601213446,3216.4481698224126,-36.18022630007545,2185.958991692587
11,0.17152463453435057,0.005059776666924616,3215.4516260848773,-19.00250835433326,-678.4644823346753
12,0.20699546698447202,0.005089678738980986,3214.9198605570114,-10.707981607538386,-567.5109598905692
13,0.2509909892993205,0.005376904757710915,3215.01575461412,-6.056681013433263,3694.4889046139906
14,0.22581524790144075,0.005212544213959698,3214.785726610791,-8.521259264853143,1287.4651090146472
15,0.25912198683798815,0.005174457808956917,3214.5399199332596,-4.485954430037964,505.65577091219893
16,0.29699662358928264,0.005154202974445008,3214.4206451473037,-1.740628840707359,31.95800070216137
17,0.32174969064565406,0.005157120951716088,3214.3927171799965,-0.5815951635668171,14.126188850696053
18,0.334152776093174,0.00515827336117762,3214.3884829385847,-0.11658398989311536,5.660488384364726
19,0.337249757307155,0.0051583504819163436,3214.3882888952603,-0.010153335097129457,0.4785530109074898
20,0.3375514460728249,0.005158485788732054,3214.3882892291645,-2.5191638997057453e-4,2.154404378416075
21,0.3373346784401626,0.005158388568876818,3214.388288664187,-0.0073628825703053735,0.9500780333837611
