step,par1,par2,fn,gr1,gr2
1,0.1,0.01,328.70527080879646,2238.503170319177,3012.140872737632
2,1e-6,1e-6,99.88220272403869,43239.85628080905,-171011.15700671726
3,1e-6,10,24350.954180674147,2416.0877972099115,2323.8994854909834
4,1e-6,3.2631864583098946,8206.471316260015,2415.9924044397485,2468.7519482722564
5,1e-6,1.0645650173737777,2729.289606838141,2415.561794887253,2511.826175132228
6,1e-6,0.34739848118949584,925.8256889559202,2414.0621962681053,2512.030022829208
7,1e-6,0.11348640666821974,341.19558099740715,2409.3698289448184,2469.692699156951
8,1e-6,0.037175727685097554,156.21666204646746,2395.03528463473,2326.6643747606963
9,1e-6,0.012259161875978546,101.75048917069269,2351.4783693825334,1889.8224765421644
10,1e-6,0.004102362664625033,89.76938652856855,2194.6594508324324,592.2488030270756
11,1e-6,0.0040882077758135765,89.76104557705393,2193.6303473069074,585.4995003818431
12,1e-6,0.004031588220567751,89.72864652392306,2189.410447628148,558.0323950612609
13,1e-6,0.0038051099995844474,89.61526657138197,2170.7072088642576,440.1098917533375
14,1e-6,0.0029452127048087487,89.47235876485675,2072.5449462301526,-142.73291589297799
15,1e-6,0.003155793751090268,89.4592233557453,2097.779563465991,17.43389949446339
16,1e-6,0.003132872343884723,89.45901256717025,2094.8265618775963,0.21936148563383995
17,1e-6,0.003132580260882853,89.45901243615509,2094.7890210092623,-6.888048176278971e-4
