step,par1,par2,fn,gr1,gr2
1,0.1,0.01,37871.532214831335,21156.08626529138,-723294.0603253882
2,1e-5,1,29454.88039345236,-2022330.9194026296,264.8006711388007
3,0.2109167238285676,1,29578.322291364475,4661.833921418292,-140.8196272313944
4,0.07035257782052297,1,28921.796558056594,4252.195019216742,179.07269426359562
5,0.07020497503139858,0.9997788232680895,28921.129398585465,4250.05360668365,179.76030763747985
6,0.06961456387490103,0.9988941163404477,28918.46241120146,4241.311505211343,182.55927356221946
7,0.06725291924891083,0.9953552886298802,28907.82413802628,4203.310886023246,193.61133101483574
8,0.05780634074495003,0.9811999777876104,28866.003274783325,3989.0924892642943,234.732180924766
9,0.020020026729106827,0.924578734418531,28747.705992172476,-341.3784001713793,382.19792213567416
10,0.01635691049553913,0.8990605445068222,28741.548177111945,-1826.7611628834857,400.31748638284625
11,0.011795282523462581,0.7195846838635421,28680.86686873892,-4350.107827140164,456.6235344464076
12,9.999999999999593e-6,0.255896339094869,29168.762418712107,-2319902.3586889235,0
13,0.007216451486744661,0.539431973891226,28632.394316005877,-11366.716789962084,379.89291524354485
14,0.010751652489654836,1e-5,95765.05573809489,93628.7165509566,-223631557.0579606
15,0.00839740978254123,0.3592343402977197,28527.936129786456,-7532.715909492254,719.5120954747836
16,0.009574531136098033,0.17962217014885984,28373.414304601465,-3814.942307944875,849.4573465941357
17,0.010357956864430133,0.06008241769173195,28474.498216025455,8039.756609086908,-10759.439041412406
18,0.009904331371693309,0.1292992906497461,28329.014650958397,-2312.730657922657,670.4447897391219
19,0.010098603674228736,0.09965606843415303,28320.768518475616,-452.6821030776773,-418.4182193057495
20,0.016245028542274196,0.41255142456932914,28538.004224270335,644.5609203365166,454.98208346543834
21,0.010674494149108166,0.1289728597560578,28327.412119879795,-1322.5902496560593,644.9075027376239
22,0.010250072829589852,0.10736689160822395,28319.318358067623,-862.4734919430921,38.11768501691404
23,0.011100342999120036,0.10777245181565807,28318.991427881512,41.757662202144274,3.1696174119133502
24,0.011055618733816741,0.10766800229759355,28318.990181334215,3.9639975693717133,0.7479289706679992
25,0.011050170476060165,0.10764756280911143,28318.990160477562,-0.1800673817342613,0.06476226189988665
