step,par1,par2,fn,gr1,gr2
1,0.1,0.01,1020.8891053420143,1496.7644152346793,7603.241556289504
2,1e-6,1e-6,1268.4110389977857,116519.77421984384,-4308053.007696696
3,0.055071694071743706,0.005507573765971312,914.3675449027928,905.8769783678144,16850.124698265176
4,0.01922165542942346,0.0019228925553136048,817.092601478999,79.50582646799376,22763.121170656857
5,0.006536022846003978,6.544434688066248e-4,806.7819575566385,329.26596095308014,-36028.0928354166
6,0.013912838037990996,0.0013920585960046777,806.228471291501,-34.424417224272474,16317.548527124472
7,0.0051335854642373165,1e-6,1373.6626408329603,3712.5881219412804,-4545940.956662422
8,0.011228528380715384,9.667340035382511e-4,802.3878837732433,-4.719755565929518,-1750.7775078553323
9,0.011633982355609042,0.0010093146990119923,802.3862524479547,-17.240028884089043,1128.6973347358753
10,0.011731779988975476,9.954766805076803e-4,802.3711384617518,-13.034628795480785,160.46161397241576
11,0.01204545127332452,9.932291767875316e-4,802.3663968224015,-11.745647075258603,-88.90077439502875
12,0.014429835162433166,9.915808121802405e-4,802.3435572502673,-7.898129752561545,-834.1238063502487
13,0.021012275676538607,0.001002139826583579,802.2996598477582,-2.9124886003728534,-1206.121492527359
14,0.029073747936515168,0.0010244111228380306,802.2921253084891,3.37382074803827,-206.59102894398984
15,0.02620442344687831,0.0010198495300056728,802.2857385667795,0.9101388189947102,-375.20603648999895
16,0.025395994492922284,0.0010263244303426499,802.2869921099772,-0.4275257145991418,164.02925079319175
17,0.02602905726957886,0.0010212540795519677,802.28562582631,0.6280307525230455,-257.51911338375066
18,0.02563406749629038,0.0010243164750621933,802.2861186213147,-0.016284177490888396,-1.369880472452678
19,0.025961517468944713,0.001021777722431381,802.2856371419989,0.5194434396571523,-213.58900658640323
20,0.026015056395514775,0.0010213626297392703,802.2856257020527,0.6055742971966538,-248.40803039126058
21,0.025979720703978533,0.0010216365909160633,802.2856311326575,0.5487738422971233,-225.42365478329884
22,0.02600791623653325,0.001021417988111274,802.2856261360243,0.5941111777474362,-243.7624621620671
23,0.026013584741633188,0.0010213740396200935,802.2856257640136,0.6032122172427989,-247.45048553540983
24,0.026015056395514775,0.0010213626297392703,802.2856257020527,0.6055742971966538,-248.40803039126058
