step,par1,par2,fn,gr1,gr2
1,0.1,0.01,5345.676314311249,-53.567748304885754,3920.5062793826073
2,10,1e-6,13132.692502911532,0.5083595169708133,-43789294.33566261
3,3.5066926018274818,0.006559240472154244,5426.735268051104,1.5012798576208297,-45110.85418836501
4,0.9291534698970136,0.009162554995404016,5359.209329315633,9.423276987945428,-4769.474921290566
5,0.29360871803706895,0.00980445519478256,5346.761953910846,27.768342392846534,555.5330202196274
6,0.16700928369081758,0.009932320623472275,5344.274582896007,5.514666495400888,2205.3308653448767
7,0.07371244577263832,0.006846966204047126,5371.522941042045,135.58000038301543,-25094.43011858366
8,0.1567551700026614,0.009593214007524728,5343.8359979819215,6.014825194142759,6.115717646935082
9,0.14873330066274268,0.009562401747308689,5343.801795641921,2.6670919760363176,-70.66266857691517
10,0.14310798082247636,0.009557377980272244,5343.79518938835,-0.3166520764352754,5.156693696335424
11,0.14372067489487472,0.009558337617917256,5343.795102860573,0.015158934729697648,-0.5091811317470274
12,0.14369403942489603,0.009558330773050974,5343.795102634355,9.856194083113223e-5,-0.01355279891868122
