step,par1,par2,fn,gr1,gr2
1,0.1,0.01,1059.7255923296705,1378.2562200219672,8748.281331471617
2,1e-6,1e-6,1342.991224992156,115868.97875410841,-4584981.039955983
3,0.05592840838715304,0.005593237487006302,956.7126143982764,822.1746735955549,16703.451238044523
4,0.019498908931405837,0.0019506154102053707,858.1939843757458,41.86255081037871,24478.998125412658
5,0.006630289036677978,6.638692394698251e-4,849.3523219621117,182.97838469038652,-40025.63030904696
6,0.01442074182093199,0.0014428444031190195,847.337171472551,-86.1020571642257,17228.441619936348
7,0.006102986241870875,1e-6,1456.714773017737,2999.706488224092,-4826675.208272127
8,0.011867698708159244,0.0010002862048065302,843.4101817589917,-70.23445851871202,-2427.150326784613
9,0.014048964682911473,0.0010658186157750686,843.2632331960791,-60.116525185662795,1557.7644878050023
10,0.01650023661635025,0.0010668836980903984,843.1480509114366,-37.084579797124206,1071.7760150004096
11,0.020340139382867668,0.0010641625859678352,843.0483036491747,-15.881584596399989,209.78217703657265
12,0.02342842737118836,0.0010687175766980295,843.0160267143785,-7.098543651409273,130.39779142218322
13,0.02588044829871,0.0010713353943045613,843.0057076840463,-2.441563134993885,62.827716971014524
14,0.02713720111039808,0.0010717850158126444,843.0040088596071,-0.5504703989345217,-18.73097281020364
15,0.028114429158067288,0.0010858583389084693,843.0140924201772,-0.3693830643669571,921.9835459623482
16,0.02715784149152305,0.0010720822634746263,843.0040844474746,-0.5472622905244862,1.3325005249953392
17,0.027137865747073688,0.0010717945874235899,843.0040112007512,-0.5503675305362776,-18.084782129790256
18,0.027137222752164514,0.0010717853274815248,843.0040089357406,-0.5504670650680055,-18.709931540570324
19,0.02713720181535584,0.00107178502596493,843.0040088620883,-0.550470321627472,-18.73028739282745
20,0.02713720113335111,0.0010717850161431973,843.0040088596869,-0.5504704233771918,-18.730950494614262
21,0.027137201111153093,0.0010717850158235176,843.0040088596068,-0.5504704341774413,-18.730972064986418
22,0.027137201111860503,0.0010717850158337052,843.0040088596106,-0.5504704142822447,-18.7309713896866
23,0.027137201111168834,0.0010717850158237442,843.0040088596077,-0.550470433040573,-18.73097206953389
24,0.027137201111153093,0.0010717850158235176,843.0040088596068,-0.5504704341774413,-18.730972064986418
