step,par1,par2,fn,gr1,gr2
1,0.1,0.01,455.97523211253815,2144.7391478545796,2565.790176978169
2,1e-6,1e-6,298.8366269395631,89414.15368949379,-753665.5603242448
3,1e-6,10,24371.580254624932,2416.0877984468243,2322.1774337798706
4,1e-6,3.3172655547000973,8379.073444743824,2415.9950816647324,2462.6552593781526
5,1e-6,1.1004448775095592,2876.4760920477206,2415.584359177956,2496.6122257274037
6,1e-6,0.36515204798005946,1045.2507218604173,2414.172128201244,2468.8091022017034
7,1e-6,0.12125923094302969,452.9010979409902,2409.7913921781355,2341.9579129884482
8,1e-6,0.040347120301603374,273.7320552286784,2395.4302288291274,1946.815942962985
9,1e-6,0.013469140251942374,231.74038557099962,2332.101829112787,760.3694759940538
10,1e-6,0.013455566006491008,231.7300758787773,2331.975091820766,758.57213185472
11,1e-6,0.013401269024685542,231.6890818119773,2331.4644873227053,751.3463489894434
12,1e-6,0.01318408109746368,231.52907695864,2329.3617853633464,721.8479197717897
13,1e-6,0.01231532938857623,230.956443390831,2319.8620852997465,593.4476242796904
14,1e-6,0.008213252226717035,230.24987918888803,2226.2876173931545,-379.8466142183088
15,1e-6,0.00981416596848434,230.04613183663412,2277.365768624975,96.81869460123949
16,1e-6,0.009488993618453364,230.02809189258585,2269.20032648394,13.018142832805779
17,1e-6,0.009438479152752952,230.02777080366153,2267.8516279822247,-0.5182486043509016
18,1e-6,0.009440413128397074,230.02777048885963,2267.9036876743908,0.0026675283493204915
