step,par1,par2,fn,gr1,gr2
1,0.1,0.01,21943.962549632623,6813.341107463202,-312038.67488118703
2,1e-6,10,30688.315402052773,2416.0805662177154,1794.7992019253434
3,0.06675903035365346,3.3308060757307767,20535.145709815257,2412.0468171349785,951.4094249789196
4,0.04113000654925838,3.3206074513649066,20463.628086236542,2413.490070211992,947.0381626124436
5,1.000000000001e-6,3.304240878391286,20348.87275707102,2415.8638319931924,940.0093040494539
6,1e-6,3.2559598115808575,20303.993880587383,2415.855565632228,918.9497227453103
7,1e-6,1.1491813187644075,20216.875329888488,-327789.4604403991,-1249.9723381915828
8,1e-6,2.3633396724214215,19702.94665691091,2415.561258494563,366.95989745567203
9,1e-6,1.769930555575959,19668.739013538547,2406.6796990518924,-318.80349039056455
10,1e-6,2.0457996104610134,19634.21407500435,2414.828357323131,50.4039846782689
11,1e-6,2.0081381313345616,19633.14526800158,2414.5672623853898,6.0750382726837415
12,1e-6,2.002976832777954,19633.12991764659,2414.524603955215,-0.13215674698585644
13,1e-6,2.00308672145155,19633.129910412285,2414.5254906397895,3.06426954921335e-4
