step,par1,par2,fn,gr1,gr2
1,0.1,0.01,2775.3585561880805,533.8992787278585,15691.152106091977
2,1e-6,1e-6,5320.679114152465,116776.80336520098,-19353982.077173054
3,0.06524928943876769,0.0065252417033994144,2715.563295472451,332.951141679132,8277.767296669936
4,0.018400945740103446,0.002354482630216791,2744.968129669838,1508.5331886984932,-60128.67159243342
5,0.047397965121493746,0.004935995062290975,2703.796705757512,305.5603606594559,-1708.0639328787584
6,0.03914830447283904,0.0046842225736116756,2701.90553178976,327.33334977592676,-3927.1692245733902
7,1e-6,0.004042068686267185,2738.478405027794,-333839.4342384617,2073.8415876235194
8,0.023989174860976948,0.004435559373421988,2697.479143409007,436.0456566837456,-5160.14991646216
9,0.00808406310089391,0.00417465943451375,2688.3270762205616,924.8876929723338,-3101.5551017526377
10,0.002803114656328022,0.00408803325122451,2684.4043396580387,120.5864316852967,131.1969400921953
11,1e-6,0.004019989141341315,2738.432380554333,-334053.0187101467,2062.910839658798
12,0.0019256686633808474,0.004066726117547509,2684.6624397977603,-902.7003375240383,949.0055671903974
13,0.0026482063508071595,0.004084271592957288,2684.393626507829,2.2417556328946375,262.63898668503316
14,0.0026225264946629005,0.004071308849158111,2684.3903719538434,-6.960731407161802,225.8694022225427
15,0.0025591247751680945,0.0040124100842800275,2684.383271142421,-1.530910267319996,2.8368513380883087
16,0.0025604753622222426,0.004012128998625806,2684.383269228904,0.01511627488071099,-0.07154880222515203
