step,par1,par2,fn,gr1,gr2
1,0.1,0.01,3349.010490722428,154.22747398133652,21660.27996873936
2,1e-6,1e-6,6588.573297575734,123181.77280110831,-24061563.413091235
3,0.06549198182447519,0.006549508757716852,3286.238774760252,9.970913097276934,10432.859060736064
4,0.040218564998561426,0.003637289705251472,3299.825595913484,255.01178103468192,-31218.897372541505
5,0.05559108769077322,0.00540864313075321,3279.198337933279,19.666575017254218,874.3711938245724
6,0.054246483652397426,0.005282546455168685,3279.144299500812,24.53625260386616,-522.350992362135
7,0.05427603337797746,0.005306186859287909,3279.1362612024773,23.110315669327974,-240.27097747875814
8,0.05389884289294221,0.005321995670406623,3279.125913635962,21.39898019095199,-29.27545121337971
9,0.051947841039905254,0.005346619335176286,3279.094115242708,15.842157620227226,380.0709683059722
10,0.04828615639160025,0.005349555740145471,3279.0531650571766,7.1595981398786535,654.4291508589595
11,0.04432434642871546,0.005312727499878374,3279.0181095614325,-0.7952382702569594,526.5246808471602
12,0.04294846200956061,0.0052713258266084305,3279.0049371612554,-1.5438550258295436,165.85307080958955
13,0.04306828808396276,0.005257928230996291,3279.0035655036463,-0.07317143854379538,1.766588552527537
14,0.04309296119817186,0.0052579516970294475,3279.0035648669686,-0.0020161155589448754,-0.021263965663820272
