step,par1,par2,fn,gr1,gr2
1,0.1,0.01,3481.4921995403083,94.84224966399779,20192.669855496206
2,1e-6,1e-6,6936.61983693223,121932.26938900807,-25353852.775677603
3,0.06572459660495662,0.006572768142211034,3427.443295073671,-9.695714172721637,7962.028506810839
4,0.047446467476235446,0.0045250721857333495,3430.479078643242,120.28172383452329,-15327.979970868455
5,0.057572767801674044,0.005659520032362062,3423.4177602612954,12.673010660364525,336.8951285528965
6,0.05690756760780804,0.005603670945970557,3423.4049760939447,15.23468605000744,-233.04811119942315
7,0.05680593670635418,0.005608269759360917,3423.402555273755,14.809081624207465,-175.67137763307983
8,0.054705592239911775,0.005633001461744558,3423.3770870895787,10.245587868666917,230.12380365571516
9,0.051194561566955094,0.005632521771007686,3423.3507881288147,4.452173347999633,464.2838569907326
10,0.047103925430178196,0.005599021945438603,3423.329012623435,-1.3971560065328958,416.4469011561778
11,0.04615953977165593,0.00554233734047623,3423.3200352679532,1.0998683001162135,-115.80587924072461
12,0.046005986741077,0.005551998699153666,3423.319507445118,-0.08684705562700401,2.3697166466263297
13,0.046049279007964086,0.005552126858328214,3423.3195071433274,0.005489373506861739,0.07596642262797104
