step,par1,par2,fn,gr1,gr2
1,0.1,0.01,3282.6183182988075,154.5003375554188,21203.33609276713
2,1e-6,1e-6,6426.978135725158,121707.09176134551,-23461577.095348597
3,0.06547435614512884,0.006547746348414917,3218.341863780358,25.58541646521917,11555.260055074541
4,0.032296914558526534,0.00276481861337182,3260.918218305982,608.0372253813948,-62334.68131995778
5,0.05441322559914571,0.005286544292972848,3209.285676420242,36.20919148261237,1290.1673536111957
6,0.052189966951371534,0.005086712126666242,3209.1597451378534,44.86941704954006,-987.7274126120028
7,0.05226801321456231,0.005129865694955798,3209.1327066283775,42.046244477660366,-449.51100141361167
8,0.05161315289112785,0.0051563748601044755,3209.0994741648406,39.06642344873035,-78.87553873388242
9,0.047919022901725075,0.005201341224172875,3208.9901353093087,27.675818282659748,712.2723250472518
10,0.04176365489502481,0.005201463081291451,3208.8786571958503,6.891910288686631,1186.493445970882
11,0.038245535535805904,0.005136424629207649,3208.8092467763654,-4.4687057220471615,767.0487460859476
12,0.037850827066449336,0.0050656594206868015,3208.7824637769017,0.47547174062856357,-16.599968864738912
13,0.037770070028697984,0.005066409438389836,3208.7824500262464,-0.055156754115159856,0.773883612055215
14,0.037780596816347226,0.005066441157952452,3208.7824501521177,6.306800059974194e-4,0.04540972213362693
15,0.03777249922887864,0.005066416758112605,3208.7824500052393,-0.04227822046232177,0.605744000949926
