step,par1,par2,fn,gr1,gr2
1,0.1,0.01,3508.909055881043,301.46561477067735,13211.079700811297
2,1e-6,1e-6,7160.3637805510925,120531.5234709451,-26184610.777772557
3,0.06611109578481159,0.006611414581669127,3470.806131051972,274.6501492288189,974.8444720594307
4,0.04856497529706535,0.0056192442983450785,3468.105610577204,368.9950267903441,-7116.049274270608
5,0.03830470916171748,0.005572018103179393,3464.349367139791,430.73744230468947,-6734.893931043189
6,1.000000000001e-6,0.005395712886474641,3543.604916290179,-342142.91507785674,722.6069037119487
7,0.024068317056451318,0.0055064905015412375,3457.752318912915,564.0190296912806,-5470.606278338437
8,0.008200808070624156,0.005433455156622035,3448.419231216955,387.1160665858042,-1684.1997559163246
9,0.003110187168326513,0.005410023926566688,3451.648244961381,-3108.9530188364733,1000.2641547248459
10,0.006673493549849051,0.005426425197292908,3448.0511897038186,68.98499095314037,-1009.689823329154
11,1e-6,0.005399298331194931,3543.60764784428,-342092.7682079582,737.037147105184
12,0.00454354405742359,0.005417765937565668,3448.889715294576,-1058.7675167994348,116.34847839331997
13,0.006477946748194796,0.0054256302063551524,3448.0442015839308,8.803688847365265,-915.558895196682
14,0.006665309947563816,0.005555974543974593,3447.9663790111817,5.662146459144424,-320.156081852474
15,0.006751200517113026,0.005624733848592347,3447.9555758500805,1.8969243296851346,-18.590991419387137
16,0.006750312926912507,0.005628421389995835,3447.9555622672283,0.13112749002175406,-0.5318767216522247
17,0.006749992245397198,0.005628505084381016,3447.9555626657925,0.0033618812267377507,6.510390448966064e-5
18,0.006750302464082682,0.005628424120680541,3447.955562278878,0.12695899386017118,-0.5145202476342092
19,0.006750312574037134,0.005628421482092466,3447.9555622676316,0.1309868503085454,-0.531291200331907
20,0.006750312915293624,0.005628421393028237,3447.9555622672265,0.1311227424594108,-0.5318572129908716
21,0.006750312690064341,0.005628421451810629,3447.955562267492,0.1310330253545544,-0.5314836334946449
22,0.006750312908068903,0.005628421394913811,3447.955562267252,0.13112001624904224,-0.5318452599567536
23,0.006750312915206932,0.0056284213930508625,3447.955562267239,0.13112275155435782,-0.5318569992596167
24,0.006750312915293624,0.005628421393028237,3447.9555622672265,0.1311227424594108,-0.5318572129908716
