step,par1,par2,fn,gr1,gr2
1,0.1,0.01,320.8701736498773,2247.8740088143923,2970.627050217729
2,1e-6,1e-6,87.43009409416096,38581.558757473285,-140399.24834658264
3,1e-6,10,24349.665051052227,2416.087796955253,2324.007113747939
4,1e-6,3.248290199697625,8167.2269104791685,2415.991924026457,2469.3824339919956
5,1e-6,1.054783917383292,2701.11070609723,2415.555362899795,2512.9272026265426
6,1e-6,0.34260663622581755,909.0487216318563,2414.030569999568,2514.740131243798
7,1e-6,0.11140683328594791,330.1954275248147,2409.2395315881276,2477.40693792764
8,1e-6,0.03633246572865292,147.27009001276164,2394.5410661218602,2349.2203438719625
9,1e-6,0.01193210727309142,93.03495673150664,2349.5677986545616,1955.7598610077775
10,1e-6,0.003979118386800647,80.50144423915106,2174.6208699006784,783.1786002221008
11,1e-6,0.003957050646097577,80.48426109627172,2172.6402042990853,773.36943235359
12,1e-6,0.003868779683285294,80.41772842222538,2164.363049180764,733.0202960455523
13,1e-6,0.003515695832036163,80.18976749122761,2124.463351840973,551.6531751050024
14,1e-6,0.0024115038253837606,79.99003158333521,1943.9332705006507,-194.27304858091077
15,1e-6,0.002699085546657792,79.95674567522458,1975.393874353557,-13.93662483472724
16,1e-6,0.0027213102224912344,79.9566165629977,1979.9720751468897,3.1230231130052744
17,1e-6,0.002717241663953594,79.95661157963065,1979.1265513040912,-0.009301912911041654
18,1e-6,0.002717253746153518,79.95661157541056,1979.1290576638687,-5.582663220593531e-6
