step,par1,par2,fn,gr1,gr2
1,0.1,0.01,3160.6059689074723,44.47492378176321,27940.242342431247
2,1e-6,1e-6,5979.489194956658,122961.85360546588,-21800062.94568882
3,0.06486182190289266,0.006486498437054608,3074.9024076644773,-165.4950013312373,19260.502252195693
4,0.028251638750315784,2.455771701534979e-4,3897.3492058598836,2484.5157580580235,-1922670.6589093986
5,0.052556876797075366,0.004388880042770759,3054.8989010621844,-151.03697053064025,-2172.5250749796032
6,0.05645604455415856,0.004690844127423023,3054.360372104318,-161.2669967266811,2497.286116945361
7,0.058692175364286094,0.004668914340216276,3053.960613755991,-151.89421586910612,2008.5020724354763
8,0.06763669860479621,0.004581195191389287,3052.6586247920877,-120.4829826929199,10.293796360656415
9,0.10366471624754728,0.004629912641721088,3049.409435750931,-66.85518858148498,-821.1617815845784
10,0.15214532379648565,0.004811814383692113,3046.946195115537,-39.277512664739334,1151.9358610030395
11,0.2094756686905092,0.0048693994028554625,3045.3174559353297,-22.22039300477263,1473.202380177554
12,0.28130470308155836,0.004756944400041821,3044.136176312156,-11.269514309333317,-951.7688501841803
13,0.3635593722794386,0.004838724233081569,3043.425321210287,-5.987200017898431,317.85814482418573
14,0.46520711780966667,0.004783231896905471,3043.021966546707,-2.667813785137696,-859.3709699857754
15,0.5583360713568485,0.004855980872619748,3042.8324689085134,-1.2557579429994803,467.17406900370406
16,0.6284037108152731,0.0048439357244909435,3042.7644677250473,-0.6105059173933114,217.98490045057406
17,0.69474938951383,0.004833531237955429,3042.7368098958727,-0.2104556710946781,4.630344735687686
18,0.7306637904813416,0.004835202466652325,3042.7322442316627,-0.05226798521107412,31.438609994438593
19,0.7460747975444505,0.004812328951079633,3042.735981587411,0.009525463156023761,-416.11733557374464
20,0.7330150460532278,0.004831712657016998,3042.732091730445,-0.04251631935403566,-36.49832193559632
21,0.7427237142230414,0.0048335096346950185,3042.7318491353544,-0.0057834654398902785,-2.9579393208223337
22,0.7442477651358711,0.004833673090148684,3042.7318466900697,-1.8338596419198439e-4,0.015644020550098503
