step,par1,par2,fn,gr1,gr2
1,0.1,0.01,320.833678594575,2247.6684899496036,2992.611702068757
2,1e-6,1e-6,87.41973932017551,34462.16226311151,-140380.80291130312
3,1e-6,10,24349.6650510522,2416.087797610089,2324.0071134569007
4,1e-6,3.2482793054818617,8167.200008510408,2415.99149870126,2469.3825873509923
5,1e-6,1.0547767660933827,2701.0927354256332,2415.5553580931155,2512.9273048082723
6,1e-6,0.34260312203304566,909.0398843512836,2414.0305472349155,2514.7399927277547
7,1e-6,0.11140528885181036,330.1916013337363,2409.2391232983346,2477.40610335228
8,1e-6,0.03633181426070083,147.26855926102346,2394.232542908128,2349.216940593379
9,1e-6,0.011931824626203943,93.03438672910443,2332.6409439215468,1955.7504924624425
10,1e-6,0.0039789771952984335,80.50083189783471,1700.6440765582909,783.5032596941005
11,1e-6,0.00395689825633684,80.48363285061066,1690.7790192279037,773.6972399750641
12,1e-6,0.0038685825004904665,80.41703694184828,1649.196198165157,733.3620526326001
13,1e-6,0.003515319477104972,80.18882654916827,1441.6672365116767,552.0808818552325
14,1e-6,0.0024092183112209065,79.98821407059994,-11.657990324778211,-192.4775127166356
15,1e-6,0.0026658659915050173,79.95594969739982,469.95649782630267,-37.23747445725678
16,1e-6,0.00272742814741692,79.95506165385059,573.1257422210945,9.586212079568668
17,1e-6,0.002714824528900407,79.95500595854173,552.4788187938157,-0.0919741069083102
18,1e-6,0.002714944304087053,79.9550059093029,552.6761913817779,-1.707338981304929e-4
