step,par1,par2,fn,gr1,gr2
1,0.1,0.01,3059.029228941318,150.86590826285828,22816.88108154185
2,1e-6,1e-6,5855.186660391735,123065.49104300757,-21338531.95956626
3,0.06515369950704596,0.00651568357054523,2987.449992455695,-30.415455821639625,14816.34214602991
4,0.02674850565034774,0.001065699179264633,3228.4134455755166,1752.3653261650907,-298751.6016226141
5,0.053065744162664547,0.004800312253967808,2972.610015393591,-30.283352230071614,892.5224824429279
6,0.052906739543605294,0.0047166452222497934,2972.5845609329745,-25.31655023631174,-215.41173893865562
7,0.05329573532420293,0.004738289444240845,2972.5731917689463,-25.7488785860005,53.980438983671775
8,0.05475256968529293,0.004773471131358678,2972.5458253651454,-24.315600985573838,435.4417059107618
9,0.05812439481138617,0.004813505255578357,2972.498011061038,-18.791624788718764,773.8491150189475
10,0.062893742280531,0.00483134156461949,2972.443685718968,-10.099102130425308,771.4993354124999
11,0.06681142169834589,0.00468200436436284,2972.4799787951843,3.29369655219125,-1493.6373909358736
12,0.06449437539618312,0.004770327366509608,2972.411435350591,-4.446119251042546,-127.95725618161669
13,0.06714914908362764,0.004787780119671092,2972.4033376161287,-0.9882572544483992,-6.707454083425546
14,0.06784509452481509,0.00479053624460847,2972.4030083104926,-0.050457563247618964,1.5995160492821014
15,0.06787796472486843,0.004790521989300746,2972.403007266072,-6.119330464571249e-4,0.019719768715731334
