step,par1,par2,fn,gr1,gr2
1,0.1,0.01,727.0340704517298,1850.0948799515982,3462.3836885663195
2,1e-6,1e-6,746.3289973097504,104370.67646824403,-2369844.266100894
3,0.043874031395078186,0.00438790827827665,606.2074020143094,1159.66582837018,10597.189780399389
4,0.015497588869957543,0.0015505194163012177,529.8198873179934,156.07275930108244,32089.315851889067
5,0.006634771284636687,6.643174239250611e-4,505.5973756528466,-232.1328804421796,12014.428620188084
6,0.00853490568388021,1e-6,817.0384231899449,771.7207067514664,-2638134.0530256964
7,0.00710471301879504,5.00265586001967e-4,504.9564866530197,-103.65952987285709,-10358.944583699098
8,0.026945918904298066,6.879778330486266e-4,504.34546440248283,-26.956636866373174,11565.406929616414
9,0.02492782605210686,6.204126519437767e-4,503.8243539419206,-26.228901865863463,3655.266276078919
10,0.026889858440023166,5.960630812662092e-4,503.71027374720063,-21.039028754330502,15.962297077294352
11,0.0312707189485647,5.908610369034271e-4,503.628086615706,-15.777447317759652,-1124.8934959238
12,0.04456908683132586,5.967367975555031e-4,503.47796795932766,-7.842467991565627,-826.7730819594021
13,0.05751771829602187,6.182140997763084e-4,503.4353930761791,-4.3437904994902965,2178.59114589686
14,0.06509910337892667,6.125346086492906e-4,503.3935264743704,-2.8960401334643393,1257.0010038686519
15,0.08024924011784125,6.047637947237888e-4,503.35210721138736,-1.2130631745321807,-43.9555143438497
16,0.09088835851324702,6.046630137102277e-4,503.3427176655359,-0.5853117096421556,-103.37589862757568
17,0.1011462230505563,6.084093247339773e-4,503.342865423621,-0.2139913956966666,463.9714103089432
18,0.09404470601607276,6.058157545562013e-4,503.342128259431,-0.45297499156049525,70.20765376722693
19,0.10397208323077552,6.060177249161491e-4,503.3395468644094,-0.13125323221174767,79.01107716094202
20,0.11947590835301958,1e-6,825.9682203090352,10.496268547512955,-2665235.607887828
21,0.1074170913910513,4.7158051454945126e-4,504.87149978372224,0.8082210877091711,-28112.240606567128
22,0.10398958022577265,6.053349261859926e-4,503.3388998404834,-0.12941239674546523,-30.027412640549755
23,0.10799270246925136,6.055697739046874e-4,503.33878748327,-0.03581546849318329,0.13509634243291657
24,0.10951871882371919,6.05586732979131e-4,503.33877278183996,-0.004273950651167979,0.3057961544072896
25,0.10972533193260275,6.05586976165574e-4,503.33877254771244,-1.674956706665398e-4,0.01072349363084868
