step,par1,par2,fn,gr1,gr2
1,0.1,0.01,3285.64927352496,51.551505778206774,25379.01491315779
2,1e-6,1e-6,6352.397651167738,122986.91705675992,-23184655.193706237
3,0.06520994217706275,0.006521307331357817,3211.653363119057,-124.24015717442671,15184.188956477556
4,0.035978137234348714,0.0022681599865766637,3286.24011757209,536.3938553728076,-95884.25181475712
5,0.05564053961776554,0.0051289855378189855,3199.2329448268115,-123.15580017002503,3001.7688532007014
6,0.055588866805393836,0.004882650509928505,3198.90061897008,-105.85392312123076,-362.23808320528406
7,0.05717743288371092,0.004918972335512816,3198.72992577995,-102.50336546050676,46.218682973631076
8,0.0782551991957113,0.005140617215585377,3197.2969838780896,-59.55153583045103,1981.1040914987643
9,0.09599470893472409,0.0051686123499297704,3196.5277977345677,-35.12752116421325,1741.167277709792
10,0.11886005013764409,0.005102189182913138,3195.91605244371,-14.714658864249941,214.0337631044531
11,0.1361095295679648,0.005103131309016436,3195.7395751864856,-6.328109063815646,-80.9490650749467
12,0.1521298649665057,0.005188297247109545,3195.714293554915,-1.9854499487337307,993.5581918148273
13,0.15493717598524565,0.005127803531753762,3195.678055844216,-0.5928782707087521,54.73442065522249
14,0.15662208835526378,0.00512500309039327,3195.677337784512,-0.13798465943182237,-5.616141359041649
15,0.15719214306309964,0.005125708135353685,3195.6773040744324,-0.004966732376487926,-0.5960119051451329
16,0.15721373311716785,0.005125783762910884,3195.6773049870435,-4.5674141802010126e-4,0.3459271670180897
17,0.1571927003651574,0.005125710087520786,3195.6773040958587,-0.004850373898079852,-0.5716988971471437
18,0.1571921578786837,0.005125708187251028,3195.677304074992,-0.004963615083397599,-0.5953656409474206
19,0.15719214346236604,0.0051257081367522715,3195.677304074431,-0.004966670985595556,-0.5959945519862231
20,0.1571921529771357,0.00512570817008145,3195.677304074817,-0.004964658728567883,-0.5955794927103852
21,0.15719214370333642,0.005125708137596364,3195.6773040744406,-0.004966541382600553,-0.5959840268587868
22,0.15719214346859584,0.0051257081367740934,3195.677304074442,-0.004966741471434943,-0.5959942336630775
23,0.15719214346236604,0.0051257081367522715,3195.677304074431,-0.004966670985595556,-0.5959945519862231
