step,par1,par2,fn,gr1,gr2
1,0.1,0.01,5828.273578905497,-35.239752442066674,-1993.0456835618315
2,10,10,48644.03331089218,2172.5797585531836,2217.9007282829843
3,0.9554040174359988,0.8731804175945079,8514.547087400944,2361.8658743816923,1344.4731244544528
4,0.1971389488317874,0.10802203018480364,6633.513407949688,1947.6268232210714,-1002.9162644013923
5,0.10367833566463354,0.013711775079766573,5855.316710090745,-94.2453407060384,13974.500201952651
6,0.10031938226116494,0.010322285736266425,5827.969438941865,-48.25349024940806,149.12416325387312
7,0.10031839080449,0.010307038493135724,5827.9679084667,-47.650009714743646,51.62168512470089
8,0.10033888664045737,0.010299577384047723,5827.966708663051,-47.31330448976223,2.9147494615244796
9,0.10047097752381447,0.010280134623214983,5827.961678168964,-46.28352637155331,-127.68110038905434
10,0.10083147279576747,0.01025517266120371,5827.950605920731,-44.601687973226944,-304.21319730521645
11,0.10191988573220842,0.010217477506568791,5827.920804033816,-41.09604712539294,-595.5215638959999
12,0.10467085683619479,0.01017409641400726,5827.851038679724,-34.67636661753204,-995.1775088575232
13,0.11110490264699836,0.010146779726770323,5827.69586002983,-24.15561967609392,-1429.0401962989563
14,0.12424482530935863,0.010197164519702488,5827.394453279822,-11.148345156470896,-1532.6344300228811
15,0.14765916886440444,0.01097758375583463,5827.678381945287,-11.352911633366602,2858.176080467274
16,0.13391552567350673,0.010519496878639147,5827.095764404436,-11.802631365753768,349.8046448794412
17,0.14408674993059128,0.010523768595565659,5827.015342270695,-4.509786294875084,133.89240510605305
18,0.15037433704400013,0.010526345111769052,5826.99913427353,-0.7968916861500475,12.538003188637958
19,0.15180990018371412,0.010529244661419329,5826.998543749377,-0.0696663209964754,1.318455460932455
20,0.15194579698060112,0.010529479975923312,5826.9985397975715,-0.0012187774700578302,0.023450347725884058
