step,par1,par2,fn,gr1,gr2
1,0.1,0.01,1082.6113383692727,1422.979151304844,7734.687251524974
2,1e-6,1e-6,1392.7133055496852,117063.41638631329,-4769588.744140554
3,0.05664635990952362,0.0056650261776150426,985.6836533785842,860.1535066657107,14999.59912502902
4,0.019734065251883537,0.0019741289258250923,885.5208891966106,-16.49571701932473,25848.50680025397
5,0.007703983667802228,7.712290392339373e-4,874.1922401757204,23.1257019891018,-26619.689200126115
6,0.013800447600541985,0.00138082056378383,873.1511728604399,-153.2802257025878,15239.862241280662
7,0.009415980719045813,1e-6,1517.3311283619694,1667.6724116075547,-5024323.0746855335
8,0.012473809134545277,9.63318713373173e-4,870.8636515720817,-88.50161982024929,-7883.319785374852
9,0.018435306828298876,0.0011274348698834264,870.0494955887488,-78.9112028104455,3052.2932849544304
10,0.022938229331232296,0.0011206966474357916,869.7433695628067,-51.028390419674,1937.9873128480085
11,0.031214295091292123,0.0011098598678574798,869.4374709648113,-22.6686563740941,306.0792899361786
12,0.038268087661743555,0.0011154480974268385,869.3266260999923,-10.655981923264335,240.38324896537233
13,0.04442627474590704,0.0011178002529865603,869.283748316895,-4.1020385208412335,132.43557735904687
14,0.04824074304839373,0.0011182652728048813,869.2739556088351,-1.2500194281983568,34.52859225603788
15,0.050172246416441434,0.0011259928264184572,869.2768937965906,-0.2863798789576322,561.235302865839
16,0.0484840389852238,0.0011192386505514188,869.2740001908122,-1.1225566652228736,100.79357059112226
17,0.04828820729911722,0.0011184551676548006,869.2739568575684,-1.2250096096977359,47.45397219835468
18,0.04825072269836636,0.001118305199362341,869.2739555711921,-1.2447551830518933,37.246144061100495
19,0.04827546253486193,0.0011184041784353645,869.2739561672265,-1.231718205190191,43.983236145663795
20,0.04825587065413536,0.001118325795290292,869.273955614284,-1.2420407944091494,38.64799892483006
21,0.04825180256548262,0.0011183095196918703,869.2739555767072,-1.2441857256817457,37.54020477117592
22,0.04825072269836636,0.001118305199362341,869.2739555711921,-1.2447551830518933,37.246144061100495
