step,par1,par2,fn,gr1,gr2
1,0.1,0.01,61010.395153976904,40858.1279946884,-1282360.8918080572
2,1e-5,1,41995.17391410861,-78838.90488657926,806.4536027814029
3,0.060977663776222525,0.9989215415155356,42746.9239374782,11961.920302492217,-219.4871053143288
4,0.01652740887372719,0.9997078231534897,42186.88260664127,13106.991503154859,398.6321149204741
5,0.004579855195670566,0.9999191637205153,42031.46848368204,12525.519156151859,707.1315171924653
6,0.0013723656910935324,0.9999759010802203,41993.78369289075,10123.07689194131,763.4369544393849
7,0.001217265793909897,0.9993933455323972,41991.793892226044,9689.12270906003,788.0550771005801
8,5.968662051753552e-4,0.997063123341105,41984.67363524653,6186.607167655893,914.079322865291
9,1e-5,0.9957177629170492,41990.84420710656,-74107.39924562222,1104.3943160257186
10,3.853138753886014e-4,0.9965781505660466,41983.19236998511,2811.392956355121,959.9335192979197
11,3.7923014623798736e-5,0.9941308234668615,41984.75528129791,-34480.01807570108,1068.8327870229841
12,2.5138848202953674e-4,0.99563466217457,41982.126145941984,-2628.3578371658223,1012.938090825628
13,1.0054746252266645e-4,0.9915435795271536,41979.27334519643,-12204.714832842,1041.081444673182
14,1e-5,0.9817949029426385,41976.38350411578,-70275.23823235242,943.4014325597673
15,1.1918371685473604e-4,0.8878757239674493,41913.41156651742,-44582.1421632354,-31.59932337439386
16,1.93813499306377e-4,0.8878937841492226,41912.19621510058,-12255.582459183643,-30.422301351791248
17,2.220204916225822e-4,0.8907364360228847,41911.9603554232,-7957.391093987098,19.078811310464516
18,2.727538389684001e-4,0.8897699530050464,41911.74745288563,-2942.9918854293646,2.7721164951799437
19,3.0245430139924813e-4,0.8895824804482549,41911.71387342454,-903.1999779472244,-0.11612894013524055
20,3.155891667992279e-4,0.8895785701591596,41911.71504285567,-138.08841049467446,-0.028865397325716913
21,3.0587174914369693e-4,0.8895814630637411,41911.71330661258,-697.0256149725174,-0.09401617717230693
22,3.174251259786535e-4,0.8895788788526612,41911.71590955623,-36.76829372125212,-0.001680455170571804
23,3.0816780458383476e-4,0.8895809494916492,41911.71327543607,-561.3883556361543,-0.07604106940561906
