step,par1,par2,fn,gr1,gr2
1,0.1,0.01,776.9455999744699,1742.1002055459667,5155.69175638916
2,1e-6,1e-6,845.779227601318,111255.75668399733,-2738874.9561666246
3,0.047768479165668606,0.004777318004955253,658.2524648723635,1206.3987902041617,10928.969839305295
4,0.016852754695400332,0.001686023802231101,581.8465770482671,219.0738538700998,26080.811393952103
5,0.007023322931869358,7.031690916485343e-4,560.487247546542,-151.53961606813482,4641.185594238664
6,0.01470050226988737,1e-6,926.9109767152602,427.9673031192033,-3015991.1818004763
7,0.008927783348788855,5.289836021411098e-4,561.2622722107249,-1.6847285991161698,-20697.911222409857
8,0.007660929196161016,6.44852437612591e-4,560.2676130917017,-102.60944141236905,-1653.2898889340686
9,0.028261529284182095,8.099147807660554e-4,560.9149077297141,22.633414794768214,11866.335481061014
10,0.014342973295677991,6.983923272958243e-4,559.9623524632506,-19.406701799198345,2177.101448741041
11,0.015220886718105696,6.82746370851075e-4,559.9185132415666,-10.54203111436891,327.8734124393168
12,0.016254646815763926,6.799230625245874e-4,559.9087815595822,-4.001829459525652,-153.86285478768968
13,0.01693516804518036,6.81476229242249e-4,559.9081546121267,-0.7733738829074355,-68.8441405247886
14,0.017111451816353342,6.82230174415516e-4,559.9086112878053,-0.0413063452242568,-4.781495957786319
15,0.016945145319965247,6.81518900885341e-4,559.9081757553182,-0.7313758561622308,-65.23273057382539
16,0.01693576407208321,6.814787783799464e-4,559.9081558592401,-0.7708630749903023,-68.62844953047897
17,0.01693520376316586,6.814763820039161e-4,559.9081546868081,-0.7732234047352904,-68.83121503165057
18,0.0169351701859889,6.81476238398238e-4,559.908154616604,-0.77336486697277,-68.8433658183385
19,0.016935168173468143,6.814762297909209e-4,559.9081546123941,-0.7733733525583375,-68.84409412521109
20,0.016935168052886373,6.814762292752067e-4,559.9081546121428,-0.7733738618753705,-68.84413776617748
21,0.016935168045643895,6.814762292442314e-4,559.9081546121273,-0.7733738942761192,-68.84414034459496
22,0.016935168045219648,6.81476229242417e-4,559.9081546121267,-0.7733739016657637,-68.84414051171461
23,0.01693516804525375,6.814762292425628e-4,559.9081546121286,-0.7733738931392509,-68.84414050034593
24,0.016935168045219762,6.814762292424175e-4,559.9081546121276,-0.7733738891602115,-68.84414051285148
25,0.016935168045219648,6.81476229242417e-4,559.9081546121267,-0.7733739016657637,-68.84414051171461
