step,par1,par2,fn,gr1,gr2
1,0.1,0.01,320.85387249457125,2247.586605560059,2980.954789800876
2,1e-6,1e-6,87.43736621912018,33309.95998228232,-140710.59191623717
3,1e-6,10,24349.66505105223,2416.087796918873,2324.0071138206986
4,1e-6,3.2484729156367567,8167.678105685741,2415.991508951265,2469.378546693406
5,1e-6,1.0549033553216418,2701.4108448288293,2415.5554370827304,2512.9253546720065
6,1e-6,0.3426647465171053,909.1948539783938,2414.030958479998,2514.7423323613793
7,1e-6,0.11143174383226966,330.25714125341455,2409.241119745502,2477.4204352419815
8,1e-6,0.03634232389204481,147.29324925782495,2394.533016575622,2349.2723945628313
9,1e-6,0.011935738031779096,93.04205368431529,2345.375191296739,1955.9396615155576
10,1e-6,0.003980337999413051,80.50216097999353,1950.0275731955696,783.9329645497628
11,1e-6,0.0039582909679999724,80.48497712283894,1943.6452368164225,774.1446256939355
12,1e-6,0.003870102842347658,80.41843478031531,1916.6165987743966,733.8837732271486
13,1e-6,0.0035173503397384004,80.19030935825718,1778.695106757624,552.9670861604075
14,1e-6,0.002408888176912215,79.9891205492067,685.7794916776072,-193.19585372471693
15,1e-6,0.0026958902275658154,79.95582679767752,1107.9160711734914,-15.091458719780348
16,1e-6,0.0027202089963407872,79.955675652480707,1138.924516973816,3.512064480872823
17,1e-6,0.0027156179797300116,79.95566920759644,1133.1347627114496,-0.01192245704828565
18,1e-6,0.002715633512193473,79.95566920190188,1133.1544011554229,-8.445368848697399e-6
