step,par1,par2,fn,gr1,gr2
1,0.1,0.01,3925.1136968329724,62.24217339195093,17106.17137033296
2,1e-6,1e-6,8067.776791957395,123347.98988775219,-29553779.760531187
3,0.06614892526658009,0.006615197189377237,3886.8880125088995,44.98532791330945,1265.3893847709696
4,0.06159182794138452,0.006253645965198217,3886.768793373676,63.03111646730031,-2046.864858173194
5,0.06273861164072365,0.006396600625188021,3886.6460337810995,55.26029141719846,-649.1477845042937
6,0.06209845904154231,0.006414095285592446,3886.6013895314945,54.69376398195891,-447.5047662981524
7,0.05953784864481695,0.006484073927210148,3886.461179180591,52.41154002305848,338.5148804682103
8,0.044599200127050126,0.0065808573848466076,3885.785946105752,52.17595283284027,1917.3462142089193
9,1e-6,0.006661163938023583,3917.12920999903,-51207.11006587044,374.71497694696154
10,0.029223739063745004,0.0066085434860341736,3885.0754373258906,45.64055251876198,3005.000787145491
11,1e-6,0.0065211373262565545,3917.207932714044,-52888.12635355043,-1450.8880607945684
12,0.01935101089553496,0.006579013836064361,3884.6318862984635,16.84258506884362,3495.451989638241
13,0.006119474567876055,0.006351591384789812,3885.387139977259,-549.9249885815516,3503.584101845263
14,0.013948247689629413,0.006486151630080426,3884.3346669855996,-36.203742827183305,3439.464141135886
15,0.012125801213148608,0.006001727147860147,3883.277905112202,-7.786285109432356,1035.0804342670017
16,0.010890799014596438,0.005784489010357357,3883.1713894610734,6.23866955493213,-59.52856608246293
17,0.01036871713683202,0.005782575020559645,3883.173537481389,-15.23410693380356,84.41315989330178
18,0.01073284760314696,0.00578390994909719,3883.170898943766,0.10323886499463697,-16.297391568969033
19,0.010756453546108954,0.005787419040972761,3883.1709002132225,0.01911379740704433,0.20455651565498556
20,0.010740446375183812,0.005785039528595953,3883.170893254378,0.07624689033036702,-10.986397073793341
