step,par1,par2,fn,gr1,gr2
1,0.1,0.01,121051.60799874495,68541.93056060467,-3098696.481368606
2,1e-6,10,61388.72793659705,-9086960.912089197,384.07473504776135
3,1.6342027768706462,10,61787.94930809125,2253.784468266531,242.3643945803633
4,0.5447731905302862,10,59243.441665039405,2226.932628946088,299.61620581161696
5,0.18149896802713789,10,58602.53942185506,699.3852811865509,346.10046837769914
6,0.18148499519861894,9.998859449464472,58602.13488780316,699.3560800765408,346.1312423678464
7,0.18142910388454314,9.994297247322361,58600.51638758236,699.2421653194469,346.26068259967724
8,0.18120553862823996,9.976048438753917,58594.036435545706,698.832921043504,346.7937760797213
9,0.18031127760302723,9.903053204480141,58568.01391837867,697.9731769388309,349.1424395906506
10,0.17673423350217632,9.611072267385037,58461.969617318784,707.9212098688004,360.2456235967111
11,0.16242605709877267,8.44314851900462,58019.48599799168,815.7271809250233,372.89686948497547
12,0.10519335148515807,3.7714535254829507,56461.23853166593,900.1652602455579,285.88229997694725
13,0.047802392732734476,1e-6,424848.3672306099,94301.38062132755,-1557796922.7072222
14,0.08602036215368444,2.5114986369929535,56055.79849182046,782.8179348871345,372.2838365501957
15,0.06691137744320946,1.2557498184964766,55453.99257858871,164.93183269631118,605.6683691349463
16,0.05417446205582126,0.4187421652204404,55046.98457538998,2821.2794314094936,-1011.5853921888629
17,0.06199879578835678,0.932919029612802,55251.74832101411,-167.14618512196466,666.3062596999225
18,0.055992521642181374,0.538216130589015,55016.40621517678,782.6786239820649,210.19759093178436
19,0.034308502548825566,1e-6,423527.7897297914,101586.96904429235,-1557789487.3013701
20,0.048765782057722515,0.3588425295772854,55124.03657018464,4248.105630576902,-2332.5533980096225
21,0.05445187448991117,0.4999760052376784,55011.09575061089,1089.900907172705,-21.617064558085985
22,0.021902135476772687,0.45316050694916427,55114.12758700301,-12448.523976636352,312.4445334105985
23,0.047432466805290306,0.489880161817456,55007.025702566054,11.18003528972622,16.250439257419202
24,0.04709520136286205,0.48667751722743363,55007.003266454645,-3.2359163014916703,-3.160743581247516
25,0.04715605301476479,0.48721003843914196,55007.0023375114,0.16173933545360342,0.01636068191146478
26,0.04715478562474341,0.48720555373865204,55007.00233735839,-0.028461363399401307,0.003306049620732665
