step,par1,par2,fn,gr1,gr2
1,0.1,0.01,38112.71078515722,20407.854962031706,-716330.9684401974
2,1e-6,10,36372.08790513758,2416.086493685725,1320.2661537070526
3,0.06667064267452727,3.3396360931756583,31004.19134034171,1309.7385713444964,37.27020455698948
4,0.06058490402077388,3.3393615561317627,30996.48399770653,1217.7395237085875,31.339610995928524
5,0.03624194940576031,3.33826340795618,30973.040747405084,629.4281166083238,-1.9706448438228108
6,0.00815588687352899,3.337174541441719,30981.20250660505,-2163.646944482025,-110.2396333044453
7,0.02467925386232663,3.3378151346540856,30968.667311415356,75.5541397484194,-28.354823334666435
8,0.02312073492638735,3.3379032282208603,30968.6266294897,-28.468204545788467,-32.98420806459035
9,0.023513521015043472,3.33803370119043,30968.61667225375,-0.8490081563650165,-31.778692955413135
10,0.02366365537365409,3.338310055003093,30968.608659308906,10.210743948846357,-31.315687683672877
11,0.024202253917676515,3.3408250583600974,30968.54926415123,53.48574219169677,-29.622311758430442
12,0.02494888509013565,3.348727856414886,30968.391325672532,123.44842425591196,-27.123550935357343
13,0.025858233916527418,3.3721638813691404,30967.968182292305,241.08996924042003,-23.083613996277563
14,0.026413994306662848,3.435623476406626,30966.961081490568,434.53372392832534,-13.691166568605695
15,0.024821834636294456,3.5352069562183748,30965.661208500143,603.8154151610797,6.752929821232101
16,0.02065251995245095,3.583860558893642,30963.788524112006,524.5393812765542,13.77104910716298
17,0.006282492074265913,3.637686913297973,30963.80192562056,-976.7458766691561,-7.724812076048693
18,0.012923511094817547,3.6128113983416816,30961.557735190334,71.33680737752002,5.01973587233806
19,0.012223950076257272,3.60264213663367,30961.52179668794,-28.646194950852077,-1.0163003025809303
20,0.012536858676712646,3.6024912501523674,30961.517964470568,3.33379164658254,-0.14900933820172213
21,0.012475392107122936,3.6035290154878403,30961.51782121973,0.12397178579703905,0.08058324965531938
22,0.012480805662217103,3.6032736507715857,30961.51781174994,-0.0748300226405263,-0.004487010301090777
