step,par1,par2,fn,gr1,gr2
1,0.1,0.01,5682.23370054392,51.8122973608115,-3975.9663302265835
2,1e-6,10,25664.577265416367,2416.0878454131307,2214.2263382920646
3,0.08020802204817214,1.9872383697713014,8258.192041342167,2413.1170500004373,1973.9596774434176
4,0.09522070954947055,0.4874558905667985,5975.871148592506,2388.0644101882353,430.93972772112465
5,0.09872902143159333,0.13697202870411349,6159.689360248791,3609.4229060108773,-1496.5016924406882
6,0.09986477217317005,0.023509394994262706,5867.749735504047,472.6091323118453,17959.21969864139
7,0.0999909921773484,0.01089989048179967,5681.1864040252885,24.668457117513753,1417.577609449836
8,0.09998805289122203,0.010663399931866558,5681.001221489787,30.66545094952744,128.73480435700912
9,0.09998201957016198,0.010639680296794818,5680.9995044913,31.30302020963427,-5.099563600197143
10,0.09997601398962129,0.010639144333139975,5680.999318573954,31.309870628319914,-7.973043516358302
11,0.09995199166745854,0.010637000478520604,5680.998589893822,31.337329774032696,-19.4704224668385
12,0.09985590237880752,0.010628425060043118,5680.99591517331,31.44809284094663,-65.5153563911881
13,0.09853164016758997,0.01057180296934475,5680.96601996274,31.31696812943119,-351.89506300412177
14,0.09529270960809576,0.010498047256328063,5680.9059270684675,29.198777538113063,-680.9547934744842
15,0.08798390983728246,0.010410321311881595,5680.7913630994335,21.512570147024235,-943.8104316404861
16,0.07919732917861273,0.010384075251066079,5680.683939131318,7.569380468339659,-747.3358287279552
17,0.07705398176658619,0.010470647513564418,5680.636786410502,-0.27195471375307534,-168.4037925906523
18,0.07793491317108191,0.010506755175632168,5680.63361630079,-0.005281449375615921,-5.695229742741503
19,0.07796329564462136,0.010508001116074011,5680.633616003986,4.7712092055007815e-4,-0.003275640665378887
