step,par1,par2,fn,gr1,gr2
1,0.1,0.01,416.7664582431931,2174.066848248799,2718.5463049482905
2,1e-6,1e-6,236.66371416861236,65792.96490794377,-559554.605461621
3,1e-6,10,24365.13460651526,2416.087798847002,2322.7155744825723
4,1e-6,3.3116692510110624,8353.056087932671,2415.9947974294482,2464.3161617495934
5,1e-6,1.0967061032480379,2849.2895815858433,2415.582097451079,2501.220527797159
6,1e-6,0.36329050587931855,1017.2480432123907,2414.16112591196,2482.3181222666335
7,1e-6,0.12044041344828106,422.046422592377,2409.7726594027336,2382.186576014078
8,1e-6,0.04001265686397157,238.6309904609385,2396.506806777836,2066.853673975686
9,1e-6,0.013360523883094036,191.7222426997732,2328.153039913161,1120.177861543823
10,1e-6,0.01333383275422623,191.69238113534635,2327.729783137329,1117.3317467934396
11,1e-6,0.013227068238755007,191.5736990804156,2325.9939436428567,1105.8324165387035
12,1e-6,0.012800010176870113,191.1115516455652,2318.2962410436403,1057.9165553379255
13,1e-6,0.011091777929330537,189.49022426804837,2268.8978417323824,829.3545345470932
14,1e-6,0.004621888584758753,189.47479347300083,-7959.83220222439,-667.0426381253947
15,0.00030904203999556013,0.005400300365234052,188.4435433358644,807.09710816393,-112.78223733512505
16,2.3254016929178916e-4,0.006320188696318424,188.23063284054595,1231.6803405116161,-144.81542824114513
17,1.0000000000000243e-6,0.009104317998640414,188.18887594358924,2116.370696195702,455.5191301952277
18,1.2386129493351393e-4,0.007626985869222513,188.01240527434035,1807.8178441076886,104.6803150723008
19,1e-6,0.008029393529463857,187.84291078269953,1895.4493421182406,176.31842514049367
20,1e-6,0.007581089375335101,187.79453712992222,1725.7875700443037,36.56019190586335
21,1e-6,0.007463814811055035,187.79252567525717,1668.3509849852385,-2.75495128505554
22,1e-6,0.007472032655003834,187.79251576229692,1672.5927818865216,0.039941967173717785
23,1e-6,0.00747191521336166,187.79251574227868,1672.53240267911,4.2891770135611296e-5
