step,par1,par2,fn,gr1,gr2
1,0.1,0.01,5472.649643444724,115.14605290813051,-1600.6381831857652
2,1e-6,10,25616.879469404023,2416.087863748544,2218.2085716121946
3,0.08751440683955769,1.2573232299604866,6795.000873702971,2410.538484286917,1719.966346554429
4,0.09755721588807768,0.2540365731467718,5805.275764847545,2181.003991390753,-693.2172095730493
5,0.099726825345185,0.03729042092022805,5824.525408760103,1298.0191126325735,9140.174124063378
6,0.09999317868276575,0.0106814564062667,5472.907788402055,95.61920599935547,2225.1175684141344
7,0.09999731679119102,0.01026805524056977,5472.438175256818,106.70464705071936,-2.254956980323186
8,0.09997941806760828,0.010268518004118926,5472.436266651983,106.67538992038317,0.9250949597117142
9,0.09990782317327733,0.01027036905831555,5472.428652184524,106.55820582087472,13.640736929119157
10,0.09962144359595353,0.010277773275102044,5472.398513617796,106.08696804865758,64.43026956731046
11,0.09847592528665831,0.01030739014224802,5472.28307334183,104.16136681214994,266.420781135821
12,0.09389385204947746,0.010425857610831925,5471.903532520563,95.76459809068183,1055.7466208729238
13,0.06931591083851499,0.01056670111401293,5470.384022773579,39.93277473909984,2623.250462802389
14,0.05225137722798427,0.01034931955999064,5469.7105462697145,-35.48729223894043,2447.266410499651
15,0.05409719711331998,0.009976397452643313,5469.118697672948,1.199570970129571,504.5390117675197
16,0.052293410221765715,0.009846623793883945,5469.088909085363,-1.1385678590158932,-53.8277727946479
17,0.052649418438988335,0.009861321595380017,5469.088370397901,0.1459552368032746,-1.6170905382750789
18,0.052625602073119455,0.009861367545442331,5469.088368960124,-0.017098213902499992,0.4334703135100426
