step,par1,par2,fn,gr1,gr2
1,0.1,0.01,327.99853166779747,2229.2071353083998,3157.993280150606
2,1e-6,1e-6,99.88158753012873,42204.03662414241,-170990.68029506356
3,1e-6,10,24350.954180674133,2416.0877974281902,2323.8994853090844
4,1e-6,3.2631782585522404,8206.451073086913,2415.992378791998,2468.7521066880436
5,1e-6,1.0645596342775157,2729.276085431061,2415.5617921223893,2511.8262233081623
6,1e-6,0.34739585188187555,925.8190840591467,2414.0621785863914,2512.029905456643
7,1e-6,0.11348527612475329,341.19278890314513,2409.3697498227584,2469.6920246643117
8,1e-6,0.03717527975434629,156.2156198622504,2395.0347309710196,2326.661794202067
9,1e-6,0.012258997371355277,101.75017855865909,2351.735198498659,1889.813613477287
10,1e-6,0.004102308061786788,89.76936962327449,2209.1821605827986,592.211297568852
11,1e-6,0.004088152565592174,89.7610288486677,2208.305598913398,585.4613673751174
12,1e-6,0.004031530580813718,89.72863063513262,2204.716858650073,557.9916649344341
13,1e-6,0.003805042641699892,89.61525633191675,2188.9170301216154,440.05725001092344
14,1e-6,0.0029452968420557667,89.47238832393695,2111.1139798533427,-142.71000328506034
15,1e-6,0.003155834282513518,89.459258092859,2129.4072070094217,17.4324517457336
16,1e-6,0.003132916039061185,89.45904734335114,2127.129121448661,0.21962133956776597
17,1e-6,0.003132623621416395,89.45904721209837,2127.1002607500122,-6.898958559986568e-4
