step,par1,par2,fn,gr1,gr2
1,0.1,0.01,5352.368512041809,-6.694514008813712,1058.044351452736
2,6.794514008822563,1e-6,13204.14746810232,1.1130181064800126,-44019736.895777605
3,2.301876395078199,0.006711253117795894,5447.065092340436,3.2667886262061074,-42340.16717692157
4,0.21858935058016038,0.009822873637296402,5357.936033170146,69.51128869786771,-2037.9524412237515
5,0.10593914557955221,0.009991129226621726,5352.350528165552,3.1880051119514974,808.0717137090687
6,0.08447727738241573,0.009189715443052134,5353.387555256487,0.14701740838063415,-3544.019338369253
7,0.10151499408218913,0.009825925715071885,5352.275499839089,1.980122988243238,-46.86219566337968
8,0.10029350227874205,0.009826460087738142,5352.274281809654,-0.013845651665178593,0.9507096228844603
9,0.10029937105226946,0.009826340491724114,5352.274281337362,1.8476839613867924e-4,-0.0056161752581829205
