step,par1,par2,fn,gr1,gr2
1,0.1,0.01,1235.4406149750794,1237.4833778960692,10675.821372300334
2,1e-6,1e-6,1666.1780576188137,116412.99447081337,-5784965.73183141
3,0.058311962877458275,0.005831571483831891,1135.1793493308262,675.2305926420377,19202.595797081583
4,0.020293605576944124,0.002030077922417866,1028.805607853339,-87.79187219033702,21753.214416376068
5,0.006900485896161004,6.908864936220737e-4,1032.8915360920087,584.8610953307798,-63220.96735919786
6,0.01365811787315499,0.0013665888720254867,1019.8159918295346,-150.64916652534066,4733.270005144732
7,0.02760452645010256,1e-6,1831.4711170589133,444.610778608876,-6059964.5150239095
8,0.0177750323876723,9.63473430721276e-4,1023.0996591220724,28.24438717823341,-28011.32708743978
9,0.01468687363929122,0.0012658563129213586,1019.4548830475899,-107.61772091427702,-804.4963852779574
10,0.03216223240777292,0.0013962909553755808,1018.608204217241,-27.237662801553597,3709.47464573419
11,0.03494703636421882,0.0013449616996279044,1018.4203327671283,-18.196559827856618,765.1541156729991
12,0.03988924670567925,0.0013295878264318777,1018.345664459342,-10.279241752186863,-372.83694878283313
13,0.04621262991010267,0.0013339762697006765,1018.2979536854061,-5.119399353361587,-304.75525930057756
14,0.05264479389768935,0.0013416196257733637,1018.2752674726631,-2.358900881063164,45.56980650704645
15,0.05777409230025144,0.0013435181785768845,1018.2671997493889,-1.09399682116873,106.38054753258075
16,0.0624043101030195,0.0013361623360250196,1018.2636390077582,-0.3468699975428535,-391.4781898043884
17,0.0643756212616842,0.0013416787356113006,1018.2629532216966,-0.17781252324766683,-55.57572229122343
18,0.06583725904804762,0.001342899330722286,1018.262992021039,-0.05536328785638034,13.443411280604778
19,0.06473748067497899,0.001341980919801428,1018.26293818219,-0.14581684126824257,-38.58440858095946
20,0.06631056486331979,0.0013428103373318472,1018.2629571930173,-0.01694993557066482,5.428557005302537
21,0.06517775013965388,0.0013422130543653732,1018.2629192062427,-0.10767942683287401,-26.374214514248706
22,0.06640985011385506,0.0013427487725547146,1018.2629439817988,-0.008907173310035432,1.043793749317956
23,0.06547594499555748,0.0013423427097599195,1018.2629125917931,-0.0826446751034382,-19.79549027282701
24,0.06645840137424261,0.0013427402423905278,1018.2629420112163,-0.005110637744110136,0.2634734556750118
25,0.06566938883192376,0.0013424209831965973,1018.2629116793718,-0.06677002829746925,-15.876341037142083
