step,par1,par2,fn,gr1,gr2
1,0.1,0.01,5419.134515534321,-136.87814522199915,5575.399761642075
2,10,1e-6,13271.354366161167,0.4519916546996683,-44250797.56287543
3,3.7134683098761467,0.006350397007025092,5489.083990704649,1.0299865061824676,-51387.39368361712
4,1.2159133039896113,0.008872927562970492,5414.807039048631,3.3641489881119924,-8795.630358404196
5,1.722209141005021,0.014764746046445437,5502.677918446338,6.4389116550955805,30919.935939796233
6,1.2907888466361632,0.009744262213331727,5411.455423811156,3.0789215861659613,253.50553291445976
7,1.2599900783972457,0.009693405563852444,5411.358862760003,3.1401611522596795,-229.89606873125012
8,1.019320954248473,0.00948703507573511,5410.793748957312,3.6459795273913187,-2218.8769025933652
9,0.26438781041605786,0.009084103567890257,5410.682061283113,-8.935344162637193,-4473.893367226083
10,0.8845056265523872,0.009415079904985262,5410.4696637526595,3.8754098022764083,-2897.8348413829735
11,0.508463973227718,0.009214374674827535,5409.832418003877,2.7159842693436076,-4499.065614440951
12,0.27293422266713446,0.00923993355110924,5410.013691335054,-9.329813115073193,-3116.8727129397666
13,0.3993473372229927,0.009226215635866567,5409.605838634519,0.09898891221382655,-4043.2938752019254
14,0.44578141091628976,0.009621579284156736,5408.711662382321,0.43148104850843083,-579.4906929259014
15,0.4326503484542185,0.0096831994442769,5408.6915805816625,-0.14095468941377476,-17.082458680306445
16,0.43846030334706304,0.009687693626030473,5408.691317462912,0.049980662879534066,8.516997318110953
17,0.4369255596059744,0.009686301975604512,5408.69126744783,8.625511327409185e-4,-0.05669641268468695
18,0.4369002012176129,0.009686302052905164,5408.691267437219,-4.856701707467437e-6,-3.182412910973653e-4
