step,par1,par2,fn,gr1,gr2
1,0.1,0.01,3289.1044632344183,46.5359179133884,25902.686360443568
2,1e-6,1e-6,6327.53705716127,122940.15721211508,-23092349.214295413
3,0.06515792760560418,0.006516106342347786,3213.3520053465877,-136.55021473596207,15810.637342565315
4,0.03543906373048041,0.00206866709975589,3304.65565815489,665.7146172597095,-114070.78871243584
5,0.055526800194484846,0.005074804475001882,3199.9311904301703,-133.75149251942275,3141.0973793276753
6,0.055624606547415634,0.004819166296422104,3199.5584874319516,-116.14328929454132,-439.5210996199239
7,0.05743394517974107,0.004856271066151884,3199.342200450608,-114.18983476005451,-16.56543902527119
8,0.06467129970904281,0.0050046901450710056,3198.6688407607166,-106.5293066335471,1674.0287744732996
9,0.0909887531321785,0.0051940162418235925,3196.8158356419053,-72.53543699562215,3228.72603287351
10,0.12802391474252972,0.00521890689584672,3194.8164924732214,-42.963691696513706,2776.9938205460676
11,0.17802718741477946,0.005122916332904469,3193.0742203237564,-22.60797198232467,757.166868013428
12,0.23447627397284487,0.005096135980590081,3192.1137048536452,-12.315914932514715,-19.295597196560266
13,0.31012850599204916,0.0052042051873725246,3191.527161796565,-6.159886554542027,1569.5505933513232
14,0.4049102292817121,0.005023514381181658,3191.1385484638536,-2.508636198399472,-1624.3119017531171
15,0.4514580819498264,0.005094175916861573,3190.972608510737,-1.6537247051928716,-387.64109229077803
16,0.5225235880284232,0.005129443128286738,3190.8869030199758,-0.7602267078254954,219.22930337950675
17,0.5756131620076296,0.005127562762224946,3190.858418281366,-0.3237711803194543,180.7149633896188
18,0.6149942510334943,0.005118719553973106,3190.849561480154,-0.0853932624522713,19.676432357300655
19,0.628858154398042,0.005117278693568201,3190.848845733261,-0.01492784349466092,-7.078786813963234
20,0.632548612648581,0.005119644252616123,3190.848886949408,0.0026707084543886594,35.39394219387759
21,0.6297287012931659,0.005117836708303661,3190.8488405403136,-0.01074116198651609,2.940181632311578
