step,par1,par2,fn,gr1,gr2
1,0.1,0.01,280.5458994561903,2271.9531861631026,3229.918854271432
2,1e-6,1e-6,24.490996592347003,9858.805986398309,232.69924907499018
