step,par1,par2,fn,gr1,gr2
1,0.1,0.01,5320.757447024899,-99.88952404455631,5548.097734877047
2,10,1e-6,13022.575983961417,0.46888973884051666,-43420087.14974223
3,3.63275104924963,0.006431921440257874,5393.362745551599,1.2631235767912585,-46731.691030709044
4,1.1274023727230855,0.008962323603549684,5326.2752972937315,5.721332490793429,-6006.374469907314
5,0.42778953572738543,0.00966893256891534,5318.12746240511,13.792873114653048,768.2199752434826
6,0.30314955025410906,0.007597217356189457,5335.18559220456,26.718414515016775,-21191.34143431438
7,0.41688525780326013,0.009487686090320035,5317.974087638912,13.940663725406921,-760.4683531599221
8,0.37215963270942803,0.009474085745711285,5317.356719406049,14.062328200452612,-829.4750210279744
9,0.19325713233409963,0.009419684367276283,5315.6933473198615,-3.1601893715560436,-247.61148977177072
10,0.2371623883950232,0.009472861194556736,5315.76895588815,6.211332524799218,-287.0036698413969
11,0.20645947831274372,0.009435674682213268,5315.671528332024,0.3704647451741039,-284.6566646030624
12,0.2067251585296366,0.009470153638786751,5315.666542203763,0.04586597697198158,-15.66915226248966
13,0.20663830837995237,0.009472012010878925,5315.66653235085,0.0025754025045898743,-0.10403015494375722
