step,par1,par2,fn,gr1,gr2
1,0.1,0.01,328.9360052821453,2243.06489642629,2917.993940535837
2,1e-6,1e-6,99.87550099556809,41870.6622740234,-170917.25528000365
3,1e-6,10,24350.954180674144,2416.0877972462913,2323.899485418224
4,1e-6,3.2631488257953185,8206.378410935162,2415.9922914986964,2468.7525898843887
5,1e-6,1.0645403020086128,2729.2275261311806,2415.5617795622675,2511.8265229184544
6,1e-6,0.3473863981499399,925.7953360003953,2414.0621293940967,2512.029467962975
7,1e-6,0.1134811989086151,341.18271943949776,2409.3695102493484,2469.68957913964
8,1e-6,0.03717365125155522,156.21183089379957,2395.0342594082485,2326.652401143718
9,1e-6,0.012258385404666259,101.74902209451447,2351.780027956636,1889.7810217423937
10,1e-6,0.004102089814749674,89.76925083608016,2219.394323201982,592.0984738297363
11,1e-6,0.004087931700529051,89.76091012999312,2218.6421264636633,585.3464439564959
12,1e-6,0.00403129924364656,89.72851267159365,2215.569153567429,557.8680724624263
13,1e-6,0.0038047694161165956,89.61514969085478,2202.1655414592087,439.89421603590984
14,1e-6,0.002945466755573792,89.47239622069576,2142.1041965550103,-142.616399992761
15,1e-6,0.0031558503066690807,89.45928411206889,2154.1935638329333,17.41756351300694
16,1e-6,0.0031329528617578817,89.4590737209143,2152.5134546905633,0.21969215048045498
17,1e-6,0.0031326603610868967,89.45907358957123,2152.4923108529492,-6.897227677882256e-4
