step,par1,par2,fn,gr1,gr2
1,0.1,0.01,552.5246892191781,1972.690100718637,5651.419415406167
2,1e-6,1e-6,497.6995368432004,55584.81673644621,-1548743.9872949983
3,0.09750744480141413,0.009750766913362532,546.1958000282914,1965.7736888024147,5747.594477614939
4,0.04875422240070706,0.004875883456681265,422.420164290934,1734.2414384424387,7569.862268009047
5,0.016988709744833366,0.001699618083566723,347.45771136364164,1265.29793496303,8737.466520794896
6,1e-6,1e-6,497.6995368432004,55584.81673644621,-1548743.9872949983
7,0.011152597704290782,0.0011160594050460852,335.75493837411017,1190.174989113757,5774.450265199959
8,1e-6,1e-6,497.6995368432004,55584.81673644621,-1548743.9872949983
9,0.007925829909535002,7.934116667710721e-4,330.99265501033216,1173.3119108464507,-1320.2130642125098
10,1e-6,4.439478481033587e-4,336.259622327471,-68708.32085329312,3896.228718130601
11,0.004080103769349572,6.238254222912453e-4,327.17326520366464,1210.219486232802,-8599.459315004764
12,1e-6,6.027109533610669e-4,336.94158351924796,-69593.07245964055,4164.48078030669
13,0.002443122086215336,6.153519926257577e-4,325.3425303512228,1046.3369014695445,-6941.469639640729
14,1e-6,6.794785774252611e-4,337.25523979527975,-68746.39664331538,3973.6534301835036
15,0.0015779382982361017,6.3807046434352e-4,324.5065599184309,526.5960803293979,-3406.5451679950343
16,6.675636966639241e-4,6.549972895366674e-4,324.8790984032151,-2401.1018586028854,1573.3140234888765
17,0.001240470811342429,6.443450826700366e-4,324.38658184911634,42.11561547151632,-1841.2491953424137
18,0.001401177646386535,7.105466897880388e-4,324.3597907325872,82.59617689247989,14.582821320061612
19,0.0013283914918386375,7.044616821571361e-4,324.35521801848944,-17.702816802227517,41.55139463193791
20,0.0013385927615808216,7.039980937946322e-4,324.355054053341,1.1938766391494937,-5.164833953585912
21,0.0013380923878240345,7.041076489795614e-4,324.35508040553174,0.008282922010494076,-0.1036702917645016
22,0.0013385891605729552,7.039988822234364e-4,324.35505423894205,1.1853474811118758,-5.128400313481052
23,0.0013385927354876619,7.039980995076435e-4,324.3550540546456,1.193814838416074,-5.164569569728883
24,0.00133859276138615,7.039980938372549e-4,324.35505405333424,1.1938761252849872,-5.164831990498442
25,0.001338592761383851,7.039980938377583e-4,324.35505405334425,1.1938761974761292,-5.164831954402871
26,0.00133859276138615,7.039980938372549e-4,324.35505405333424,1.1938761252849872,-5.164831990498442
