step,par1,par2,fn,gr1,gr2
1,0.1,0.01,4803.379822075199,472.75749634081876,-4987.301604887762
2,1e-6,10,25451.870877798472,2416.0878367183614,2231.984993486549
3,0.07880775073044188,2.12712687329759,8054.755964186305,2413.2913643143183,2083.8171934792626
4,0.09489537296459424,0.5199573404104397,5272.471602487541,2367.4487111975395,935.2135230665226
5,0.09865861699114724,0.14400550263941783,5170.19366724036,3001.8442194841555,-425.33561171239853
6,0.09979221825288818,0.030757604112512146,4993.280536699248,1099.4754222610936,9795.448615814166
7,0.09997980100670686,0.012017899608980639,4802.037573404176,456.7779789613269,2917.7093465114012
8,0.09986912902473635,0.011274044019769903,4800.679770670193,459.2148442770849,510.4440113836972
9,0.09969755344111993,0.011095028874196337,4800.567506601782,460.4875060977065,-146.51345308266173
10,0.09939849625685307,0.011014109047555063,4800.453728445429,461.27654822612385,-452.57903464971605
11,0.09698563916524859,0.010676830696875765,4799.70928488857,466.18670495718106,-1788.8373743744523
12,0.09138302408367147,0.010265970401648294,4798.155571254886,477.2059542710849,-3532.9811690689894
13,0.0720859596429296,0.009443401322926651,4792.8857387176195,531.927703295878,-7208.500833476137
14,1e-6,0.00736651435600779,4856.113231080877,-537755.847933222,-206.69834941145382
15,0.04323680442796017,0.008612209424236782,4782.592259600738,722.8143481552252,-10056.792863911141
16,0.014510518797930132,0.00778455760160238,4762.88752769976,1271.278996809997,-8252.637294813212
17,0.0049607277092866,0.007509412318216666,4754.2966103706385,205.06785391262383,-3108.2900109367984
18,1e-6,0.007517891263063014,4856.125548336518,-537183.3591891117,445.74794946584007
19,0.0033635067119515702,0.0075121428610080525,4754.965201002588,-1258.5463986124523,-1658.807577882726
20,0.0046550658594563905,0.007509934865041462,4754.261084720458,11.204879278920998,-2829.424457981986
21,0.00647522091053647,0.00879286163602546,4752.465904783133,18.93629726509971,-180.29469281827915
22,0.006549693163775505,0.008866947140416291,4752.459011475223,9.8002218237525085,-39.482807587774005
23,0.006552711673133345,0.008882732998542003,4752.458715106358,4.298482058402442,-4.779775731549307
24,0.006544686622081893,0.008883261082394744,4752.458688931002,1.7890456183522474,-0.36388280022947583
25,0.006537128851990477,0.008882260967425957,4752.458678788466,0.02002202563744504,0.40478299979440635
