step,par1,par2,fn,gr1,gr2
1,0.1,0.01,680.0095612700167,1858.4416442695328,4231.586709172461
2,1e-6,1e-6,696.6073044960049,99025.1827015561,-2186338.345435303
3,0.043569388564286674,0.004357446737010394,553.8629537941366,1327.3545585207103,9310.452265046364
4,0.014814252111857468,0.0014821918905835348,484.52009497101636,405.4371367814724,22189.8643810087
5,0.006569301641030409,6.577710487971188e-4,467.6557368207555,-6.837786012852121,5230.279189050293
6,0.006459560338560083,1e-6,756.8458633943108,1129.66158153597,-2452177.437612056
7,0.006542678704228296,4.984402067897448e-4,467.9359384567682,79.69811678577798,-13007.232802188468
8,0.006558188557006197,5.912623443653878e-4,467.44833958433304,19.328746437281552,-676.9767506546032
9,0.00572259862849293,5.951466442650295e-4,467.4502976169238,-20.78111875931654,189.92042936133657
10,0.0062086891364950695,5.928870175665496e-4,467.44472227321825,3.8931684332510486,-323.9278705203219
11,0.00616626327196824,5.963768156363211e-4,467.4469454018186,0.07775716710511915,52.13783026903229
12,0.00620543337503914,5.931548247207764e-4,467.44484247744344,3.601391308620805,-294.8247105376822
13,0.0062084177120047745,5.929093439627913e-4,467.44473197263176,3.8688501959427413,-321.50005729164377
14,0.006208666357287382,5.928888913017324e-4,467.4447230849899,3.8911275547093283,-323.72410624731174
15,0.006208687223694617,5.928871749065921e-4,467.4447223413587,3.8929970398271507,-323.91076005012565
16,0.006208688975854276,5.928870307802799e-4,467.44472227894136,3.8931540456133007,-323.9264335320513
17,0.006208689123004988,5.92887018676195e-4,467.44472227369647,3.893167198327774,-323.92774979030037
18,0.006208689135358877,5.928870176600087e-4,467.44472227325537,3.8931683278065066,-323.9278602887907
19,0.006208689136394715,5.928870175748044e-4,467.44472227321353,3.893168413924286,-323.9278696207748
20,0.006208689136369866,5.928870175768485e-4,467.444722273228,3.893168413640069,-323.9278693982328
21,0.0062086891363945075,5.928870175748214e-4,467.44472227321126,3.8931684187559767,-323.92786961793263
22,0.00620868913639433,5.928870175748361e-4,467.44472227321313,3.89316841648224,-323.92786961963793
23,0.0062086891363945075,5.928870175748214e-4,467.44472227321126,3.8931684187559767,-323.92786961793263
