step,par1,par2,fn,gr1,gr2
1,0.1,0.01,336.99802421493524,2238.2146838205585,2868.1914667646424
2,1e-6,1e-6,112.32704578250629,48271.67783616474,-202547.82552002594
3,1e-6,10,24352.243310296053,2416.0877977556083,2323.791857015749
4,1e-6,3.2739191553676568,8235.42529404124,2415.993278282258,2468.211540253833
5,1e-6,1.0716401938890494,2750.654622498223,2415.5664547470224,2510.7792589369637
6,1e-6,0.35087813950532737,939.2832611288036,2414.084626024078,2509.3237466006713
7,1e-6,0.11500204157237322,350.7731826737478,2409.4618149922553,2461.884621409638
8,1e-6,0.03779224550365549,164.5994378400224,2395.3828284797396,2303.6924863195904
9,1e-6,0.012498740205347903,110.2587108413254,2352.9290598713715,1822.3082259835621
10,1e-6,0.004186272791008722,98.96860197626685,2218.1141125332715,392.4783923148567
11,1e-6,0.004178178641622192,98.96543875757759,2217.6801983346195,388.3178277760635
12,1e-6,0.004145802044076075,98.95312441236632,2215.9245398195535,371.5156026917299
13,1e-6,0.004016295653891605,98.90943207871094,2208.5707173910405,301.6536416492954
14,1e-6,0.0034517554593657337,98.8361189715131,2170.824271906184,-58.60435867603542
15,1e-6,0.0035435910772205932,98.83378201910602,2177.2933728850317,6.405691738464725
16,1e-6,0.003534542158555881,98.8337481612587,2176.6505778514043,0.10395325134027189
17,1e-6,0.0035343928879191778,98.83374808144211,2176.639977579526,-1.9716743793196656e-4
