step,par1,par2,fn,gr1,gr2
1,0.1,0.01,5250.00541892405,91.37300511611102,-1221.829809474002
2,1e-6,10,25556.290377166075,2416.0804253915558,2223.2670969242463
3,0.08956903373613541,1.052063950399577,6291.414322117465,2409.0762096420804,1616.1942221242498
4,0.09813194129331496,0.1966209310071472,5646.299012112317,2408.3633726513654,-945.9089559277345
5,0.09987504508489214,0.022483120850483557,5407.091426698823,329.60628248929424,15961.505670411498
6,0.09999679522714403,0.010320160009913038,5249.89797468854,81.11611800359242,519.2509981407056
7,0.09998227074987928,0.010224740876478216,5249.8707771527315,84.02433392802777,18.099512303706433
8,0.09996496406347456,0.010218759090584815,5249.869291277366,84.18695337695681,-13.2795109448125
9,0.09969574088404669,0.010173463132070014,5249.852275900732,85.24106348886562,-248.24312270993687
10,0.09909255161663168,0.010120943136501727,5249.820483644523,86.10092077560694,-514.8475989108192
11,0.09713371740540992,0.010021246102295567,5249.726494291375,86.75005632085231,-1002.2850194900457
12,0.09221685917056495,0.00987108150960091,5249.5044054178115,85.26489945325011,-1677.0486821405939
13,0.08013900035894157,0.009649574952490018,5248.991027202136,74.90468347441492,-2434.4136062927646
14,0.058829894494115534,0.009458540655640496,5248.292848716809,25.558993379490857,-2187.0434811762607
15,0.06090027367509764,0.010384292184657948,5248.502329830484,-26.22830706059176,2423.3138486124517
16,0.05973692102935792,0.009864109456550543,5247.870566049947,-0.41656756820884766,-2.2487954583993996
17,0.05994173511991342,0.009867134930775196,5247.870562079702,0.33076555155275855,-0.3817833294306183
