step,par1,par2,fn,gr1,gr2
1,0.1,0.01,3070.1861782061,431.75257005486856,13960.875802965802
2,1e-6,1e-6,6066.50078802531,121895.18715071245,-22123136.20629643
3,0.06572927625597656,0.006573236065195748,3020.935144681753,313.740093342858,5490.467551016991
4,0.026581304033132587,0.003628078482099917,3024.614649664444,769.0534436255803,-26933.9412665272
5,0.047358845753428275,0.005191202472463609,3013.2460337983994,363.6314924074213,-4160.098435522741
6,0.03871409277282391,0.00505007395259093,3010.591503697027,404.27250201673814,-5106.848022367103
7,0.004135080850406439,0.0044855598731002155,2999.5632123495143,-1215.5055371363233,-995.1912124120099
8,0.03156732528096162,0.004933400553100667,3008.1773638780014,450.2274638753079,-5707.992933312198
9,0.010916738362589176,0.004596272728531149,2999.3501508053273,488.9716702678015,-4600.921679173098
10,0.006945783535814841,0.004531445546257544,2998.273916912561,69.13662105489493,-2938.618676907936
11,0.006425846306504138,0.005106264482248363,2997.90161215235,-381.349794408834,979.6149092198903
12,0.040634453628002616,0.008844973115350404,3031.6867897005104,424.29934843767114,10160.338255182069
13,0.008895978908208872,0.005376228880275653,2997.8844084107654,37.42992362504083,1483.6123377745025
14,0.00807817427908067,0.0050776174474015025,2997.6091084132154,7.881665958393569,195.0002599801337
15,0.007935085556383812,0.005030708879226711,2997.6039111079435,1.5042700488265837,-18.83696708773641
16,0.007935769572201427,0.0050338140861375495,2997.6039052632045,0.4090402808287763,-1.1216645680178772
