step,par1,par2,fn,gr1,gr2
1,0.1,0.01,414.9008533189547,2182.542004865411,2710.9019647576815
2,1e-6,1e-6,236.67970490387688,76196.99312706132,-557192.7215886549
3,1e-6,10,24365.13460651528,2416.0877987742424,2322.7155745917116
4,1e-6,3.3115781277116954,8352.831531260688,2415.9948267333675,2464.317941048648
5,1e-6,1.0966457275982457,2849.138568765187,2415.5820457508526,2501.2208671364533
6,1e-6,0.3632609452721638,1017.1746644353336,2414.1582360323355,2482.3145048105744
7,1e-6,0.12042787665619432,422.01655736791844,2409.4256939929437,2382.1704397161625
8,1e-6,0.04000795404275818,238.6212622888603,2388.2784437168425,2066.798495558828
9,1e-6,0.013359078170303141,191.72052511756766,2230.2094133070227,1120.0347961840862
10,1e-6,0.013332280444136603,191.69054828755918,2229.491653095579,1117.1766777897574
11,1e-6,0.013225089539470448,191.57141148203903,2226.5765928150927,1105.6283396460742
12,1e-6,0.01279632592080583,191.10755043917501,2214.1706153419705,1057.499869456393
13,1e-6,0.011081271446147357,189.48140018302607,2149.2683004413493,827.7344408986664
14,1e-6,0.004630991652770147,189.48774145317424,1498.7979779149896,-713.8992632593499
15,1e-6,0.007980831459511051,187.8347462627956,1909.8908186640529,161.7042773594335
16,1e-6,0.007228081156324791,187.8031428692817,1802.164430668256,-86.20996837123585
17,1e-6,0.007489843362195069,187.79278341477016,1843.2313229089914,5.651294058992562
18,1e-6,0.007473739782081231,187.79273395016227,1840.8257571752529,0.1857402837401878
19,1e-6,0.007473192521243158,187.79273381642352,1840.7437406648341,-4.139666032187961e-4
