step,par1,par2,fn,gr1,gr2
1,0.1,0.01,36839.15564350963,19116.169790067943,-684823.7725953003
2,1e-6,10,35929.916444811526,2415.68603196356,1357.182639549137
3,0.06667570981035961,3.3391298812438874,30164.98887956088,1248.7413460075913,73.16914503462613
4,0.06060464390706528,3.3386766006335944,30157.67774708729,1146.3723240012769,67.96546085752198
5,0.036320380293887934,3.3368634781924222,30136.894614562498,456.3853876425128,39.37432571547106
6,0.018783573658930595,3.335455756731091,30138.46921854248,-886.023423554434,1.5789676581334788
7,0.02845382579089214,3.3362320110256163,30134.850474082683,28.72758645025897,25.363146560266614
8,0.027893340865757416,3.336067330512998,30134.840980344117,-9.636012473492883,24.177868363040034
9,0.027934316954089138,3.335938437359633,30134.83751920372,-7.074549830576871,24.219978440669365
10,0.028098221307416026,3.3354228647461723,30134.824666246226,3.109379995294148,24.38765832266654
11,0.029424372967812935,3.3267362545153785,30134.664591213692,73.30519660172286,24.257041586679406
12,0.03100571302443684,3.3076406860906835,30134.394422642705,134.64429694067803,21.329203591449186
13,0.032506450432305614,3.272693068019074,30134.00627851251,159.53261623508297,13.561499072238803
14,0.03238632226687267,3.2421157832310046,30133.715294583206,99.13827379932627,4.5008695633441675
15,0.03131634912144558,3.232744100528089,30133.631889398475,16.98424202913884,-0.06232510713743977
16,0.031008452752295995,3.2344329034198207,30133.62901733794,0.4583649570122361,-0.14933946658857167
17,0.030981108477763957,3.2351058301745943,30133.628958217316,-0.06053531251382083,-0.00968666427070275
