step,par1,par2,fn,gr1,gr2
1,0.1,0.01,5736.729709590054,58.83745700430154,-3905.2305962195533
2,1e-6,10,25682.62508012235,2416.0878641851014,2212.7195341090555
3,0.08032930296625342,1.9751222848941328,8276.232885409885,2413.093687264336,1963.8520943863114
4,0.09525963172635574,0.48356752621232396,6035.601057723449,2382.488449743505,390.2779136024037
5,0.09875749761223133,0.13412722981038888,6238.240931063439,3067.8812065525563,-1269.4622622711904
6,0.09987366095575043,0.02262139673450035,5903.248982262121,318.2525175225237,17646.95164503337
7,0.09999132626524194,0.010866514767478271,5735.701177893008,27.129659406455175,1312.5946769741859
8,0.09998767762888294,0.010648557479428106,5735.543220953511,34.13475732031657,118.43876813600218
9,0.09998095376732681,0.010626796301397817,5735.541691502111,34.8610514356551,-4.652403163163399
10,0.099973923005499,0.010625673024159206,5735.541451970176,34.890231540885,-10.799846686495584
11,0.09994579995818774,0.010621179915204762,5735.5405608612155,35.007178612431744,-35.40753819379461
12,0.09949070233952709,0.010585469605499515,5735.529012920293,35.656816885420994,-223.98180321943073
13,0.09837609977552424,0.010537992494156668,5735.505205439266,35.90903719668859,-458.82726805757557
14,0.09517364851528615,0.010456882838049795,5735.44356982163,34.67819642992254,-813.9146850498946
15,0.08822473002712215,0.01035413100920734,5735.323393816195,28.503631974672317,-1134.6145348443315
16,0.07804997808734983,0.010295942534639082,5735.176261457988,11.615727589742164,-986.9848552261828
17,0.07624404444910303,0.010500898402239974,5735.097213997207,-3.240811379328079,269.76958289196773
18,0.07666333433947055,0.01045720303030576,5735.090353980636,0.008459855962428264,7.102655190465157
19,0.07661560899762979,0.010455444610954419,5735.090343478641,-0.022858803276903927,-0.29619816359627293
