step,par1,par2,fn,gr1,gr2
1,0.1,0.01,856.051490291258,1679.1993799574811,5934.849694598938
2,1e-6,1e-6,994.9432275449753,112353.32842147727,-3292703.9105039714
3,0.05145581443900404,0.005146018345939473,746.2200766598967,1179.1699726768456,10922.467909504121
4,0.01749563690926137,0.0017503062376194208,663.0823481138083,293.20395735226157,22015.77815938094
5,0.007112337307776703,7.120697281018731e-4,645.6415409522303,63.07339822967606,-6276.466066635749
6,1e-6,0.006350216913261263,654.3734595952623,1077.8245927679109,755.525873936449
7,0.005575016482413588,0.0019309179853388542,660.921400862383,949.1115844934939,13443.572471984453
8,0.006974708667414793,8.211871131547865e-4,645.587437522368,18.400307760089163,3440.440643300917
9,0.005613534327041738,7.765548701492658e-4,645.4544569694651,11.711404226844024,556.1500241032036
10,0.004831394508916464,7.642357827739662e-4,645.4390521932701,1.7499433772627526,-44.16254564318933
11,0.0047512733917590335,7.641915811932048e-4,645.4389574703825,-0.014565364381269319,-5.382840515153475
12,0.004753851937105294,7.642726788309613e-4,645.4390033537384,0.002186354777222732,-0.41311260531529115
13,0.004751277808548443,7.641917201053198e-4,645.4389575486041,-0.014536682897414721,-5.374328362108827
14,0.004751273399335857,7.641915814315029e-4,645.4389574705156,-0.014565276842404273,-5.382825910373867
15,0.0047512733917721445,7.641915811936171e-4,645.438957470388,-0.014565340507033397,-5.382840510606002
16,0.004751273391759034,7.641915811932048e-4,645.4389574703825,-0.01456536381283513,-5.382840515153475
17,0.004751273391767687,7.641915811934769e-4,645.4389574703888,-0.014565361539098376,-5.382840515153475
18,0.004751273391759035,7.641915811932048e-4,645.4389574703825,-0.014565365518137696,-5.3828405157219095
19,0.004751273391763362,7.641915811933409e-4,645.4389574703798,-0.01456535585475649,-5.382840519132515
20,0.004751273391765524,7.641915811934089e-4,645.4389574703791,-0.014565360970664187,-5.382840516858778
21,0.004751273391766606,7.64191581193443e-4,645.4389574703793,-0.014565361539098376,-5.382840528795896
22,0.004751273391765525,7.641915811934089e-4,645.4389574703789,-0.01456535983379581,-5.3828405157219095
23,0.004751273391766065,7.64191581193426e-4,645.4389574703796,-0.014565356423190678,-5.382840517427212
24,0.004751273391765525,7.641915811934089e-4,645.4389574703789,-0.01456535983379581,-5.3828405157219095
