step,par1,par2,fn,gr1,gr2
1,0.1,0.01,5715.767308301352,13.835510262651951,-3448.5549510282
2,1e-6,10,25678.757691253875,2416.085713666689,2213.0424138958915
3,0.08131920264821008,1.8762303177469914,8076.534204917072,2412.487929668714,1939.9248644231193
4,0.09561503740848805,0.4480621435134791,6009.93987500787,2361.991590864818,248.2780578566235
5,0.09891978488957442,0.11791456867720175,6245.573335489594,3173.210305512839,-1090.5826849648292
6,0.09991119000713583,0.018872207009201426,5818.466126036891,61.23787788965274,17774.11925976594
7,0.09999329832626662,0.010669503901004625,5714.890403327212,-13.022140942666738,690.9199771052954
8,0.09999579815249304,0.01055775210671567,5714.848272262754,-8.98248662451806,53.80951674396783
9,0.09999752609537675,0.0105482894078828,5714.847981629537,-8.629141211713431,-1.131915100813785
10,0.09999906812277294,0.010548222885715169,5714.847968234255,-8.623417888884433,-1.575317023707612
11,0.1000052362323577,0.010547956797044648,5714.847915036379,-8.600526498412364,-3.349016160427709
12,0.10002990867069673,0.010546892442362564,5714.847708376278,-8.508987643836008,-10.445262114444631
13,0.10012859842405288,0.010542635023634226,5714.846979860401,-8.143280397234776,-38.853477776683576
14,0.10099748317997828,0.010531354759864608,5714.841831793693,-5.922490313423623,-136.7294980582301
15,0.10268683187219882,0.010532867613330507,5714.834418436641,-2.592414962236944,-189.28932461676595
16,0.10441777066658582,0.010553763739679492,5714.828921985147,-0.010459589248057455,-128.02745563021745
17,0.10500868093337458,0.010572824190802054,5714.827527180438,0.4347834510554094,-37.034673628113524
18,0.10494272334331176,0.010578081165354133,5714.8274147760285,0.13150510312698316,-4.121668498555664
19,0.10488347466334562,0.010578457078287775,5714.827410912556,0.008013630576897413,0.10125002518179826
