step,par1,par2,fn,gr1,gr2
1,0.1,0.01,3109.1909568467677,389.21662986922456,15755.234904677309
2,1e-6,1e-6,6116.221657715643,121721.42820061708,-22307748.03067082
3,0.06563122020874321,0.006563431342985664,3056.596303338979,258.83267678182165,6188.152467723285
4,0.0323122732271611,0.003864853355760631,3060.225662522507,527.5997497801654,-22644.649430283152
5,0.05023322969513214,0.005316312750957531,3049.9816752225765,270.50030799046,-2778.1354368607936
6,0.04474467074907852,0.005231044988905918,3048.7313339849857,281.4092667381374,-3392.884952929762
7,0.022790434964864062,0.004889973940699467,3042.9150103843467,423.88092899273033,-4550.046218180341
8,9.999999999940612e-7,0.0045359276168876516,3096.7276756427846,-289533.5554612484,0
9,0.014518005842665375,0.004761457234417639,3039.2608634836242,608.6938304906653,-3801.371097097217
10,0.004980830225335103,0.004613292000305017,3033.703457698577,241.870154670778,-456.9765101791745
11,1e-6,0.004414664236872541,3096.56576886194,-290979.073218964,1043.2518806055668
12,0.003378444418153901,0.0045493785143759,3033.872228248449,-607.7791468737814,495.6754899694715
13,0.004377349401773169,0.004589221290896358,3033.625604643263,24.170916497041617,-136.52118953586978
14,0.0043514486894352415,0.00460688976760303,3033.624107299756,-1.985578055609949,-17.11835900096048
15,0.004362190308926104,0.004611345194250273,3033.6240995674807,-0.3223924636586162,-0.7865336260692857
16,0.004363363060683692,0.00461165237707317,3033.6241025398263,-0.0028682143238256685,0.004356054432719247
17,0.004362227205108469,0.0046113548585917504,3033.624099651582,-0.312335207581782,-0.7616547509314842
18,0.0043621915073631555,0.004611345508160932,3033.6240995701683,-0.32206577316173934,-0.7857254877308151
19,0.004362190348312497,0.004611345204566884,3033.6240995675457,-0.32238168159892666,-0.7865069642321032
20,0.004362190310587754,0.0046113451946855144,3033.624099567442,-0.3223920680284209,-0.7865325574130111
21,0.004362190310594166,0.0046113451946871945,3033.6240995674452,-0.3223920634809474,-0.7865325574130111
22,0.004362190310587754,0.0046113451946855144,3033.624099567442,-0.3223920680284209,-0.7865325574130111
