step,par1,par2,fn,gr1,gr2
1,0.1,0.01,27987.289791799332,12598.758909716707,-459899.5455010663
2,1e-6,10,32787.01842656152,2416.087804012932,1619.580541519099
3,0.06667881151898816,3.338820017453257,24174.804748410454,2668.1043293683615,881.1187767787487
4,0.04733945177930361,3.3322306916602846,24117.787567475913,2621.3576484406076,880.2521542384056
5,1.000000000001e-6,3.3161014875135377,24054.317469633148,-330944.40406341164,849.8008083006425
6,0.046924887414701924,3.332089440879634,24116.576828631565,2619.8274927992315,880.2107395422354
7,0.023462943707350963,3.324095464196586,24049.717513653406,2439.854798540182,875.6597710453207
8,0.007863439798676715,3.3187803857841356,24010.477039944035,1767.9701154156646,868.10324637554
9,1e-6,3.3040097891769196,24044.080216216502,-332719.7655290729,843.4589887110633
10,0.004413641190800035,3.312299498818024,23999.8586493539,985.1876924949465,863.3914901292883
11,1e-6,3.1654234143660176,23932.399982364226,-352020.08489399304,767.4697287257004
12,0.004045422334534607,3.3000432238364055,23988.983204645447,817.7105278082308,856.9361318586743
13,0.0020232111672673038,3.2327333191012118,23932.4399969365,-1171.447207671008,819.7238652974193
14,0.012317277336369961,1.2948542496778639,23051.876377633205,2799.2130246639135,-123.39568296738435
15,0.008052343559219978,1.5609992923676694,23091.744532587632,1666.5462510718498,423.2303865501308
16,0.011333466594054787,1.3562470791316266,23046.013062655078,2668.7509776274965,30.038987042644294
17,0.00691093913947066,1.3575792127821766,23036.453569511086,1477.0324311575678,33.712418353388784
18,0.001426061006572671,1.3442064392712967,23044.76211448422,-10267.514276492875,-9.937283030012622
19,0.0048650472047417955,1.3525910892891921,23034.46560623314,187.4027070698503,18.54520072811283
20,0.004581488132157148,1.3453237557176534,23034.39363638797,-86.21863649750594,-2.9588694269477855
21,0.004686616692860611,1.3461229416194045,23034.388768322522,18.042947667709086,-0.5460606007545721
22,0.004666147030633334,1.3464021905255945,23034.388545462865,-1.5987303231668193,0.25842669856501743
23,0.004667920026925801,1.346315096272643,23034.388533890058,0.06772330380044878,0.004391677066450939
