step,par1,par2,fn,gr1,gr2
1,0.1,0.01,3188.439771786708,64.98118988019996,26312.99343675437
2,1e-6,1e-6,6078.93183266574,123307.97504104339,-22169287.248107538
3,0.0650186711698859,0.006502181952096411,3108.615561959124,-118.74167418909565,17157.388665302733
4,0.029077312108484278,0.0011222606927133092,3348.1780804616797,1554.000408500542,-291860.91373801447
5,0.05364980815389567,0.004800421377871901,3092.0526727145143,-114.99513739636313,1727.2806098299043
6,0.05448586199541772,0.004694853629056875,3091.8618311867276,-104.29073485966,103.37933592609261
7,0.05805583352448656,0.00465797221147747,3091.524747339459,-91.1231844975191,-742.6609436697618
8,0.08109604476190238,0.004664433317460235,3089.9596960397816,-49.39851556855501,-1997.118508099902
9,0.11359022521279549,0.004827653739881695,3088.551818365492,-27.751861232445663,-381.15351446322165
10,0.14877903293891248,0.004952821096738439,3087.849732512849,-15.870991412612057,1064.1266245875158
11,0.18026752677386185,0.004988230600280988,3087.4970474699935,-9.938526811765769,1403.8165480383213
12,0.24810143394717799,0.004578499695051369,3088.0069251173677,-3.3817110920608684,-6252.237959126887
13,0.20455611687992037,0.004841522465284729,3087.272408461511,-6.748689024789201,-1125.8538087417946
14,0.24647963573548207,0.004894883171089294,3087.00412744899,-4.442791844212479,-318.83762477718847
15,0.32202725416310707,0.0049308995838887835,3086.761820400005,-2.22214493987849,242.39475189688164
16,0.3946958319648423,0.004926937439393979,3086.6426358129793,-1.1476775080154766,160.47766509018402
17,0.4723064577331578,0.004919053391626593,3086.579094517645,-0.5311479412739573,18.159525238843344
18,0.5390323782740609,0.004917455620740332,3086.5546639375484,-0.22470926523965318,-6.893629517890076
19,0.620818370676031,0.005319779128143948,3087.9874010479584,0.2078928650917078,6939.707656324572
20,0.5395974465089554,0.0049202353172080075,3086.554628858509,-0.22245676973398076,44.82280622141843
21,0.588148280909156,0.004918142151338718,3086.5475117690835,-0.07535906888733734,10.094629039940628
22,0.6130092964613159,0.004917483401569427,3086.5463726896337,-0.01691181296337163,-0.05103905095893424
23,0.620197046677373,0.004917453147596996,3086.5463056613803,-0.0017445518096792512,0.014255474525270984
24,0.6210238365255971,0.0049174484976579995,3086.5463048573674,-4.631601768778637e-5,-3.10944869852392e-4
