step,par1,par2,fn,gr1,gr2
1,0.1,0.01,125872.62309373819,70673.35629959416,-3241559.2862489573
2,1e-6,10,62198.8455223453,-10036082.770918583,334.5420405094046
3,1.5604680906450608,10,62312.242444638265,2274.74441187951,192.89487499918323
4,0.5202081147963618,10,59818.5040626152,2351.465472311247,279.9654737464152
5,0.17332168309559354,10,59153.95729176727,876.442830740416,337.51595474313945
6,0.17330654877961338,9.998938134355498,59153.58563835248,876.4245518977987,337.50109698303277
7,0.17324601151569274,9.99469067177749,59152.09919432284,876.3501595967682,337.4382212132332
8,0.1730038624600102,9.977700821465461,59146.15615026673,876.0274159430992,337.1845820583985
9,0.17203526623728005,9.909741420217344,59122.4289789938,874.358509972808,336.12945564527763
10,0.16816088134635943,9.637903815224874,59028.32711916868,864.4393322174437,331.471005702042
11,0.15266334178267693,8.550553395254994,58651.13050309664,864.3622214367497,336.6704013387789
12,0.09067318352794695,4.201151715375474,57301.45111791362,130.94899819407146,254.02888622920727
13,0.030858848847050036,1e-6,441157.05896737095,105165.51893611904,-1624430244.1745903
14,0.07069443150501625,2.7979136989163416,56955.44832833356,-624.2943424149416,322.8817151830299
15,0.050776640176033144,1.3989573494581706,56400.81872414379,-2409.718067610811,596.9496277612052
16,0.03750036271364007,0.46647782166248364,55867.49113688148,-1975.7058684626827,-126.01660848304164
17,0.05818989379621585,1.8665709633016416,56620.229711781634,-1496.506446674175,422.33910142385866
18,0.038602558967670356,0.5410651774536352,55873.7758661593,-3006.069749244489,328.38188897585496
19,0.03782741209188118,0.488609767989598,55865.83692942201,-2372.975296821096,36.06779358960921
20,0.03796229550081892,0.4888035847782967,55865.526826181056,-2326.7391093395418,34.55482510617003
21,0.03850182913656988,0.48957885193309164,55864.34505912795,-2145.787125591596,28.58921139704762
22,0.040659963679573724,0.49267992055227133,55860.50079678541,-1481.3089295421378,6.063699802325573
23,0.045796455832329906,0.5063058452129321,55856.082302206654,-329.30833447608165,6.748625964974053
24,0.04718330317151873,0.5090571591552152,55855.827257322846,-59.527468802116346,2.0957851666025817
25,0.04747533078615061,0.509485739026003,55855.81865080096,-2.841621171683073,0.10886851669056341
26,0.04748984552849401,0.5095056731662886,55855.81863137412,-0.02497112291166559,8.925417205318809e-4
