step,par1,par2,fn,gr1,gr2
1,0.1,0.01,5450.740388717189,211.6788030434691,-5332.52950147471
2,1e-6,10,25618.168599025892,2416.08786272991,2218.100943318859
3,0.07808693282915431,2.199137301740502,8573.155658413758,2413.331284060405,2035.7900200360746
4,0.09448966269810592,0.5604882013412318,5859.414918518787,2381.36079457945,779.2254521518771
5,0.09847194469290967,0.16265425172084222,5905.529608116689,2683.477799478169,-931.1546136723337
6,0.09977119191388623,0.03285815638433055,5722.671023808081,899.4379369778471,11652.342377246896
7,0.09998126017293031,0.011872127445536838,5450.037552652451,157.19148437710828,3773.625307721886
8,0.09995206312754563,0.011096459473353127,5448.297970122298,175.12572519081004,578.8954959052717
9,0.0999033315534044,0.010954031837919166,5448.253645583437,179.05298191635666,-86.56372393943457
10,0.09986292752696896,0.010959208497531505,5448.246045682625,178.85662508433597,-60.69214844046655
11,0.09970131142122718,0.010979915135980864,5448.217061379111,178.071453915436,42.393076132611895
12,0.09905484699826006,0.011062741689778296,5448.123536826402,174.93503668447374,448.38004036137136
13,0.09538169638199101,0.011220815344605133,5447.634194193059,165.44597859592614,1262.4036152965346
14,0.07911705734139578,0.01153262343969263,5445.937692243198,121.98676963180333,3022.509826359965
15,0.05698426297703478,0.011577935483197157,5444.36586035632,18.742900551842467,4002.809956868987
16,0.05118089344851522,0.011204881305559095,5443.031357622787,-10.066072877634724,2992.7592738931708
17,0.05030315497630328,0.010182400471415016,5442.026136649892,56.344556846852356,-1293.812758981403
18,0.04422622617312909,0.010385329592517952,5441.807026890111,-23.658112254452135,218.02289783408924
19,0.04676783731571583,0.010395465493420816,5441.784594433982,4.292081430321559,32.55590067965386
20,0.04622342954366331,0.010374019536123281,5441.783086835454,0.38354083699232433,-16.052094838414632
21,0.04621157288250693,0.01037775950045172,5441.783067964894,-0.08191222605091752,1.9752747584789176
22,0.046216262351780064,0.010377416913876674,5441.783066592512,-1.6580088413320482e-4,5.917854650761001e-4
