step,par1,par2,fn,gr1,gr2
1,0.1,0.01,3186.8514440580147,104.14384984869685,23874.562723467534
2,1e-6,1e-6,6141.082393960914,122433.61970191472,-22400053.336579774
3,0.06521134718169483,0.006521447819175857,3114.4494748545258,-62.85366591782804,14807.562762980524
4,0.03024994179745317,0.001725614828935824,3239.8191965114297,1046.9490540390325,-150294.67106994387
5,0.05422851621613255,0.005014877288272245,3101.126968865058,-60.06421147276342,2237.506019250759
6,0.0534586031646057,0.004799012456287687,3100.9829341206146,-47.479335196385364,-603.9028733493979
7,0.054240523525963966,0.004861219878669613,3100.9337465173535,-49.64924491559941,211.36895134986844
8,0.055505817476867496,0.004896077714634631,3100.8864670090547,-48.21512015269036,600.2710648704124
9,0.06118860478706687,0.004978186611561182,3100.723442698142,-38.01920463502029,1350.277427582114
10,0.06858111964206107,0.005017935349808845,3100.5515395298016,-24.55560726502881,1501.5605027383572
11,0.07786435182821795,0.004997158773515998,3100.3728480229693,-9.548217433348327,835.001413727241
12,0.0833086409123204,0.004960729563062948,3100.3239713491475,-2.014042404425709,130.79496475256747
13,0.08482312597444445,0.004954595863429617,3100.321772788715,-0.29909468821642804,-7.878826818341622
14,0.08519134509230081,0.004956231561512032,3100.3217358878915,1.1586280379560776e-4,3.1066182964423206
15,0.08519908699303408,0.00495555424613719,3100.3217281730067,0.030039238936296897,-6.797201117478835
16,0.0851936914933567,0.004956026282012144,3100.3217328172145,0.009184745977108832,0.10540338280407013
