step,par1,par2,fn,gr1,gr2
1,0.1,0.01,2716.5013380408163,431.72732003768033,18343.490205816124
2,1e-6,1e-6,5134.230255691096,122192.32091442791,-18661653.38659358
3,0.06501142643384247,0.006501457543695346,2649.276467714242,230.95532723573342,11747.92193415442
4,0.013039681938148445,6.267658098290817e-4,2955.3870761416915,5124.082159695718,-498226.70240583416
5,0.047740256494677,0.004549189051260552,2633.397645011409,219.97664598984557,-1569.2623502172864
6,0.04405678535459851,0.004496986354168269,2632.6787447652996,220.1616603565526,-1962.9663746309234
7,0.029322900794284547,0.004288175565799138,2629.9692848393274,218.80947891759206,-3046.2805718639174
8,1e-6,0.00425836877074299,2677.575875608792,-180696.4423148065,755.3975247287781
9,0.01878164139073299,0.004277459986311992,2627.959175099284,148.25961654423736,-1214.8664041228585
10,1e-6,0.004080638743978881,2677.453549099824,-182760.1151840963,790.1369756905297
11,0.012385953167846232,0.004210433132680414,2627.437476658099,-2.1954628505227447,-58.7463539750388
12,0.012581480305207927,0.004220327409497056,2627.4372821918478,3.2187753845391853,-30.22983577920968
13,0.012515251149173918,0.004221320688383789,2627.4371785454105,-0.1183133281301707,2.8687811868621793
14,0.012515686956147213,0.004221041795609168,2627.4371742210783,-3.5342509363545105e-4,-0.03471977152003092
