step,par1,par2,fn,gr1,gr2
1,0.1,0.01,320.8683737523999,2247.8675427586836,2971.9280869159093
2,1e-6,1e-6,87.42323510980653,35805.23925177161,-140636.56908404836
3,1e-6,10,24349.665051052234,2416.0877968461136,2324.007113784319
4,1e-6,3.248429489950553,8167.570871187666,2415.9915071595606,2469.379433987342
5,1e-6,1.0548749307415117,2701.339415975115,2415.555422135185,2512.9257824596607
6,1e-6,0.34265087309420156,909.1599658987477,2414.0308652442855,2514.741802016829
7,1e-6,0.1114257490360701,330.2422896325854,2409.2407354078205,2477.417189873563
8,1e-6,0.03633990117994414,147.28755762552015,2394.4961556296107,2349.2596098560625
9,1e-6,0.011934792430977384,93.04020234249572,2343.578745096266,1955.8935831955182
10,1e-6,0.0039799624974595944,80.50183805183721,1923.66487582035,783.7902303587896
11,1e-6,0.0039579100012872475,80.48465312249314,1916.8415815113349,773.9982472729423
12,1e-6,0.0038697000165978596,80.41810785898778,1887.9354342064403,733.7222029499202
13,1e-6,0.003516860077840308,80.18999496195671,1740.1846269318355,552.7343415520392
14,1e-6,0.002409021570449968,79.98889691315034,550.6850752519199,-192.7925265048458
15,1e-6,0.0026955075362151168,79.95571155919879,1015.2960663636179,-15.189968903612794
16,1e-6,0.0027200100713704106,79.95555834038498,1049.3666617443864,3.5423377980947635
17,1e-6,0.002715376565320574,79.9555517802178,1042.9979014054425,-0.012215348803579218
18,1e-6,0.002715392488529552,79.95555177432806,1043.019846969031,-8.746710022933257e-6
