step,par1,par2,fn,gr1,gr2
1,0.1,0.01,320.5427744328321,2241.7467238963695,3088.6568831473937
2,1e-6,1e-6,87.41664956583305,34998.44158600609,-140233.41726269692
3,1e-6,10,24349.6650510522,2416.087797610089,2324.0071134569007
4,1e-6,3.2481925150625512,8166.985689696585,2415.9914944448246,2469.384599435216
5,1e-6,1.054720037104182,2700.9501795707934,2415.5553203809177,2512.928214250678
6,1e-6,0.3425755240337462,908.970482575086,2414.030311846318,2514.738951824711
7,1e-6,0.11139346006446581,330.16229666192254,2409.2386732178284,2477.3996874063187
8,1e-6,0.03632713471177894,147.25756635139686,2394.5375646391653,2349.192185123314
9,1e-6,0.011930102706124691,93.03103643793249,2349.6328869160266,1955.6612571275878
10,1e-6,0.003978400290040586,80.50091003759037,2200.8903390573664,782.8331426945567
11,1e-6,0.003956320276142502,80.4837250671838,2199.4813989658724,773.0142227164549
12,1e-6,0.0038680002205501666,80.41718852553497,2193.6437464458436,732.6240076410784
13,1e-6,0.003514719998180824,80.18927457319343,2166.5360172887913,551.0536962732004
14,1e-6,0.0024123239804862404,79.99003250562731,2095.5294662566357,-194.1719535562214
15,1e-6,0.0026995583079645726,79.95685532152424,2082.4339787081667,-13.716165605046626
16,1e-6,0.0027213905453667498,79.95673012892483,2084.145075764212,3.0476897727993446
17,1e-6,0.002717421417433573,79.95672541170534,2083.8210119451614,-0.008887491986797613
18,1e-6,0.002717432958313991,79.95672540769192,2083.8219462174834,-5.156408633411047e-6
