step,par1,par2,fn,gr1,gr2
1,0.1,0.01,2552.7623577766967,814.5695041412182,11235.434522509422
2,1e-6,1e-6,4960.205614367772,116632.00770856747,-18015512.666127242
3,0.06530479567015554,0.006530791826977122,2498.81366423256,724.2659907865345,2683.9074351801173
4,0.0030826673835465945,0.003160550107310871,2461.537192642251,872.9316440644652,-12567.793591565533
5,1e-6,0.004047332740023697,2528.883685667126,-375587.4954968567,1766.2806184307556
6,0.0019953434380994874,0.0034734391608483724,2459.45498218226,-2512.64367880367,-5399.161034374629
7,0.13943063314023937,0.06823541466323393,2889.5851611297226,2121.004432638074,735.0354118011637
8,0.02553516728520149,0.014565826702799723,2524.271541501944,1407.8411521927592,6442.222244622826
9,0.006957055042847775,0.005811486732858603,2455.1008565746142,250.18165930305258,2616.6022466327377
10,0.0059443993815492145,0.005242448090848055,2453.8023321049714,143.9533411485172,1164.84865526445
11,0.005045800100151914,0.004751206066926823,2453.5299654278556,38.3189242370463,-477.10761617281605
12,0.005218942689174475,0.004861837598313888,2453.509405585116,50.92886907277716,-53.31463250286106
13,0.005185742494472415,0.004855936074974037,2453.5081896812467,39.65146833706967,-61.59522921734606
14,0.00508348355918804,0.004880123245627412,2453.5078551459446,-20.625257352548942,105.52711738910148
15,0.005103575075055414,0.004859476883646952,2453.5064196793915,0.3728478191078466,1.3942782788944896
16,0.005102208098571977,0.004858996731443599,2453.506415436391,0.013015171589358943,-0.006711402420478407
