step,par1,par2,fn,gr1,gr2
1,0.1,0.01,5461.373235879779,-8.38728315102344,2157.5825468198673
2,8.487283151050738,1e-6,13504.662797294684,0.7474213271052577,-45035246.42238338
3,2.8675160659079912,0.006700672596280802,5553.7750170885965,2.5557467188264127,-45959.1632080128
4,0.34446348390376536,0.009708559931561686,5468.090674226475,32.19977314984135,-2433.553483201649
5,0.12048978636668944,0.009975572855930724,5461.3514859221195,8.858318233251339,1483.1181117597225
6,0.05937081947869211,0.00862819768779725,5463.946890035902,-14.755633292224957,-5361.501809179572
7,0.10500290824936559,0.009634162716498383,5461.02717563503,7.4887683695124,-337.5480047179735
8,0.09580318288139966,0.009640679095797468,5460.996662776612,-1.5486196980418754,19.028426768272766
9,0.09765358438817769,0.009647274944322944,5460.995535380711,0.2268183379783295,-2.38980357607943
10,0.09741514568857013,0.009646369597603678,5460.995505441388,0.006554128049174324,-0.09624927770346403
11,0.0974082187265001,0.00964634773501841,5460.99550534229,-2.8371687221806496e-5,4.2475221562199295e-4
