step,par1,par2,fn,gr1,gr2
1,0.1,0.01,743.1381622388166,1780.3402480933528,4675.279188022614
2,1e-6,1e-6,783.6289434412457,111959.73542792899,-2508120.551477442
3,0.04571763373059482,0.004572251919241368,618.8137803276533,1134.9063274116133,12749.33528796339
4,0.016218215586454726,0.0016225756022456295,544.1605280495552,194.49749092700586,24124.301633150364
5,0.006936469516500288,6.944845318001807e-4,524.4212322318364,-137.06715204079956,7516.77994456486
6,0.01122067374525351,1e-6,858.0011156603074,564.459858848636,-2782272.576640466
7,0.0080045758837926,5.215900560739238e-4,524.521060700092,-14.630677133595782,-14786.802865673393
8,0.007469552469113608,6.081943453234049e-4,523.999004794544,-82.06009927050673,-1245.9479101016768
9,0.01991664522638209,6.936068034119393e-4,523.9391695665086,0.1593501445995571,5768.242860359578
10,0.01814306575451872,6.438732658833515e-4,523.7449272978927,-1.0508321440738655,457.1758823010441
11,0.018134416685370577,6.399450961358568e-4,523.7407971719688,-0.7148809538648493,-16.385135078280655
12,0.01822467076522505,6.401580942682427e-4,523.740917724643,-0.5416641317879112,1.179572479941271
13,0.018140427809356267,6.399592822888214e-4,523.7408046028143,-0.7032744673551861,-15.219338339989008
14,0.018134824680041243,6.399460589965166e-4,523.7407976736158,-0.7140928511262246,-16.306027000041468
15,0.018134444412566137,6.399451615715788e-4,523.7407972060452,-0.7148273863322174,-16.379759003939398
16,0.018134418569972856,6.399451005834869e-4,523.7407971742844,-0.7148773090648319,-16.384769648993824
17,0.018134416813486005,6.399450964382071e-4,523.7407971721253,-0.7148807145540559,-16.38511023202227
18,0.01813441669411203,6.399450961564865e-4,523.7407971719771,-0.7148809334012185,-16.385133383209904
19,0.018134416686071447,6.399450961375109e-4,523.7407971719681,-0.7148809220325347,-16.385134933329937
20,0.01813441668635632,6.399450961381832e-4,523.7407971719683,-0.7148809550017177,-16.385134889560504
21,0.018134416686096753,6.399450961375706e-4,523.740797171969,-0.7148809362433894,-16.385134918550648
22,0.018134416686071447,6.399450961375109e-4,523.7407971719681,-0.7148809220325347,-16.385134933329937
