step,par1,par2,fn,gr1,gr2
1,0.1,0.01,369.0790898257161,2218.4383322132817,2728.6038295088133
2,1e-5,1e-5,136.50598091296294,50079.63844072293,-78884.19181559044
3,1e-5,1,2585.422719564967,2415.5164460853484,2507.7146197008915
4,1e-5,0.31872572071554683,877.9038035412816,2413.8577534517935,2494.8575748709345
5,1e-5,0.10188369639519941,342.38052880507,2408.560701171041,2412.8023008870514
6,1e-5,0.03279788558374775,181.55766590774167,2391.1152670001456,2145.552589790327
7,1e-5,0.010713470092439769,139.96015402452846,2319.1283252060657,1329.0618764362705
8,1e-5,0.003578683832632586,136.01644143537416,1976.2448074621375,-805.9504490027791
9,1e-5,0.0036155210139896194,135.98621147342234,1957.9835983194016,-816.1657010414558
10,1e-5,0.003762869739417752,135.86540856857403,1926.0482109845611,-799.0416442659409
11,1e-5,0.004352264641130283,135.49325188172617,2002.6189488655177,-437.86110795139166
12,1e-5,0.005272478600413195,135.34168911330084,2124.328159423783,77.64106542865079
13,1e-5,0.005133882885573463,135.33545040424656,2110.2014025387916,11.1940034432223
14,1e-5,0.005110534360254586,135.33531620470384,2107.699863431378,-0.3507139983582874
15,1e-5,0.005111243659092933,135.33531630732287,2107.7763973988795,0.0015320107138450112
16,1e-5,0.005110664093485679,135.33531620481017,2107.7138643133253,-0.28627976405459776
17,1e-5,0.005110563798340385,135.335316203998,2107.703040467186,-0.33609279526558566
18,1e-5,0.005110629993136279,135.33531620397167,2107.7101842718093,-0.30321598686100515
