step,par1,par2,fn,gr1,gr2
1,0.1,0.01,3208.8366450178614,69.39669229041101,25037.882227225055
2,1e-5,1e-5,5028.564714617843,122745.64214723796,-11494931.383059356
3,0.06421095908297758,0.006424317244113871,3131.9327988650334,-104.39789608199135,15460.318115399332
4,0.03092569102229613,0.001646474745179786,3270.3745735628963,1022.6570798681678,-164098.02553449935
5,0.053911253754185026,0.004945874295819482,3118.656191403467,-102.2841032136057,2335.609898268558
6,0.05399152462874933,0.004763058788956807,3118.4504329107244,-88.8975187581309,-244.540932203563
7,0.0553908762086654,0.004784880199680031,3118.32565188507,-85.70977912995659,-26.46651762233887
8,0.0609882825283297,0.004872165842572929,3117.9155925461378,-74.72894649026784,867.9492922215104
9,0.08252752116129676,0.00498271126117931,3116.8511836743437,-40.116374789249676,1422.6469641266704
10,0.10319137009460216,0.004967532024357535,3116.234736728127,-20.057643885138532,559.5306330997118
11,0.12442992409345789,0.004971073920340806,3115.943068112576,-8.496847301557864,154.95460901775004
12,0.14038595046666344,0.004982326337154737,3115.8556442042523,-2.9583879336314567,83.94761179260968
13,0.14572470691145428,0.004747264760404313,3116.28599122516,1.7804001026888727,-3889.117912681286
14,0.1405954818370752,0.004973100822783179,3115.8548165481825,-2.7743591272155754,-62.344080361071974
15,0.14892179932015592,0.004983532879348901,3115.8406869562186,-0.6328807762656652,-0.7860885239097115
16,0.1513308985051845,0.004985461679144157,3115.83987772536,-0.06737800504197367,3.1083615249372087
17,0.15160737527709664,0.0049854556472956925,3115.8398680697724,-0.0018841274140868336,0.07597348258059355
18,0.15161536234522327,0.0049854562172544714,3115.8398680701243,-5.886704457225278e-6,2.58703494182555e-4
19,0.1516099144568271,0.0049854558284920655,3115.83986806826,-0.001287016857531853,0.051901517963415245
