step,par1,par2,fn,gr1,gr2
1,0.1,0.01,3260.7253497756806,34.49939270012692,26174.17645676369
2,1e-6,1e-6,6265.384808781419,122116.25355012984,-22861585.703828916
3,0.06512638445363433,0.006512952311042007,3185.2077718442592,-152.69163575794664,15730.065534828555
4,0.037336829548236285,0.002268969818325717,3255.570428693377,498.7457431502662,-93581.95487857301
5,0.055764002247371595,0.005083142214811232,3172.014509046715,-145.40422411982945,3269.3506905070535
6,0.056003360281342514,0.004817388889609551,3171.5870132106024,-124.39861531220231,-417.9324412029928
7,0.05804456386974502,0.004851063507914934,3171.3296936799466,-119.97669241281983,-82.18274631644817
8,0.06620937822335504,0.004985761981136468,3170.499461507841,-104.261013100313,1299.9855069483601
9,0.0951616409922619,0.00513837581296541,3168.5353579852076,-55.17153128039354,2205.460746101835
10,0.12158030018568433,0.0050984835740192505,3167.40239995146,-28.55986690519785,1055.809776944443
11,0.15014067377959744,0.005066653974643434,3166.799839617967,-13.887661041280808,230.64148352204938
12,0.17782193268220195,0.0050692802455552105,3166.52317328711,-6.907211552515946,102.32643995777835
13,0.20652325539295155,0.005142666489708953,3166.428728765095,-3.359684926635964,1180.8892254339298
14,0.23777792910231976,0.005048920986656012,3166.316797858666,-1.4088234615883266,-334.9477103370191
15,0.25381819043428894,0.005061230920050468,3166.295761509826,-0.9048847550729988,-136.35765116987386
16,0.28208805910491364,0.005071034333719344,3166.2780339032392,-0.3804474795288115,28.77436415246848
17,0.30229378211966557,0.005070286319823949,3166.2725615631966,-0.17482115708844503,20.751134018155426
18,0.3194935079259244,0.005068891164863725,3166.2705537155957,-0.062027743297221605,1.2160232131464
19,0.3289933893663749,0.00506904306266261,3166.2701945354775,-0.015713003449491225,6.049241947039263
20,0.34105399471301473,0.004984165671774952,3166.331130293729,0.03446806886131526,-1479.05926071644
21,0.329064137168982,0.005068545169835199,3166.2701859444783,-0.015517218798777321,-2.45472767346655
22,0.3322459932024781,0.005068633051237357,3166.2701593558522,-0.0020041261450387537,-0.22131000832814607
23,0.3327182414705896,0.005068639657833183,3166.2701589521885,-7.59496288083028e-5,-5.548099579755217e-4
