step,par1,par2,fn,gr1,gr2
1,0.1,0.01,320.8703418003299,2247.8758822012423,2970.5024999685747
2,1e-6,1e-6,87.41049480968424,32867.73785835166,-140313.9832247622
3,1e-6,10,24349.665051052223,2416.0877971735317,2324.0071136751794
4,1e-6,3.248239944314201,8167.102810730699,2415.9914964002382,2469.383464240309
5,1e-6,1.0547510144257393,2701.0280233463177,2415.5553198488633,2512.92768350595
6,1e-6,0.34259056634417345,909.0083100627144,2414.0304145987557,2514.7395420015073
7,1e-6,0.11139987725235681,330.17819461171115,2409.239087302808,2477.4031669838337
8,1e-6,0.03632964151380641,147.26345532956458,2394.5394182572954,2349.2054261258486
9,1e-6,0.011930991320038744,93.03277466249352,2349.9971374353377,1955.7048131385811
10,1e-6,0.003978661186716438,80.50112193897665,2208.7091496631215,782.9493510994467
11,1e-6,0.003956589075096586,80.48394050101753,2207.3031383172292,773.1354985224925
12,1e-6,0.003868300628617178,80.417416144405,2201.4305751174843,732.7667431333396
13,1e-6,0.0035151468426995467,80.18951540360112,2173.0046609796714,551.3053675384327
14,1e-6,0.0024119973377599376,79.99001883770923,2034.7246382955575,-194.05337425311586
15,1e-6,0.0026992011655766557,79.956829318012,2060.056861283499,-13.876493402307233
16,1e-6,0.0027213204408299335,79.95670121883882,2063.7118610029856,3.1000641773459847
17,1e-6,0.0027172812725521594,79.95669632084385,2063.0395118629963,-0.00920940820492433
18,1e-6,0.0027172932362306374,79.95669631665592,2063.0415003842018,-5.476934461512428e-6
