step,par1,par2,fn,gr1,gr2
1,0.1,0.01,2984.156094785592,174.47018452457996,24959.657653816976
2,1e-6,1e-6,5643.871680268751,122731.54910386438,-20553929.89378749
3,0.0648699316633645,0.0064873093401132155,2903.881100144903,-25.065968450235232,16844.26559749454
4,0.022621398875119228,3.436732465062547e-4,3518.9666421833135,3022.7353386271716,-1201180.2897805728
5,0.05078179021990141,0.004438660344473272,2885.4035809390803,-34.31579234302262,-1570.7148026694995
6,0.0526027339361001,0.0046387390603035705,2885.3109227239406,-41.22246004271801,1252.510797191917
7,0.052428073156476664,0.004576135740094814,2885.2657137672304,-37.97922676540111,377.99599145955654
8,0.052876449525709794,0.004558324568150025,2885.2448423147043,-35.276864166462474,90.9818709396859
9,0.055770098731622,0.004524813615399205,2885.1672286582984,-23.99729370154091,-586.1642193190164
10,0.06027144439165548,0.00452625557477492,2885.0857409711816,-12.179307184396748,-820.0451450898072
11,0.06600773588432372,0.004576647337838733,2885.016613944375,-2.369478686432558,-332.1307609166979
12,0.06789029213373997,0.0046009571788304384,2885.0102573013005,0.10015850875788601,-46.709711045878066
13,0.06795995207155087,0.004603672174268374,2885.0102296550267,0.1163555543826078,-9.093307232888037
14,0.06792323349683854,0.004604128828750568,2885.010231464832,0.03236293196096085,-0.8385219780393527
15,0.06795198749424866,0.004603771226585963,2885.0102294657404,0.0981479433903587,-7.302642895865574
