step,par1,par2,fn,gr1,gr2
1,0.1,0.01,5929.265391656976,165.86466239459696,-7174.413929737966
2,1e-5,1,6520.087926584342,2415.4197659572674,1424.7157208501449
3,0.06916512234659895,0.3152958183505055,6172.473652603184,2257.750772059808,-443.54540232234285
4,0.09192448499159557,0.08995559414261813,6416.315057122429,3132.615413073836,-125.69514812639682
5,0.09901480849917775,0.019754371295269826,6021.048073049434,202.1182333555771,15922.30945700976
6,0.09985530721854602,0.011432601796574106,5925.409604285273,112.88738964594813,1242.8854746030993
7,0.09985572281528651,0.011223009162223761,5925.255310372873,118.9920387832899,215.19745343539398
8,0.0998308623570368,0.011179020994694875,5925.247652734102,120.34871080686571,-7.522689797951898
9,0.09979204661361897,0.011166836757763742,5925.2434086516505,120.73716424310987,-68.70592257655517
10,0.09938502897582144,0.011101337097693025,5925.208812824359,122.91918274968339,-394.72930898227787
11,0.09845717130516374,0.011020974020853076,5925.14069784172,125.82878134253406,-788.0236398477791
12,0.09543457464277717,0.010862777642847482,5924.93409819735,132.37584624675947,-1540.1028313090137
13,0.08710699049117465,0.010582220305656826,5924.380156600803,146.79768102269009,-2794.0723365691156
14,0.05952702573206715,0.009915277259048014,5922.444039479816,187.00780891776958,-5131.160812229609
15,1e-5,0.008766052100186173,5998.055570898253,-58589.73222563691,3997.1990448793804
16,0.03918310017609618,0.009522452671606686,5920.851655185948,152.3853628668803,-5241.362746260165
17,0.007278816622110662,0.01009797811174194,5938.618455221919,-2752.7424745812823,3101.286794249063
18,0.029888223234187848,0.009690124142239869,5919.480359198859,-24.11308041700977,-2642.9093621209176
19,0.051197573334815893,0.011221835093368293,5919.92250952649,62.99917188243853,2290.3926393928487
20,0.039220394492781446,0.010360918363888725,5918.52302040025,39.431913914995675,-548.9040327847761
21,0.03740631655510829,0.010416071925521173,5918.460442119858,9.938184648490278,-81.30319779866113
22,0.03664020827664416,0.010415895305409312,5918.457003584928,-1.0724632011260837,5.702985254174564
23,0.036720260922865525,0.01041659428817124,5918.456965995035,0.03445001766522182,-0.3041453783225734
24,0.03671800010777575,0.010416601395822869,5918.45696596866,2.0407242118380964e-4,-0.010625681170495227
