step,par1,par2,fn,gr1,gr2
1,0.1,0.01,21326.333163842537,6546.049965345446,-302179.1971382299
2,1e-6,10,30507.8372521529,2413.2513682707213,1809.8671441839542
3,0.06677077329826603,3.329632943832663,20188.9929333525,2389.140977375064,995.9432544201263
4,0.0405736625054323,3.318630472682176,20115.517086851087,2384.734629667946,991.0236925679783
5,1.000000000001e-6,3.3015904428771874,20003.356437726372,2144.9026262780535,982.4160009156913
6,1e-6,3.245563977634673,19948.97809852542,2123.0148431641283,958.6076463710924
7,1e-6,0.9897424810249045,19708.089826372183,-724669.1881609149,1714.578419796453
8,1e-6,1.000000000139778e-6,59466.992627825406,124649.5731019968,-220396756.78645244
9,1e-6,0.6497607285096625,19198.372697964012,-90528.78230198985,168.96457933398779
10,0.0271311896370872,1e-6,61722.68510022192,50672.78260681633,-220474926.27702537
11,0.00942762990790208,0.42399583074623026,19262.990842726987,6774.220490078733,647.2532104999118
12,0.0026314010250925862,0.5867634299725633,19207.21492193473,4627.431896497001,-540.257683423988
13,8.96412869193124e-4,0.6283158646670725,19187.038648844966,2614.835729364131,-71.23459399736021
14,0.025036404666728282,10,30568.24742130154,2412.724419446022,1809.8868761080666
15,0.0012978533663081534,0.7841640343618619,19289.35657315578,-1288.80110616592,1226.5691651191446
16,9.113502145960059e-4,0.6341148758726384,19186.8554082386,2599.536988800537,-5.758587521995651
17,8.84540889347665e-4,0.6340255879403505,19186.787122821574,2510.1343569986057,-6.401637292583473
18,7.773035883543015e-4,0.6336684362111988,19186.54058365847,2090.5935201517423,-9.117083154706052
19,2.337208689367713e-4,0.6338131718514411,19186.68816438362,-6012.54910168791,-7.1630072670814116
20,5.03373059487888e-4,0.633741373611637,19186.179520642698,201.68106511846418,-6.307138337433571
21,4.7466603904342236e-4,0.6342686361511854,19186.17450374592,-120.93695331714116,-0.19627519577625208
22,4.860092926646823e-4,0.634316303226333,19186.174741375657,10.516232978261542,0.33498796256026253
23,4.7759669407840673e-4,0.634280951467271,19186.174424971992,-86.37612188977073,-0.0582969187234994
24,4.8492988537426077e-4,0.6342839618925729,19186.174652902104,-1.687204530753661,-0.034708791645243764
25,4.7900878098706403e-4,0.6342815311578841,19186.17442232357,-69.86846008658176,-0.05354499080567621
