step,par1,par2,fn,gr1,gr2
1,0.1,0.01,296.662791603607,2262.4029609627883,3133.162290166638
2,1e-5,1e-5,43.71499293429816,8299.330904635126,10052.407277962984
