step,par1,par2,fn,gr1,gr2
1,0.1,0.01,320.86026258684973,2247.710800085656,2977.0732258262456
2,1e-6,1e-6,87.41360879892508,36052.897883328966,-140378.6778485032
3,1e-6,10,24349.665051052234,2416.087796918873,2324.007113784319
4,1e-6,3.2482780280235715,8167.196854002311,2415.991498482981,2469.3828291947284
5,1e-6,1.054775913553218,2701.090593047435,2415.555356647019,2512.9273063203073
6,1e-6,0.34260268566321345,909.0387869946926,2414.03054226339,2514.7399711102025
7,1e-6,0.11140507846174029,330.19108011230065,2409.2394087756475,2477.405987188206
8,1e-6,0.036331706307957276,147.26830594158093,2394.515152623171,2349.2163362990937
9,1e-6,0.01193175868568038,93.03427240247656,2347.036229425612,1955.7434067716172
10,1e-6,0.003978926491387772,80.50123597446871,2119.0087580630743,783.1352044085804
11,1e-6,0.003956857815670299,80.48405306673868,2116.161615404053,773.3256439212255
12,1e-6,0.0038685831128004054,80.41752151147408,2104.2157296400887,732.9750126665147
13,1e-6,0.0035154843013208313,80.18956772150759,2045.5371452057136,551.604493250224
14,1e-6,0.002411368164313812,79.98977196153241,1686.9171367629576,-193.9040400624492
15,1e-6,0.0026985447291647674,79.95655995019597,1797.9808770637362,-14.102012802865715
16,1e-6,0.002721068210439895,79.95642772031655,1807.3349990913812,3.174801103469349
17,1e-6,0.002716929277555978,79.95642255782434,1805.6219718376099,-0.009673007212995799
18,1e-6,0.002716941849781799,79.95642255338504,1805.6271795509815,-5.948876946604287e-6
