step,par1,par2,fn,gr1,gr2
1,0.1,0.01,1183.4970054158262,1340.1663467118397,9371.478884324915
2,1e-6,1e-6,1591.5992013750576,118383.72132209997,-5508027.832377136
3,0.05807919801072045,0.005808297092062858,1085.204965525314,815.4646634670826,16650.095651016272
4,0.020233095149515337,0.00202402742427428,986.7748168248232,52.62269663774077,20062.359908002916
5,0.006879912350835224,6.888293242532546e-4,987.3327762291165,818.4173444880116,-58740.91290302146
6,0.013040971761242456,0.001304879815204784,976.9109419554761,38.102927935028674,2920.3077824223556
7,0.012527684051118183,1e-6,1737.0624181373435,1482.2612633679455,-5767488.874309161
8,0.012890942153417458,9.237668965285433e-4,980.3770315136599,189.62992735339412,-26485.81972649424
9,0.013018341420007552,0.0012473930595989573,976.8108002723255,50.65338359827365,62.07082216008075
10,0.01089832124992146,0.001236434635533838,976.6789108482424,72.67776714343199,61.14262548408078
11,0.002418240569577087,0.0011926009392733607,975.0959373504173,364.86389343224346,2027.0583254642816
12,9.999999999992654e-7,0.0011801061773825997,980.6340063522093,-52797.10484726251,0
13,0.0015673480601116063,0.001188202659915397,974.7430436845542,453.53580096218593,2062.617863584819
14,6.127006191210572e-4,0.0011832680693682558,974.2532386703743,326.1804221318698,1160.6671949732572
15,1e-6,0.0011553740272017877,980.6113860680167,-52598.258208048486,910.8497465842902
16,4.7064573543439215e-4,0.0011767902519660073,974.223519246316,-149.4728951666957,845.9158700054559
17,5.583941210346902e-4,0.0010942357321164751,974.1852221528997,97.94635398009177,-177.65729825612198
18,5.275969341617107e-4,0.0011095167408665448,974.1833952014639,5.266503827101587,56.21114224368284
19,5.264755140673254e-4,0.0011060930104198816,974.1828819990865,-1.0308021677474244,3.200520992550082
20,5.268334974723592e-4,0.0011058655826014338,974.1828702551212,0.12353779425211542,-0.14084971894590126
21,5.26796966900577e-4,0.0011058757846797562,974.1828699956919,-0.002249122985631402,-3.750744781427784e-4
