step,par1,par2,fn,gr1,gr2
1,0.1,0.01,336.1949347013507,2227.043018579593,3048.955142738805
2,1e-6,1e-6,112.33579448925428,47232.229645579195,-202687.3038866617
3,1e-6,10,24352.243310296075,2416.087797137152,2323.7918572704075
4,1e-6,3.273959232046566,8235.524211777169,2415.9928653352836,2468.2106284308247
5,1e-6,1.0716665908449217,2750.7208994305624,2415.5663932833704,2510.778899259094
6,1e-6,0.350891076045039,939.3157231004284,2414.084723285441,2509.3244159154438
7,1e-6,0.11500762424645396,350.7869265837257,2409.462142004486,2461.8882977364365
8,1e-6,0.03779446832190407,164.6045585463865,2395.383280928627,2303.706443951938
9,1e-6,0.012499565007745633,110.26021349912104,2352.515437900138,1822.3558586581134
10,1e-6,0.004186555372777433,98.96868313964212,2190.088894518567,392.6530158225461
11,1e-6,0.004178462644351247,98.96551905799024,2189.433059688781,388.4940274796378
12,1e-6,0.004146091730646503,98.95320107254895,2186.7679829468043,371.69822621599735
13,1e-6,0.004016608075827526,98.90949102798653,2175.4000326062337,301.8639582208493
14,1e-6,0.003451551392771108,98.8360652032331,2109.912610794282,-58.67522724585683
15,1e-6,0.0035435104103247943,98.8337223689706,2122.3965444561086,6.416850264656659
16,1e-6,0.0035344449868708935,98.83368839993469,2121.1927225191116,0.10420696426649556
17,1e-6,0.003534295337949995,98.83368831993765,2121.172796727677,-1.979459796075389e-4
