step,par1,par2,fn,gr1,gr2
1,0.1,0.01,20827.373973824855,7272.803952346294,-294266.8419087204
2,1e-6,10,30373.767774303327,2416.0750411829213,1821.0605511194444
3,0.06678112488803398,3.3285988096735024,19925.206423619202,2378.6656191987277,1073.6091876788123
4,0.08890340364118675,1.1185610618560624,18406.972224135963,3455.2423276909394,-153.2705675708712
5,0.07588303412807987,1.1191001228346322,18361.85208505082,3462.063463884988,-137.1850115538109
6,0.023801556075652347,1.1212563667489115,18183.724457167602,3268.414144331473,-110.70615668359096
7,1.000000000001e-6,1.1222417420898902,18178.290017157928,-333217.5289666702,108.63283740036422
8,0.023570054402012416,1.121265951232563,18182.96713007794,3265.139759514568,-110.69834936279221
9,0.007886575607122345,1.1219152685517098,18135.21699278092,2555.8503579850367,-116.89492876030272
10,1e-6,1.1226987432915965,18178.339377644857,-334032.9592645139,107.42969147031545
11,0.0046779997600342495,1.1222340579784365,18127.980380902016,1799.0658690177952,-124.22253217664547
12,1e-6,1.1232515033237294,18178.398427043696,-335046.2330785376,106.28007576087839
13,0.003005573557707917,1.1225978814426674,18125.668536069974,754.6074040874373,-128.25320423871744
14,0.0017494406112152417,1.1234146109759509,18125.70424293814,-1369.0778863201558,-130.2794954062847
15,0.0023677570447609834,1.1230125856221844,18125.365363943136,-38.65694696287392,-129.60237871084246
16,0.0023300676581456837,1.1236107571839788,18125.29010597668,-98.89026212476892,-130.3363086663012
17,0.002179310111684485,1.1260034434311565,18125.0105242624,-361.21863007792854,-131.11927966747317
18,9.601842018698026e-4,1.1715929241453074,18124.040691168313,-5625.159762075782,-23.558091215818422
19,0.0015830188706832458,1.1483018851366367,18123.15517763794,-1907.699804614822,-84.46524248938658
20,0.001773843204612335,1.1706151704355714,18121.616161584185,-1302.587837963074,-26.407143923279364
21,0.0022001263826019898,1.1806025202625663,18121.149362224834,-323.7458470175625,-1.1361066935933195
22,0.002336789141827613,1.1812191493327504,18121.12186063893,-85.16706217051251,0.3514286072459072
23,0.0023853011759564216,1.1811173181111363,18121.119727921054,-6.961078142921906,0.07690774509683251
24,0.0023896163781704405,1.1810879832380459,18121.1197209508,-0.15086015991983004,0.0017875026969704777
