step,par1,par2,fn,gr1,gr2
1,0.1,0.01,124003.02103670963,73037.14815454441,-3152015.022777341
2,1e-6,10,55693.50976694395,-226312.63421550102,-50.810003085643984
3,0.7053176999079833,10,58406.4012124235,3395.686072180979,-20.973439313820563
4,0.22906076480931667,10,56615.0319743066,4132.50501951552,-27.669800765579566
5,0.07439707696972252,10,55962.362264619704,4273.874783721112,-43.24315385019872
6,0.024256570006110457,10,55749.6626655606,4158.4036952554015,-46.73520343203563
7,0.00799647366362507,10,55683.98305500377,3783.592207400943,-49.227185154450126
8,0.007864999921884644,10,55683.486246904584,3773.8099961643456,-49.254690602538176
9,0.00733910495492294,10,55681.51259175661,3730.960529537697,-49.364285441697575
10,0.005235525087076124,10,55673.90818927148,3468.1287992498255,-49.79541903594509
11,9.999999999992654e-7,10,55693.50976694395,-226312.63421550102,0
12,0.002898363912123055,10,55666.51343408034,2708.6689182397095,-50.25239326641895
13,1e-6,10,55693.50976694395,-226312.63421550102,-50.810003085643984
14,0.0018160409020690788,10,55664.04897871389,1682.6738403688069,-50.45791454904247
15,1e-6,10,55693.50976694395,-226312.63421550102,-50.810003085643984
16,0.001220458767418997,10,55663.3919327445,334.614485509519,-50.57127265899908
17,0.0010726237267390558,10,55663.381013831764,-233.97402324917493,-50.59953677118756
18,0.001133457807471016,10,55663.375350817,18.115696184395347,-50.58793154603336
19,0.0011290861427848344,10,55663.37525859511,0.9139629037235864,-50.58887087216135
