step,par1,par2,fn,gr1,gr2
1,0.1,0.01,2978.4346601908296,127.02287496267672,26652.441859632745
2,1e-6,1e-6,5556.859688348902,122880.61354890488,-20230858.220361117
3,0.06470216645792776,0.00647053432947149,2891.2713303115634,-105.27952944357821,20171.684832585015
4,0.03509332817158199,1e-6,6062.967936030866,1867.3175684443777,-20481506.936591767
5,0.054797518900369574,0.004306367779766342,2865.627860396093,-105.66051229261575,414.51921970065086
6,0.056936737054955576,0.004313890442834938,2865.4106386551725,-100.44265605984037,389.77364035190476
7,0.06549360967329959,0.004343981095109322,2864.64131613325,-82.87576257998808,363.1991617658059
8,0.10403350931516679,0.0044479640732455385,2862.4872899606107,-38.096223913726135,649.7917414026233
9,0.13547957746044584,0.004421853632796672,2861.608188729211,-19.744054177408543,-438.1770210125069
10,0.1769343068078702,0.004560968243869759,2861.1073431124314,-9.604420672530978,1641.9514118229017
11,0.21135337329668333,0.00447478727086742,2860.8046484971737,-4.538128730473545,-84.323372518611
12,0.24195067322831137,0.004478311489567095,2860.7024860176443,-2.3152321068664605,-112.5042897615458
13,0.2760362768205895,0.004639144871707129,2860.8686774342814,-0.9977568265640002,2815.9173736412413
14,0.24805404150557142,0.00450711031543563,2860.6940993832313,-2.052634868050518,420.8943505818752
15,0.2761202318719908,0.0044940555752472425,2860.6503544055654,-0.884425392086996,126.45224138623234
16,0.2975531435434552,0.004489181537130825,2860.6376949200844,-0.2921732266258914,6.613941454816086
17,0.3082385063427912,0.0044894658343445646,2860.6358244782277,-0.065186557094421,1.846520012804831
18,0.3113060213284575,0.004489522040542624,2860.6357161957953,-0.006523139290948166,0.25381679506608634
19,0.31164693343280997,0.004489524242937342,2860.6357150939302,-1.6662852431181818e-4,0.004645053195417859
