step,par1,par2,fn,gr1,gr2
1,0.1,0.01,5576.112832045835,-142.72474283643533,2524.6142038622565
2,10,1e-6,13767.76063623727,0.5489873183250893,-45912225.72923421
3,3.705848908977086,0.006358092601933143,5668.715838790952,1.4464763307842077,-56817.20103766111
4,1.1548985094676714,0.008934552505437652,5580.199876639714,5.072537123851362,-11933.485132713031
5,0.45355667001272804,0.009642907763287144,5569.801635680011,8.163612005773757,-4020.9151399449183
6,0.6157612462988536,0.014042386737119071,5619.332854008025,23.432051734744164,21851.572276095794
7,0.47036191977497677,0.010098716993037781,5569.007371583154,7.909760929578624,-127.18901250082126
8,0.4504394442929947,0.010078168828789338,5568.855853773272,7.709021651862713,-287.78780995708075
9,0.37074954236506646,0.009995976171795564,5568.354820011983,5.640368208332802,-865.0997445101893
10,0.16010952281941182,0.010002827269703134,5570.724457512294,-52.689349504362326,904.9212170566534
11,0.31100122327548735,0.009997919494744253,5568.131460730824,1.1603186021602596,-674.0607479196115
12,0.29786455431361747,0.010059603629444013,5568.103342226437,-0.715960832167184,-137.9589919179125
13,0.30575163778381487,0.010085536976902076,5568.099958456579,0.18930956230178708,26.88213281089702
14,0.3041350905803946,0.010081127690769985,5568.099726275844,0.006710492925776634,-0.2315685742360074
15,0.30408115939952163,0.010081128465544945,5568.09972609879,-5.95719029661268e-5,-7.867674867156893e-4
