step,par1,par2,fn,gr1,gr2
1,0.1,0.01,1740.5691894320698,728.4557519972168,20491.94723777191
2,1e-5,1e-5,2182.666413158143,118730.36050054451,-4756381.94166879
3,0.05752040369822311,0.005755863915844072,1615.6182190446511,274.47884578919,27177.314036604228
4,0.020390211205065942,0.002046186718057893,1536.4169336560583,-169.81925306026824,-168.381397036228
5,0.02980792374671701,0.0023559036346541638,1536.1741901478995,-132.08806258944605,7510.708832022601
6,0.04192754649486882,0.0021554223373027705,1534.1976856136735,-57.79609136993713,831.717433366066
7,0.0524595461174033,0.0021427306603876177,1533.7338980548857,-31.86354967169791,-110.64683859785873
8,0.06629337513609515,0.00216879674694944,1533.4273359668678,-15.428818568352654,516.2325962089653
9,0.07885625770629975,0.002158453254935017,1533.28118018496,-8.181203155572803,58.11600501829162
10,0.09332290481645501,0.0021616578487763023,1533.1939216061585,-4.474389621691444,174.12044323464215
11,0.1151037737458547,0.0020188513355806847,1533.5032883226984,-2.04293490355667,-5851.259916028084
12,0.0965593109051126,0.0021404383156941116,1533.1835171038417,-4.008315338523971,-638.8922501332672
13,0.11316171928738276,0.0021506748282653218,1533.1281385441282,-2.415103211887981,-218.0817205112362
14,0.13836572731490226,0.0021558400860241887,1533.0835818748644,-1.244186842086492,19.520741441283462
15,0.16527389929879452,0.002154789787298469,1533.0601741179169,-0.5465379649649549,-8.241601863119286
16,0.18633775952062495,0.002154699629870315,1533.0526347395903,-0.1904193129576015,-9.189450199755811
17,0.19760410585519955,0.002156829480352635,1533.0515524011985,-0.04743584440802806,80.1573023943547
18,0.20934156728785175,0.0021421164960942485,1533.0540753326727,0.07701231879764237,-546.2450573861588
19,0.20048244895532066,0.0021532214585529208,1533.0511849134198,-0.015010680272098398,-71.91107281300901
20,0.20159646860788996,0.0021548810613488114,1533.0512344911122,-0.003136701707262546,-1.9939746198360808
21,0.20069365769428665,0.0021535361052585655,1533.0511844024072,-0.012743763591060997,-58.65111716161664
