step,par1,par2,fn,gr1,gr2
1,0.1,0.01,4807.671179588086,914.2907674913658,-14595.644591004202
2,1e-6,10,25490.544766452484,2416.0873655273463,2228.756110271206
3,0.07227307434371648,2.779947572538449,9507.299224953265,2413.7090771455405,2153.681730324024
4,0.0919970010371021,0.8095075914694156,5735.673531319457,2394.1412724025213,1425.496890155955
5,0.0975939345522914,0.2503683419095093,5222.947432879259,2615.2905817889405,326.0794598418215
6,0.09934553234683045,0.0753819723713626,5142.715742753171,2460.737125311425,2275.5866901843547
7,0.09986469977466902,0.02351662767684129,4850.863606237314,896.2348646991813,9402.750680246754
8,0.09995906679253459,0.014089268318477807,4785.709517318638,804.261072216832,1259.526775293125
9,0.09975261673206307,0.0137650625769161,4785.256457946404,808.978258623938,496.66200587125786
10,0.09904601696478496,0.013330690116118529,4784.702912096069,816.7074235416294,-612.6563575799082
11,0.09783369058082096,0.013041923151779553,4783.997841729889,823.2448869875952,-1399.0758736690623
12,0.09153333539053708,0.012234182584822074,4780.806802370776,849.7108288975141,-3806.2781825647107
13,0.07558722089365777,0.011112123311331039,4773.053296930886,921.7845744842634,-7566.392980193086
14,0.011142491386688338,0.008225585378601357,4724.6097427748655,1624.7640566098198,-9883.964726109298
15,1.000000000001e-6,0.007726547865977786,4840.886098313692,-461909.5620577627,1714.5580085798429
16,0.0072357189945138345,0.008050597496879653,4720.781804032384,930.0514014421424,-7294.303262692665
17,1e-6,0.008197630187379502,4842.459071146897,-470134.8848181442,2229.13550267549
18,0.004809621912908473,0.008099903569664618,4720.040951482738,-853.6069488627618,-4217.285654799525
19,0.01266445880890043,0.01204767099700573,4714.272158414453,261.843194625726,1349.0982384882955
20,0.010784192097991118,0.011098164459702263,4713.117913498043,170.87893083498784,186.23601481976948
21,0.009876778662342461,0.010740780691263347,4713.008634177444,84.29614049418888,-235.72696497922152
22,0.009801441624025464,0.010774614065957701,4712.996949839343,55.82318456617941,-145.27193880439881
23,0.009624514269231346,0.010819751950826368,4712.988812336277,-1.526959563307173,-3.4958756077685393
24,0.009635975831888995,0.010823595743441024,4712.988804396678,0.1615479322936153,0.2471140714987996
