step,par1,par2,fn,gr1,gr2
1,0.1,0.01,5605.64222054911,80.15223696475005,-2873.6076730501736
2,1e-6,10,25649.10770995209,2416.087866840826,2215.517865624861
3,0.08282226518107647,1.7260728691391525,7720.611223741462,2412.6833895707023,1908.5440630669837
4,0.09614103652050494,0.3955143067446247,5900.006074753068,2335.785239715733,34.84134302198072
5,0.09915871443566908,0.09404526832934297,6128.526793966387,3145.7263896709264,-419.18361212538
6,0.09994835541996912,0.015159345138537655,5645.491040385677,43.541287659536465,14168.138247182469
7,0.09999474248105947,0.010525231394473282,5604.974313448972,62.72164625897858,245.0865622404308
8,0.0999843605380043,0.010484003127029115,5604.968116975194,63.94514668500051,17.73472989043512
9,0.09997047617031746,0.010477792336582893,5604.967206751757,64.11753856355062,-16.380056740672444
10,0.0998591598123233,0.010454116725608692,5604.9618823654855,64.71467220308114,-145.1946104543822
11,0.09958486226714129,0.010423607573622914,5604.950875428268,65.3522432776299,-308.363624312733
12,0.09872806371799224,0.010368055866963276,5604.919522523509,66.15913473069668,-597.2601822486467
13,0.09649251987763793,0.010280446413929091,5604.84219838184,66.53455924606533,-1029.6805737061732
14,0.09069023938625399,0.010140051807727084,5604.649530931259,64.44329032092355,-1645.899033551359
15,0.07760001387689858,0.009952670991897321,5604.248293084075,50.579061357893806,-2180.4794633908386
16,0.06123678346240493,0.009902823066407813,5603.859660964268,2.1050879922768218,-1481.5411881818363
17,0.06542342755767629,0.01013680304041748,5603.651535506771,4.474785532693204,-425.470799618779
18,0.06514798565303213,0.01021394754432071,5603.635377628945,-1.1338806552885217,10.813194435286277
19,0.06550875589454065,0.010215957572420494,5603.63522559452,0.19017204522242537,0.8728008060643333
20,0.06544960764685252,0.010215157540897664,5603.635217298372,0.0016056583262979984,-0.039629758248338476
