step,par1,par2,fn,gr1,gr2
1,0.1,0.01,5629.186108038937,16.337035085598473,-1514.084002360505
2,1e-5,1,6267.302173545931,2415.476257492628,1494.29386691736
3,0.07597848124399278,0.24783681936640808,5937.108478754226,2302.004772186592,-966.1697243973322
4,0.09750161027169846,0.03473653196338172,5984.384736665382,1159.7129752726687,11417.538690748188
5,0.09994460225639555,0.010548492510935148,5629.294168855691,-2.7411180462877383,1813.0090886370454
6,0.09997595996652862,0.01023802013337997,5629.0080971583375,7.514996582358435,-3.425480131227232
7,0.09997470119789655,0.010238672093493571,5629.008088771877,7.489937006539549,0.6089834914746461
