step,par1,par2,fn,gr1,gr2
1,0.1,0.01,2865.7177874373606,181.1818797136766,24492.810603053385
2,1e-6,1e-6,5333.114818171252,123003.50443907519,-19400102.694575757
3,0.06473667287994297,0.006473984661112109,2783.289762828466,-49.69101313463398,18961.731413514826
4,0.03670122900993881,1e-6,5818.220832330231,1676.140160648174,-19654227.57874341
5,0.05535865172391605,0.004308733153912123,2757.700111255167,-58.91600108498096,1295.8545090305051
6,0.056176001978299014,0.004180753349532272,2757.621035017044,-48.98483457736802,-818.6244325997905
7,0.057612839451028824,0.004218114374214378,2757.5312367291112,-48.2818422415221,-286.55653315354357
8,0.06916642474876983,0.004353354865234399,2757.1262745390554,-34.61096751607329,1303.8504616611135
9,0.08077190811951118,0.00439415591786082,2756.8644061760724,-21.30902959379455,1541.3510649682394
10,0.09503497784014887,0.0043717828154297925,2756.63234637216,-8.387835011944844,838.0591718673713
11,0.10396463250153588,0.004339073133897914,2756.5690948510564,-2.373997906488512,133.7424452617597
12,0.1075613167438815,0.004333473691259053,2756.5635709503786,-0.494747821448982,-16.726146311611956
13,0.1088073863125386,0.004337832619188962,2756.5634057943903,0.021933371954219183,39.688328809006634
14,0.10881249400993903,0.004334234816975938,2756.5633092669145,0.07473329560525599,-21.71883709024769
15,0.1086894293613498,0.004335407709261438,2756.5633128330323,0.0019931212591473013,0.024425114588666474
16,0.10877856625616793,0.004334558172229609,2756.563306812023,0.05470861651701853,-15.722900370747084
