step,par1,par2,fn,gr1,gr2
1,0.1,0.01,266.8889847734511,2294.6983470865234,3201.971699897399
2,1e-6,1e-6,3.091312760794893,26.184610529731422,23291.46005869754
