step,par1,par2,fn,gr1,gr2
1,0.1,0.01,5634.446885513864,-189.40494079743075,3795.16439044437
2,1,1e-5,11518.195654542758,34.03898368560476,-23968102.968603723
3,0.3998739097590609,0.006671399601674425,5680.366943330111,11.523279640641704,-45184.33373955304
4,0.1870890174052835,0.009033311906801353,5626.264809938382,-56.222822308882314,-6754.197742620818
5,0.22979783938326412,0.009727274582752948,5621.214358537964,-50.57954579569923,-1310.0266674109662
6,0.3058112119655663,0.010212258965525477,5618.190374824154,-33.20988243103784,1768.401590720714
7,0.3787495125046664,0.010342141571969828,5616.504534094069,-21.336008867365308,2361.3813339397893
8,0.48736050055253805,0.010274477751151777,5614.684630043355,-11.028453836843255,1510.6703198443938
9,0.6029725865308924,0.01014711246084015,5613.646828948779,-5.588409867414157,275.6958663212572
10,0.720395838170304,0.010112768305746556,5613.16647773828,-2.837693673427566,-129.21054055368586
11,0.8757683562808061,0.010356311278998541,5613.092072293376,-1.081147720469744,1890.7244599313344
12,0.9199043138497985,0.010173127735799101,5612.849014383311,-0.7244598600664176,311.28661656111944
13,0.9804477265230624,0.010130452922744915,5612.811218117334,-0.3718415791809093,-79.39684373468481
14,1,0.010135318422317026,5612.80457536716,-0.2810686237353366,-40.00267199899099
15,1,0.010139677042553715,5612.804499777944,-0.2818949633365264,-1.1970954710704973
16,1,0.01013981149963469,5612.804500134674,-0.28192042009322904,-5.895753929507919e-4
17,1,0.010139685292120403,5612.80449979516,-0.2818967459461419,-1.12368304598931
18,1,0.01013967758275532,5612.804499779008,-0.2818955181282945,-1.192288304991962
19,1,0.010139677079071496,5612.804499777955,-0.2818953635141952,-1.1967705222559744
20,1,0.010139677048341818,5612.804499777939,-0.28189493605168536,-1.1970439163633273
21,1,0.010139677068623405,5612.804499777964,-0.2818948541971622,-1.1968633543801843
22,1,0.01013967705015345,5612.8044997779325,-0.2818950451910496,-1.1970278410444735
23,1,0.01013967705029791,5612.804499777918,-0.2818953089445131,-1.1970264768024208
24,1,0.010139677059460658,5612.804499777938,-0.2818951634253608,-1.1969450360993505
25,1,0.010139677050874967,5612.804499777917,-0.28189539989398327,-1.197021420011879
26,1,0.010139677051094873,5612.804499777932,-0.28189524527988397,-1.1970194054811145
27,1,0.010139677050874967,5612.804499777917,-0.28189539989398327,-1.197021420011879
