step,par1,par2,fn,gr1,gr2
1,0.1,0.01,118686.30397396458,70229.55084132263,-3005785.148743671
2,1e-5,1,62348.49894014873,-2942828.327379393,14.789211927563883
3,0.35706510594946206,1,59378.40069012227,-171.4677069321624,2655.2489117602818
4,0.35708686605883105,0.9989361266007901,59375.57093083261,-174.08092247933382,2657.521615328733
5,0.35717390649630704,0.9946806330039506,59364.22603723538,-184.5155745104421,2667.015743609227
6,0.35752206824621097,0.9776586586165925,59318.43720149343,-225.934525115008,2704.3837548262672
7,0.3589147152458267,0.9095707610671602,59129.111207731854,-384.465716779232,2839.8507251768024
8,0.36448530324428957,0.6372191708694308,58340.78061605179,-687.8041416348424,2574.5584288961254
9,0.3775185657164443,9.99999999995449e-6,355758.57140848733,0,-789414849.2213745
10,0.3688451199115833,0.4240633958173803,58132.1332614299,324.6970249165315,-2076.013425976271
11,0.36365372051857575,0.6770405472737725,58448.31258374298,-703.974048847158,2780.2989750853158
12,0.3676436651832263,0.48261034467917624,58082.33395468979,-176.9375604999368,179.02472827699967
13,0.36775812244723133,0.47789356490412976,58081.80117152917,-144.78346467512893,38.07101213169517
14,0.3678095085545413,0.4765137373211577,58081.770713900216,-135.03515463526128,-4.434832626429852
15,0.3678289748249361,0.4764989190455217,58081.768157346065,-134.83033271768363,-5.0249146079295315
16,0.36790683990651524,0.4764396459429778,58081.75805845891,-134.01108502876014,-7.386164033960085
17,0.3682183002328318,0.476202553532802,58081.71970162586,-130.73494392301654,-16.846023791003972
18,0.37863290299437374,0.4759273050710521,58080.661096140415,-76.2431350449333,-97.27644101076294
19,0.39975334499955145,0.4806969473083136,58079.30132798472,-12.369749201752711,-87.76590540946927
20,0.4096333514514131,0.48582779144575655,58079.018621427735,-4.214439140923787,9.081080970645417
21,0.4102592072958503,0.4857239268445199,58079.01637934217,-1.1006396380253136,2.07444387342548
22,0.4105091959746862,0.48570595982123294,58079.01622273879,-0.0038836151361465454,-0.005895017238799483
23,0.4105110383609283,0.48570651535778886,58079.0162227345,-1.7425918485969305e-5,-1.5890691429376602e-4
