step,par1,par2,fn,gr1,gr2
1,0.1,0.01,125270.46192655242,70327.70246631117,-3225559.8522457145
2,1e-5,1,58820.838164064386,-7002676.829240736,303.0979242612375
3,0.24867564029143688,1,56330.960519228465,3142.191556325997,705.018101434689
4,0.24856412568268724,0.999741470562659,56330.427864466714,3142.3253827233566,704.8277539433911
5,0.24811806724768867,0.9987073528132953,56328.29766347602,3142.8601945299306,703.9489332964877
6,0.24633383350769442,0.9945708818158401,56319.783643783056,3144.9909130242304,700.3844377322821
7,0.2391968985477174,0.9780249978260194,56285.84246901624,3153.320762612566,685.3156866782228
8,0.2106491587078093,0.9118414618667365,56152.39241428048,3179.3834251220687,611.0059245838784
9,0.09645819934817687,0.6471073180296052,55678.609402792215,2836.074122642458,254.71652697888203
10,1e-5,0.4449130129396029,58576.90102904928,-7504181.257496747,549.78651143756
11,0.06201082468959065,0.5748917346559437,55585.58139375308,1225.6093942778534,205.09200854576193
12,0.029063442069842283,0.4949057205550761,55620.11693094527,-6923.956123537209,305.8540474739857
13,0.049661667973259306,0.5449118168383065,55572.74585528132,-275.65643500565784,204.25818558578612
14,0.04785621149185564,0.5340594173047895,55571.38079842686,-485.2200806271867,173.24007567367516
15,0.04661613284953147,0.5100685494563767,55569.21768826147,-345.53010682429885,45.278467259777244
16,0.04915293917768692,0.5076973788147047,55569.074272835234,244.7659217432374,-19.92909197724657
17,0.04797516703615265,0.507282469852998,55568.92816407094,8.1715535998228,-0.5929254257353023
18,0.04793315174467572,0.5072533863618272,55568.92800580181,-0.26281759346602485,-0.00511983671458438
19,0.04793486439362592,0.5072589219615389,55568.92800560122,-0.0018155697034671903,0.003126988303847611
