step,par1,par2,fn,gr1,gr2
1,0.1,0.01,3352.086601108429,21.010611546898872,25062.316131379703
2,1e-5,1e-5,5312.137834574374,122587.15218947145,-12166393.695519673
3,0.0644578604738978,0.006448985159858376,3281.7313585821553,-163.57349433747004,13166.059032560042
4,0.044257972727813046,0.003321065132188171,3302.0190013210754,104.36483570401833,-39630.64615422581
5,0.056747939988767884,0.005255116411659172,3273.036832940838,-153.68824924507862,2452.993254999001
6,0.05774756445765492,0.005093281666252837,3272.6641405161336,-138.69610164874757,287.5450434908089
7,0.06184360859694767,0.00503612477055873,3272.147612570413,-120.5693100496319,-796.1446164335939
8,0.08567189977539824,0.005020971361551598,3270.041883800385,-64.25689412481006,-2323.269392288694
9,0.11719834176204372,0.005203931906823138,3268.3177839403384,-31.58575935913177,-536.442713219003
10,0.14443880897095293,0.0053180769934639644,3267.7080101930273,-15.418481534652528,733.5357169063172
11,0.16376366668747466,0.005336854319525436,3267.5018348544495,-8.040927793899755,879.7217772735166
12,0.1997463090660982,0.004470883140783977,3273.034104796441,3.9307110409936286,-15088.078720732483
13,0.16687524642769835,0.005261969925349028,3267.4530085815277,-6.803706378377683,-223.35069189921342
14,0.18510136033773752,0.005278383121474699,3267.3657846238657,-2.83405255913749,-40.11357697436324
15,0.1980234515682385,0.005283927456587479,3267.342279149861,-0.9105039271162241,23.31163305143491
16,0.20410493244213368,0.005282955336678544,3267.3389339026185,-0.20041723473696038,4.03847732968643
17,0.20582204212732963,0.0052827756708627585,3267.338743418302,-0.01981168907150277,0.4390742765281175
18,0.20601038524091506,0.005282752911805253,3267.338741225189,-4.976618583896197e-4,0.008263780273409793
