step,par1,par2,fn,gr1,gr2
1,0.1,0.01,38756.03614003073,19727.456057808013,-710362.4857801333
2,1e-6,10,36431.38786774677,2416.087260862696,1315.3152549057268
3,0.06666488260441003,3.340211529934738,31373.703026436873,2106.220651567128,-338.90129068822716
4,0.05681617763379659,3.3416555351369652,31352.528123945114,2093.377900637279,-343.4753863075457
5,0.017421357751342813,3.3474315559458745,31269.908433847977,1948.1707041995833,-368.0402563986718
6,1.000000000001e-6,3.349985707714321,31241.313539562336,1735.0658194118296,-406.79600522707915
7,1e-6,3.3539017634895867,31239.726743807034,1760.0257004596642,-403.6097591415455
8,1e-6,3.849958340982488,31130.385945746846,2403.694042659481,-53.78502910389216
9,1e-6,3.926226297952722,31128.038795731893,2408.6123914457858,-8.074995803326601
10,1e-6,3.9396995638419274,31127.983185195546,2409.2379220746807,-0.19022523702005856
11,1e-6,3.9400246151767324,31127.983154358957,2409.2515917436685,-4.53474058303982e-5
