step,par1,par2,fn,gr1,gr2
1,0.1,0.01,2751.2035641845805,495.8265497316461,17020.42236236366
2,1e-5,1e-5,4289.2265147200915,119726.0300565813,-9744454.194921108
3,0.0641921435637814,0.006422437385760338,2683.8906515601984,346.5352359330609,9965.326030105643
4,0.0021851128364525213,9.224202473769286e-4,2796.1151721535184,21150.437842281917,-220522.3837623407
5,0.05985988559817676,0.006038166557448898,2678.935337934087,337.77153275877936,8046.475004607601
6,0.0281641340728305,0.0038089331186558022,2669.50741432468,467.3244260447973,-13555.862876582978
7,0.03344998852787804,0.004553842385105298,2665.6883739965233,353.7418502469336,-3222.26260739626
8,0.02778721574413777,0.0045429336044403,2663.755183868789,337.7991964384819,-2696.911381717655
9,0.005136124609176687,0.004499298481780306,2663.4737377004917,-1375.5656081025336,2502.5165751685563
10,0.023364257185210943,0.004534413205220284,2662.337561635815,309.13443471717983,-2147.921458345081
11,1e-5,0.004468796118927855,2717.0993194142065,-126444.18778582803,1572.4509897017924
12,0.015066048992282338,0.004511098216490403,2660.3299667903516,144.13285036653178,-702.0292262268413
13,0.007312510857212004,0.004442165360976288,2661.2939766062655,-618.0616700703467,1285.683718895143
14,0.012505311921697298,0.004488331975398757,2660.115820854449,20.35462672210997,-200.76485203617267
15,0.012152476074010607,0.004496069991336106,2660.1123876979113,-5.78458232439516,-29.38598589707908
16,0.012249510052900153,0.004500287388115279,2660.112033412549,-0.30996987561593414,-23.143872290347645
17,0.0121890656713368,0.004573755142065284,2660.1347544517844,-25.572496222139307,591.1404408448107
18,0.012247588521829854,0.0045026229330944615,2660.1120312807366,-1.1380153773643542,-3.00424143233613
