step,par1,par2,fn,gr1,gr2
1,0.1,0.01,3226.4264096236784,160.18986810877323,20716.640431553515
2,1e-5,1e-5,5139.960889490709,121742.44059658122,-11758731.573535206
3,0.06470832871672852,0.0064740094397451545,3164.2913686941397,0.037730335407104576,10359.133260978979
4,0.038916149573890446,0.0033461462873344786,3183.1597692163077,299.89789319188276,-36713.46306509576
5,0.055130328131592445,0.005312468379639192,3157.116453487869,9.022862031997647,1121.5977540018685
6,0.05374714106483024,0.005160736249471473,3157.0509937599254,15.286413117792108,-520.746737229274
7,0.053942907805712995,0.005196719100873187,3157.042855701703,13.355322569168493,-111.14568585298912
8,0.05381559044987084,0.005199499731876984,3157.0409631386237,12.889461231679888,-70.61549928039312
9,0.053306321026502214,0.005210622255892172,3157.0351143379,11.003611029991589,90.94127946809749
10,0.051140957470562326,0.005213829153166179,3157.0177168059736,5.559100045502419,272.82347790333006
11,0.048359694837745416,0.005191946532356817,3157.004487293818,-0.20538094531730167,225.10254772896587
12,0.04781097850187292,0.005166977395028029,3157.001627088978,0.19177629383193562,-18.124602481748298
13,0.04778086164855414,0.005168356203999513,3157.001627237995,-9.697032510302961e-5,0.08266950089819147
14,0.04780101704972033,0.005167433449963504,3157.001623721642,0.1283320170841762,-12.100628055122797
