step,par1,par2,fn,gr1,gr2
1,0.1,0.01,7588.748930383721,3473.2152046763076,-94273.08782981071
2,1e-6,10,26460.74952174274,-89835.29197983444,2178.8744437799323
3,0.06743415372561064,3.263360576417262,11624.167907642139,2649.525450369765,2224.411603592671
4,0.08930059965423032,1.0788807833502254,6963.557294509477,2926.4654754570074,1995.38346569625
5,0.05690000226295559,1.0568670273872527,6823.5897925178,3010.802605722347,1989.8369426482532
6,1.000000000001e-6,1.0182084577557358,6608.984783771681,-181446.92433408636,1982.5801167417012
7,0.055554277779896785,1.0559527093576897,6817.716018269643,3014.6607905271594,1990.1187763161943
8,0.017989349827196868,1.0304301812780043,6652.167924682619,3018.206122083029,2001.531491505375
9,0.005911891442209313,1.0222244615398963,6601.126320629318,2544.1025946338414,1992.0307308439078
10,1e-6,0.7974627786401679,6178.18596773496,-181733.769400671,1859.6259556670702
11,0.0034674150534470217,0.9292732320479358,6411.819666166731,1925.795959914467,1961.8786267210453
12,6.40575857746995e-4,0.8217826545057144,6199.8646698846605,-3042.822983898077,1892.5370406532238
13,0.02169578260463689,1e-6,22070.283925318818,8564.631013650796,-79762767.97306511
14,0.008144593328070718,0.5289019449342777,5690.314311534032,3023.036484005388,1647.07272652322
15,1e-6,1e-6,21529.772329238986,123306.9813009206,-79537562.97780672
16,0.0053221275836628015,0.3455916126125096,5392.364998299064,3324.684021436042,1378.7658954106519
17,1e-6,1e-6,21529.772329238986,123306.9813009206,-79537562.97780672
18,0.003509941851216335,0.22789581081165755,5255.415675044051,3445.8896779415227,788.1563193905095
19,1e-6,1e-6,21529.772329238986,123306.9813009206,-79537562.97780672
20,0.0023311364139498676,0.15133608041416674,5211.113174238697,3706.758786179307,-45.93061059495085
21,1e-6,0.15476264480506138,5230.7482932846,-181578.34641418047,-7.314773633879668
22,0.0014186127379259951,0.15267798516935288,5208.185924530966,2439.6137367921256,12.977537985534582
23,1e-6,0.14667377742750462,5232.261127823799,-185078.93597661678,-238.5856161981792
24,9.555120676255789e-4,0.150716552010999,5207.4392059629945,803.4687940971708,-77.58068591556366
25,5.048996936875244e-4,0.15642944618160864,5208.038910712399,-3315.0735116532815,157.9967071302235
26,8.15906233119565e-4,0.15248648422826683,5207.3071430894925,-1.826282368710963,-1.8365942878517671
27,8.169641829695636e-4,0.15253728224364535,5207.30714010968,6.917929986229865,0.4445232798389043
