step,par1,par2,fn,gr1,gr2
1,0.1,0.01,3410.2413910953287,587.1783308043632,7711.2365868583765
2,1e-6,1e-6,7060.9242894563995,121221.82570738914,-25815380.499463353
3,0.06628485635514834,0.006628789074842031,3387.237701932363,593.7491275449247,-8318.157085877829
4,0.058717971770651106,0.007126262942110528,3379.5803915159836,597.8522554164556,-4483.79269886118
5,1e-6,0.008304332892905483,3354.284449366831,-317653.4523609371,1279.7602384580387
6,0.058591117219694865,0.007128808092687892,3379.49316196822,598.0695981202189,-4464.016026081481
7,0.029296058609847433,0.007716570492796688,3359.1996764058295,737.4342485854868,-440.85697174523375
8,0.009767173929047773,0.008108388931677582,3340.3422396768437,1476.5011175654763,1045.0499097237298
9,0.0032934826371898637,0.0082382740560578,3325.7203095094033,3821.8877962185616,1476.0464277742358
10,1e-6,0.007109034124231878,3352.9535592589823,-317850.3563316826,1247.5719906092309
11,0.0019474611868754872,0.0077766220632361945,3319.587817605968,4218.344139271721,1147.20124608084
12,7.339372482237862e-4,0.007360413432620066,3314.9512926963216,1191.870839220428,942.2568059994774
13,1e-6,1e-6,7060.9242894563995,121221.82570738914,-25815380.499463353
14,4.942636935430129e-4,0.004953854369022129,3313.4534365140757,-220.29181909829276,-450.53076336444065
15,10,10,48024.61170692085,2174.9341036047554,2269.292159253382
16,0.3340081289155077,0.3383189787069163,4360.495980322896,2375.855470204442,917.4262407168499
17,0.01600127824948256,0.02045395308938521,3396.7956000976205,3519.75923562577,2866.985805371769
18,9.73682972267271e-4,0.005433059835803935,3314.5881868216316,3980.763265647056,-331.59034072468785
19,5.292040307478981e-4,0.004988779123496617,3313.4507310692875,530.8082062674657,-408.7194106455172
20,5.216733206288707e-4,0.00502188314475072,3313.434515328875,320.3809020646986,-313.32459789382483
21,5.130589641253685e-4,0.005136903067912777,3313.4129406098486,-50.402101521740406,-34.210500257358945
22,5.162139630395207e-4,0.005153636466380121,3313.413164318334,-8.116204710404418,-4.581937164402916
23,5.136799817967278e-4,0.005140196804751641,3313.4129356090466,-41.95387160734754,-28.29043430438105
