step,par1,par2,fn,gr1,gr2
1,0.1,0.01,304.7409786621571,2257.5088626317097,3073.9312386580764
2,1e-5,1e-5,54.35745017442798,13424.790352550957,1778.7304185971918
