step,par1,par2,fn,gr1,gr2
1,0.1,0.01,5414.655779964823,155.9147929356186,-2648.9266996713923
2,1e-5,1,6124.423268696683,2415.4111843290593,1533.6206435313215
3,0.07381148238721333,0.2692922535919472,5700.930501395459,2347.5120188231813,-484.61028466590506
4,0.09561568076226531,0.05340910136370976,5836.789410088557,2049.372450787814,3847.605272894725
5,0.09980276077563988,0.01195286360752607,5419.024237140939,116.62056449040392,6285.514140104169
6,0.0999517754854786,0.010477470440806111,5414.041451767784,142.11832776254596,36.105812655478076
7,0.099926616328362,0.010473473104345939,5414.037760847387,142.20741983081098,15.843940004742763
8,0.09982597969989562,0.010457483758505248,5414.0237857873135,142.56645084969932,-65.42552118389722
9,0.09764451518381445,0.010284097046010583,5413.794990277865,146.16237443988211,-938.2950684539537
10,0.0928913276649941,0.0100856112174846,5413.373235305253,149.83561778990406,-1907.4363672825712
11,0.07681407134262125,0.009680455255211308,5412.050997315714,155.37020501597,-3659.314308147259
12,0.033362552663017554,0.008963613178450711,5409.473836459196,43.14556374993117,-4078.6587659204088
13,0.03872779027677013,0.010029329145702932,5407.897328203736,-24.520314414075983,846.4296111742442
14,0.042500624270372135,0.00992472105061981,5407.849318978485,21.87213066008553,29.727715782428277
15,0.038308410129267646,0.009783816631783586,5407.828233535527,-5.686086351488484,-251.43272337572853
16,0.039601534825456024,0.009867857837737328,5407.815148587423,-0.14806743365625152,23.264865440069116
17,0.039571941515283815,0.009862033799062295,5407.815069711766,0.10393784577900078,-1.6036579791034455
18,0.03956330846421689,0.00986219819670938,5407.81506958882,-9.762197805684991e-4,0.0067393466451903805
