step,par1,par2,fn,gr1,gr2
1,0.1,0.01,110954.8257603039,62024.44276481401,-2812927.501415543
2,1e-5,1,50802.01618434677,-3704957.9141938738,397.144698217744
3,0.32475694079380035,1,51718.923987093796,4552.389473719813,-30.96278931479901
4,0.10816061672906187,1,50431.849193459224,7812.784966554318,-105.42677431658376
5,0.03611083015970552,1,49829.01382099061,7988.039096526336,122.52223932591733
6,0.036033159816930345,0.9999601556076928,49828.38875194367,7981.40482740564,122.9348182096146
7,0.03572247844582963,0.999800778038464,49825.89352546434,7954.336574293848,124.6273171636858
8,0.03447975296142678,0.9991632677615488,49815.9981697693,7837.123979297758,131.35181845427724
9,0.029508851023815376,0.9966132266538882,49778.14377749932,7190.563482690777,160.08053284167545
10,0.009625243273369756,0.9864130622232455,49713.89233824084,-6499.870233492402,302.7717020086129
11,0.02129031161582959,0.9917574050932688,49725.68826637188,5042.61264912202,214.47445164085366
12,0.013807513284388671,0.9883291662920527,49702.69553987242,66.63661333732307,270.9346684787306
13,0.01368414067084719,0.9879429562743878,49702.590603949524,-64.49062668252736,271.4745229241089
14,0.012928556219417643,0.9838901961178775,49701.850827830705,-913.601427055255,272.43740325502586
15,0.012435075307435324,0.9784901977931318,49700.9838864443,-1507.1705939772073,268.92747340752976
16,0.011369202447753659,0.9569003870058556,49697.728040752554,-2886.317034062813,249.7728589878534
17,0.01032796655152117,0.9109540173510596,49690.23537480354,-4132.387871104584,237.58667390211485
18,0.007323615139151256,0.6754562092809058,49672.15440498507,-9713.694766687695,24.09328932117205
19,0.009905849822706208,0.7180673259663811,49656.714078997815,-2805.234784136701,14.72445837862324
20,0.010873659030086323,0.7255092618225225,49655.044247266334,-1041.3679873454385,29.136001539882272
21,0.011530509218559724,0.7000033904566075,49655.17709025853,325.97385008557467,-48.9942147032707
22,0.011159542595590237,0.7144082382172484,49654.74175368062,-431.0206761874724,-11.029794804926496
23,0.011517139134644154,0.7198227548124315,49654.6527122624,71.47632943087956,1.7476411085226573
24,0.011466461873797828,0.719074784088911,49654.65020903837,2.3650504590477794,-0.12515611160779372
25,0.011465200331900077,0.719107326641656,49654.65020479782,0.04056109901284799,-0.0041557359509170055
