step,par1,par2,fn,gr1,gr2
1,0.1,0.01,2590.649607101338,227.6498885953515,28279.52340288448
2,1e-5,1e-5,3732.2189858074844,122078.00110945299,-8425389.2938735
3,0.06197884086825421,0.006201306333371933,2481.6022779805385,-84.44320216085544,25341.342439908203
4,0.07436342243672343,1e-5,4191.088522654315,430.75630541807186,-8698924.483094834
5,0.06622566727234988,0.0040782307117174284,2439.433820940017,-113.61287325144076,9613.643088082426
6,0.08112352400344845,0.002722180438293973,2445.90287908481,-17.1039758902225,-27090.06654281211
7,0.07188825423130894,0.0035628040478301658,2436.2436496736723,-81.11000384587896,-64.6895077170484
8,0.07985126018589822,0.0035455356590250713,2435.6573720226143,-68.4320030472918,-828.0041527950743
9,0.12894884765163436,0.0036658439795641123,2433.3231576930393,-31.957740748111974,589.1104026432004
10,0.16891357559831785,0.00369441550078317,2432.3480655218846,-19.43892875488018,820.7754721752281
11,0.22915026576880404,0.0036915186294687683,2431.4617707443285,-11.19908586360907,466.44371459024114
12,0.31104482211614437,0.0036882764283442298,2430.755640053399,-6.660265667051135,198.79084037711436
13,0.46005194857347725,0.004174848947074222,2432.797876614736,-3.3006973171723075,10742.681271287893
14,0.3323632859007608,0.003757890404975778,2430.6933417161677,-6.039978195531148,1841.4341321249594
15,0.44735826344968377,0.0037148156604762017,2430.1023323012987,-3.5818349010696693,706.5331103763128
16,0.6157737125779477,0.0036898465664797495,2429.641189575261,-2.0103821248085296,-2.803326062803535
17,0.8325485643937771,0.0036928663334858483,2429.3100383579263,-1.1642602612482733,24.998326725835796
18,1,0.0036934106564879467,2429.145059895291,-0.8346908498424455,19.55964528633558
19,1,0.003692641570195417,2429.1450337821084,-0.8346204003828461,-0.49403574848838616
20,1,0.0036926605171469277,2429.1450342402436,-0.8346235927092494,1.046305442287121e-4
21,1,0.0036926416340627203,2429.145033783648,-0.8346203867404256,-0.49236959512199974
22,1,0.0036926415704098877,2429.145033782063,-0.8346207960130414,-0.49402999138692394
23,1,0.0036926415704099714,2429.1450337820656,-0.8346207505383063,-0.4940299845657137
24,1,0.0036926415704098877,2429.145033782063,-0.8346207960130414,-0.49402999138692394
