step,par1,par2,fn,gr1,gr2
1,0.1,0.01,3194.028069063248,51.08632860810758,27853.416231923802
2,1e-6,1e-6,6066.501004564744,122815.66285768349,-22123134.64212214
3,0.06490348692209694,0.006490664563986112,3109.2605172437056,-147.34801757185778,18618.81042337245
4,0.028558549026018475,7.561300663625557e-4,3481.332710665799,1880.924217653046,-498850.3886059084
5,0.053201159469461703,0.0046442616158918005,3090.4546974203404,-145.98348328718203,889.6045271899311
6,0.05518097259920148,0.004648124147905647,3090.1762276014115,-138.7699332849479,796.6571247834509
7,0.0631002251181606,0.004663574275961033,3089.186959535853,-114.77506409846683,485.6463970963887
8,0.10153337015882648,0.00484342195123758,3086.2010523114413,-59.36884592756542,1625.1361214972349
9,0.13902981837787465,0.004766122546249092,3084.5115838061124,-32.172673857076006,-611.1026313806178
10,0.19557940444242522,0.004935518208086284,3083.233013879076,-17.449733234116138,1490.5059083412198
11,0.2508121308051848,0.004897976395383886,3082.4796576944805,-9.45946010233456,481.76771956832454
12,0.3214290519517739,0.004921461461264907,3082.007134849687,-4.877601224961836,643.0024146584401
13,0.42859997293401436,0.003918564357819984,3091.9888631478248,0.9340469455310085,-23033.202844374046
14,0.3276075024142254,0.004863644004665859,3081.9706342302547,-4.468238307708816,-412.4654014412954
15,0.3987862333823804,0.004887689119045066,3081.727692673851,-2.408288776223344,-110.7179540758807
16,0.4811282938616389,0.004902471931293945,3081.5862054274444,-1.1651011527646915,77.14088454349621
17,0.5573575137898029,0.00490262762060211,3081.52324577506,-0.5472182874655118,35.77321570219283
18,0.6248720894431706,0.004902812445557896,3081.4978943348315,-0.2302892494299158,14.385759047854663
19,0.6739349873151976,0.004903010455093141,3081.4904824814957,-0.08091039944702061,5.349707328150544
20,0.6982670749783654,0.0048660540376950214,3081.501765237028,-0.015931645975797437,-709.0596374791858
21,0.6759686721183417,0.004899921624184687,3081.490355712488,-0.07509348733947263,-53.8323471005242
22,0.7012531018645703,0.004902635957776295,3081.4891548021387,-0.018016376088780817,-7.520194083099341
23,0.709197724792087,0.0049031215751041924,3081.4890806503613,-0.002055637651210418,0.21304148503986653
24,0.7102146937955689,0.004903121088014484,3081.489079565896,-6.62203092360869e-5,0.014570098301192047
