step,par1,par2,fn,gr1,gr2
1,0.1,0.01,3469.3594106156334,77.42193010017218,22015.531439121787
2,1e-6,1e-6,6862.0391937788445,123006.84346278103,-25076931.67261852
3,0.06559001362102695,0.006559311055077036,3409.0805632773427,-32.41904172227805,9963.663019357227
4,0.04362363905245483,0.0040075475096756335,3417.5251598634936,159.39265998440533,-24185.572284127375
5,0.05659268156155875,0.005514119738524033,3403.2343281419503,-12.279727536679275,922.234223032774
6,0.05588857434145097,0.005418160717935005,3403.203530397585,-7.386776703697251,-165.61614005013325
7,0.05611542022666004,0.0054385710536942276,3403.2009512600757,-8.284740774797683,64.70565033851017
8,0.056232231620127957,0.005441452186821828,3403.2002444024315,-8.20010859570175,91.05399619784293
9,0.05778366294038467,0.005462866298222579,3403.1930278967006,-6.012774961163814,240.670332505033
10,0.059248834717562815,0.005469348522026658,3403.187829166276,-3.2653158655193693,221.61937284863598
11,0.060369718791261684,0.005455276835508234,3403.184371363606,-0.12612972113856813,-19.621973926859937
12,0.060477005132206454,0.005457231431068364,3403.1843616096558,-0.04508852953222231,-2.7921440073441772
13,0.060514420449390004,0.0054576629692227735,3403.184364864405,-0.0011183146852999926,0.05474151976159192
14,0.060480836837961134,0.005457275624926764,3403.184361810906,-0.04058058266309672,-2.5006927535287105
15,0.06047744265322791,0.005457236477317556,3403.1843616311066,-0.04457370323507348,-2.7588659713728703
16,0.06047705569198449,0.005457232014211177,3403.184361612098,-0.04502902129388531,-2.7882983727067767
17,0.06047701100018247,0.005457231498748013,3403.1843616099345,-0.045081637836119626,-2.7916977069253335
18,0.06047700581811356,0.005457231438979431,3403.1843616096903,-0.04508777919909335,-2.792091863739188
19,0.060477005210302304,0.0054572314319691,3403.1843616096508,-0.04508848178375047,-2.792138000131672
20,0.06047700561145773,0.005457231436595919,3403.1843616096708,-0.045087986109138,-2.7921074979531113
21,0.06047700525618672,0.005457231432498319,3403.1843616096544,-0.04508837491812301,-2.792134573610383
22,0.06047700521445275,0.005457231432016971,3403.1843616096558,-0.0450885249847488,-2.7921376636186324
23,0.060477005210302304,0.0054572314319691,3403.1843616096508,-0.04508848178375047,-2.792138000131672
