step,par1,par2,fn,gr1,gr2
1,0.1,0.01,2895.591279713802,284.32166865513864,23437.21448309907
2,1e-6,1e-6,5482.2774267325385,121227.26201285332,-19953940.553635724
3,0.0648468495096015,0.006485001332478378,2816.999562888895,119.62010024944902,14781.556112830003
4,0.015899484127723587,9.278890342694292e-4,3048.8957569203276,3607.574955481141,-321166.9403971359
5,0.04879462894510811,0.004662554064549728,2800.1092432711475,115.80241614183251,-378.25421321940667
6,0.046709310168729826,0.004585931966053018,2799.929866033479,115.14116868738711,-1253.8473421295748
7,0.03676129771276434,0.004428946347964304,2799.1951689876682,88.1366018393237,-2381.614449082008
8,0.021145777770576184,0.004356932858708243,2798.9253307435083,-78.61928551619712,-393.5353903239047
9,0.029116083525057377,0.004393689209437697,2798.775160545046,35.14802188874455,-1653.0884758617503
10,0.025924145103832133,0.0044503717485797475,2798.6850112048505,-14.409174791580881,-266.41599101139946
11,0.027707558889268055,0.004491829933232956,2798.6672300555024,1.224971304054634,-68.18719924922334
12,0.027682653645611514,0.004497034318507903,2798.6671236101606,-0.027102332751383074,3.633765606991801
13,0.027680403302061545,0.004496722374741959,2798.6671184957318,0.001684620656305924,0.015718078429927118
