step,par1,par2,fn,gr1,gr2
1,0.1,0.01,5854.54426773423,117.71525631957047,-6836.2567977555955
2,1e-6,10,25718.72070953594,2416.087869423791,2209.705941568245
3,0.07622078528011539,2.385567306189535,9168.222574097623,2413.4845974367636,2033.5938916741725
4,0.09364770574880125,0.6446005417001722,6254.605639495779,2398.8802495796335,869.0804493789983
5,0.09810854657164084,0.19895808707395138,6264.3323881024035,2720.2301549959884,-1126.6192868060898
6,0.09963628628774712,0.04633536320769518,6279.08785233573,1896.9354534192462,6906.841086447457
7,0.099967914354189,0.013205388070400373,5860.445327268615,33.66842590367014,8301.76473931715
8,0.0999887230559152,0.011126577979851927,5850.933161830422,72.95048881587718,60.71144019642816
9,0.09997684081927753,0.011116703290527885,5850.931922399247,73.25538876557403,9.554048751851951
10,0.09992206968307718,0.011097517776637004,5850.928611547763,73.822500157803,-89.20911472614534
11,0.09978153061830725,0.011073100567621182,5850.921822469739,74.48763423326454,-213.3179838938304
12,0.09932836499654318,0.011028291452957119,5850.902267340709,75.55844670605438,-436.54732312916167
13,0.0981172229902351,0.01095672336318859,5850.853305232707,76.91314331168542,-780.8971852955437
14,0.09482394742196486,0.010835547743091,5850.725113946017,78.33411005321977,-1327.1970181494908
15,0.08628539011329026,0.010635502111519007,5850.399513165105,78.29331498214742,-2099.211566987833
16,0.0650325864426945,0.010314644371368637,5849.622448542587,67.8148444103499,-2727.0082028235265
17,0.028536441804596496,0.010021794590393542,5849.3463086623315,-78.55639546050952,-443.1331174919251
18,0.05194051022183939,0.010209591859882686,5849.1216847438145,46.98888111306587,-2256.527706676934
19,0.03449188927591682,0.010240929547530964,5848.916176857927,-44.0252609359959,-229.84004867339536
20,0.04914488046399116,0.010523485167145357,5848.639359878495,9.813742180995177,-353.5410483527812
21,0.05263076962758504,0.012395599910503553,5854.8928941164295,-69.69414509512717,6548.8859330343985
22,0.04928279477550552,0.010597552759024824,5848.6274026604915,4.189195451544947,-1.8616176430441556
23,0.04811060803321114,0.010577554763793311,5848.624203729053,1.2198568310850533,-1.8038076859738794
24,0.04764105243040835,0.010569906972900571,5848.623912911178,-0.054122529036249034,0.801126193437085
25,0.04765640460680415,0.010570011261428819,5848.6239128164825,3.8477992347907275e-4,0.0050833159548346885
