step,par1,par2,fn,gr1,gr2
1,0.1,0.01,5645.695269147721,94.82443563229026,-2970.9800864111457
2,1e-5,1,6285.619965918109,2413.8904104256653,1489.2520125340525
3,0.0724142451189492,0.28312628595099804,5899.735989930142,2329.3760083151938,-552.4729027229114
4,0.09483419401810934,0.061146593880105495,6117.932811920073,2590.4586878550617,2244.6332187791995
5,0.0997454059654518,0.01252073301532884,5654.643992143544,44.57239047951589,8674.52714243882
6,0.09994955927319789,0.01049941313665468,5644.983109360784,78.1901205482427,56.8204374076231
7,0.09993730103852444,0.010491276268486928,5644.981849892047,78.42475244615343,11.333950678817928
8,0.09985413283281665,0.010467684958774778,5644.976512145278,79.08111650522187,-119.70549851412216
9,0.09964369054969544,0.010437990451887513,5644.965677168578,79.85571565768623,-282.6240046579187
10,0.09896227553883732,0.010383113554400745,5644.934260393181,81.15533538330055,-577.7840130167533
11,0.09714062102117695,0.010295158116337296,5644.855416522619,82.93790777315735,-1034.2302172921336
12,0.09215356160680706,0.010143973077811199,5644.6472555054115,85.254305977287,-1764.2111475151978
13,0.07899768774518331,0.009885171520538576,5644.108790034651,86.1907619946578,-2785.1840166567854
14,0.0459648944066172,0.009450254390465092,5643.108614827885,35.28112277308537,-3038.843199915391
15,0.041124673154274496,0.01103752136212237,5645.367171705716,-122.06250341023406,4780.369673485438
16,0.04444615318516791,0.009948299346185683,5642.353308092641,-23.22647123492061,-59.5831347618514
17,0.058762696916946355,0.010227572249685887,5642.470773989985,27.151239250997605,351.0916939148956
18,0.049304909251902285,0.010043079129601158,5642.297577222403,-0.4706805475507281,34.64103431269905
19,0.04928736285390188,0.010036742479363855,5642.297444538036,-0.0770866654420388,2.897551330534043
20,0.0492939492425674,0.010036288344770685,5642.297442277766,-0.0062183107729651965,0.013749472600466106
