step,par1,par2,fn,gr1,gr2
1,0.1,0.01,119378.97702461106,70840.30706362682,-3025326.3388900813
2,1e-5,1,62587.7793471825,-3529698.176317397,158.31455682928208
3,0.3397566653761085,1,59635.092617892195,-218.44986502401298,2587.8333158470923
4,0.33977840918518265,0.9989599915209978,59632.39533918458,-221.345205718535,2590.115603306913
5,0.3398653844214793,0.994799957604989,59621.580737941025,-232.91061585041462,2599.664197587117
6,0.34021328536666584,0.9781598219409536,59577.91826423882,-278.88796234037727,2637.337558735453
7,0.34160488914741205,0.9115992792848123,59397.12321892521,-456.1749419735861,2775.85070416535
8,0.3471713042703969,0.6453571086602471,58634.19750069855,-842.3059752385598,2615.2186386752874
9,0.36066379457271824,9.99999999995449e-6,357455.35692287656,0,-794254882.6949012
10,0.35168524330745354,0.4294549704365913,58385.09665137206,133.7549926392967,-1715.0100868821028
11,0.3469322242836719,0.6568422721835505,58664.78782355743,-846.4547008770751,2675.1218697972945
12,0.350651279258805,0.47892043521785665,58349.52825802663,-300.21262740774546,134.3173792702146
13,0.35075830506125777,0.475185004337629,58349.205038683984,-273.1797859814833,21.664664745912887
14,0.3508160269030092,0.47422094627143946,58349.18299570566,-265.87989887048025,-8.256334258476272
15,0.3508682335887784,0.4739867833380805,58349.17198840867,-263.8692155233002,-15.84119840117637
16,0.3593932589776799,0.4749195371379123,58347.07705949818,-221.0411585838301,-48.367518502345774
17,0.41504501235703994,0.48887623391485296,58339.60770312072,-50.24453999794787,15.972338842402678
18,0.4291836484685931,0.49133885080355255,58339.20276498632,-11.693115520756692,7.265107451530639
19,0.4331257985177455,0.4918604828406248,58339.18038567713,-0.7135462510632351,0.32549047318752855
20,0.43339168478322626,0.4919002828094765,58339.180296006365,-0.011013726179953665,0.006138325261417776
