step,par1,par2,fn,gr1,gr2
1,0.1,0.01,337.00080724180566,2238.249861404995,2866.191677343579
2,1e-5,1e-5,95.67160665154417,32049.043926876948,-33489.856150948894
3,1e-5,1,2570.7684729803914,2415.5164486683134,2511.7481348843285
4,1e-5,0.3006966779286621,813.4577346169701,2413.7095796299946,2506.1432142848616
5,1e-5,0.09084082050215511,291.538039210601,2407.6274252723806,2441.6002130851666
6,1e-5,0.02776490293223061,141.9069332048566,2387.812255693973,2217.9150279650626
7,1e-5,0.008693846397278722,103.8730336231862,2325.2834743108506,1507.3197673572736
8,1e-5,0.002810684677727846,99.04086728966047,2203.1950426199387,-474.56892169840614
9,1e-5,8.750661197954564e-4,96.49728794356369,8294.61993118187,2652.3830017442406
10,1e-5,2.9351540000008855e-4,94.02747437683196,12847.44906052154,7259.739632502899
11,1e-5,2.4300574594748566e-4,93.64230244801412,12535.968613445191,8330.065261303047
12,1e-5,4.09671297370741e-5,91.92367173510183,7341.228744237753,7467.698235065114
13,1e-5,1.0000000000000026e-5,95.67160665154417,32049.043926876948,-33489.856150948894
14,1e-5,4.062803436308103e-5,91.92855819644394,7432.787669880269,7381.696929320043
15,1e-5,4.09671297370741e-5,91.92367173510183,7341.228744237753,7467.698235065114
16,1e-5,1e-5,95.67160665154417,32049.043926876948,-33489.856150948894
17,1e-5,4.062803436308103e-5,91.92855819644394,7432.787669880269,7381.696929320043
18,1e-5,4.0946567601293966e-5,91.92396316504127,7346.709272564453,7462.5328432945535
19,1e-5,4.0965869875251825e-5,91.92368957329046,7341.56427849669,7467.381929582472
20,1e-5,4.0967052495528645e-5,91.92367282867804,7341.249314680169,7467.67884329742
21,1e-5,4.096712500122596e-5,91.92367180214806,7341.230005437751,7467.697046113101
22,1e-5,4.096712944669891e-5,91.92367173920714,7341.228821585303,7467.6981622477
23,1e-5,4.0967129719252974e-5,91.9236717353491,7341.228748982331,7467.698230683765
24,1e-5,4.0967129735965944e-5,91.92367173511488,7341.228744506054,7467.698234817845
25,1e-5,4.096712973699706e-5,91.92367173510164,7341.228744255232,7467.698235064404
26,1e-5,4.096712973631652e-5,91.92367173510806,7341.22874442491,7467.698234868151
27,1e-5,4.09671297369426e-5,91.92367173510351,7341.22874426788,7467.6982350356975
28,1e-5,4.096712973699539e-5,91.92367173510205,7341.22874426248,7467.698235059856
29,1e-5,4.096712973699706e-5,91.92367173510164,7341.228744255232,7467.698235064404
