step,par1,par2,fn,gr1,gr2
1,0.1,0.01,890.2764431158485,1621.660391198816,6161.334126622364
2,1e-6,1e-6,1044.6641454563107,113999.31091657208,-3477311.4402530473
3,0.0521784092949302,0.005218271328113352,783.1154752926783,1023.4081467103806,12678.147270608519
4,0.01826415242343675,0.0018271508723281642,695.74226447796525,124.0050080554056,26819.45371837912
5,0.007325240566156965,7.333581377914119e-4,675.9077089699298,-34.69343609083353,-6380.5723169986095
6,0.003206235707551048,0.006248007298530018,706.3572521024013,5575.648687096759,-913.2114261984725
7,0.0069014703135861005,0.0013007146590645743,682.5850669351831,-120.3975919122513,20043.968836837394
8,0.007273654411248347,8.024232531864991e-4,675.7616160253963,-88.68103980034903,541.3450646932461
9,0.010361119589362922,8.20441681666253e-4,675.6161472781047,-29.060491966674817,567.9431045763295
10,0.011694183669464862,0.00082088547536646845,675.5872408356628,-15.84047588210069,134.7734600227568
11,0.013454677954733265,8.260040357233461e-4,675.5716914345438,-6.202274533393393,87.10815230358548
12,0.01455406905633396,8.285835273394728e-4,675.5686859888524,-2.1362518208434267,54.93086861122265
13,0.015103833851689216,8.294684254303917e-4,675.5684621967476,-0.4315724288517231,14.418462031358104
14,0.015190862241216088,8.275887800874566e-4,675.5676706286486,0.24467524497140403,-177.65386693042728
15,0.015117236023733159,8.29178964365967e-4,675.5683133956051,-0.3267841657361714,-15.08020803044019
16,0.01524167495538662,8.296205183391682e-4,675.5685075100666,-0.02668193360477744,-0.9635945883701424
17,0.015121717633261311,8.291948667243945e-4,675.568319632066,-0.3158038140327335,-14.578602042547573
18,0.015117402932672764,8.29179556618765e-4,675.5683136268532,-0.3263749965753959,-15.061535856375485
19,0.015117242247542248,8.291789864502745e-4,675.5683134042314,-0.32676892089966714,-15.079511801445733
20,0.015117236255715493,8.291789651891236e-4,675.5683133959244,-0.32678357626991783,-15.080182096198769
21,0.01511723603242815,8.2917896439682e-4,675.5683133956181,-0.32678412367204146,-15.080207074902319
22,0.015117236024036258,8.291789643670426e-4,675.5683133956057,-0.3267841861998022,-15.080207991786665
23,0.015117236023740646,8.291789643659936e-4,675.5683133956048,-0.32678415891496115,-15.080208029871756
24,0.015117236023740661,8.291789643659937e-4,675.568313395606,-0.32678415379905346,-15.08020803044019
25,0.015117236023740646,8.291789643659936e-4,675.5683133956048,-0.32678415891496115,-15.080208029871756
