step,par1,par2,fn,gr1,gr2
1,0.1,0.01,126697.7920000146,71342.41405328794,-3261243.330146026
2,1e-5,1,56017.28448473588,-4448523.58681237,286.8847032368649
3,0.3199282884872907,1,56778.49751058662,4579.511490992445,18.388430326012895
4,0.10659029000149482,1,55469.82085945347,8211.215546762105,-101.84858547290787
5,0.10639392342976714,1,55468.207991436095,8215.898161179211,-101.7506235075416
6,0.10560845714285641,1,55461.74732630557,8234.62153217406,-101.34593248949386
7,0.10246659199521349,1,55435.75778493031,8309.345027882955,-99.51513849955518
8,0.08989913140464181,1,55329.48091506871,8600.896719181037,-88.31625906168483
9,0.039629289042355104,1,54882.10616004659,8546.505612248438,59.158118383493274
10,9.999999999982245e-6,1,56017.28448473621,-4448523.5868153535,0
11,0.02423983702101823,1,54765.55527661698,5975.368615836487,155.35439757513814
12,1e-5,0.9876429591610899,56013.81379252541,-4447557.437383075,275.31314597581513
13,0.015624810798652232,0.9956063992190409,54730.36860745526,1178.9767022492015,222.2508341219509
14,0.013245866610365524,0.9914663876120301,54729.50820995132,-1418.5892081877682,240.20328597543994
15,0.014151563612670363,0.9899238405405633,54728.37979728134,-293.31404130061856,233.49570903519634
16,0.0146692425539923,0.9834683777992691,54726.89536713445,324.4264043314615,229.5896342548076
17,0.01649018849895643,0.9350088210021708,54718.427737185564,2392.9820195917273,227.31009907147381
18,0.019549262539967114,0.79024642867546,54704.36454347373,5869.955342313915,107.53168480732711
19,0.018252848431423573,0.7725678409459001,54695.2585796285,5330.871474361629,98.69138142676093
20,0.013067191997249407,0.7018534900276606,54671.61602992789,1419.5492733779247,39.93077199993422
21,0.010940451014123572,0.6535352692456958,54668.927053620115,-1063.282232171332,75.33086609328166
22,0.006974846086569631,0.4143437769699747,54748.79180091547,-4769.874214980518,-1217.1538007896743
23,0.010167947881679688,0.60694056795484,54667.04668929251,-1562.8135635779472,-3.428417767281644
24,0.011083007512175825,0.6184937903169077,54666.54149560781,54.26796644314891,27.826736950373743
25,0.01106093293756556,0.6077611441001809,54666.472822119424,239.5317639457062,-17.24723399092909
26,0.010970314291735788,0.6113781439116313,54666.432857943015,-3.7724531648564152,1.0028600809164345
27,0.010969616004550512,0.611151345325197,54666.43274391301,-0.4020320557174273,0.010801559255924076
