step,par1,par2,fn,gr1,gr2
1,0.1,0.01,37033.64659290114,18513.529805386497,-670810.3884736192
2,1e-6,10,35847.41214901395,2416.087473175139,1364.0708801540313
3,0.06667192180999734,3.339508306264329,30284.720702911975,2178.57460189407,-205.5353501054924
4,0.0558769536899598,3.3403740978504075,30261.073753165136,2168.905864109547,-211.60436310310615
5,0.01269708120980962,3.343837264194722,30167.5544899859,2131.3815009852988,-252.7346886745363
6,1.000000000001e-6,3.344855531239644,30139.534196292054,2411.735598980158,-271.85679269678076
7,1e-6,3.346205475834718,30139.1679115417,2411.8006339267595,-270.8092882676283
8,1e-6,3.695204033567351,30088.781692009477,2415.836422405846,-26.26674460771028
9,1e-6,3.732690582317622,30088.238404692584,2415.8714151053573,-2.8006622051179875
10,1e-6,3.737164578380706,30088.232067237604,2415.874970392906,-0.03265613486291841
11,1e-6,3.73721736129198,30088.23206635533,2415.8750099377357,-3.1421222956851125e-4
