step,par1,par2,fn,gr1,gr2
1,0.1,0.01,3372.0934822244285,361.2091025661357,13807.368311292976
2,1e-6,1e-6,6812.318306587539,122403.08548894973,-24892319.018700883
3,0.06596771563505907,0.006597077857128127,3331.8619202355285,285.3522045484169,940.7780172682578
4,0.049430810263159,0.005690999159888995,3329.028788614953,337.30149664961573,-6146.013276331814
5,0.03801557969069798,0.005606029199334777,3325.4155989656533,394.33910801335514,-6102.810580844107
6,1.000000000001e-6,0.005323065371639847,3379.5107538937623,-366666.51768272003,1103.767103179507
7,0.023525287786277178,0.00549816983340063,3319.2237615295116,578.9229204901858,-5203.423455404845
8,0.007959499461725889,0.0053823049446857915,3306.654617387483,1132.1413833752558,-1622.7933069103528
9,0.0027976351642746977,0.005343882294967373,3303.5048808246097,-1202.0358905192552,1095.3935576708318
10,0.005460905089945012,0.005363706506059121,3304.01171514998,902.7670716727698,-450.5158592542102
11,0.0027976351642746977,0.005343882294967373,3303.5048808246097,-1202.0358905192552,1095.3935576708318
12,0.042816666026869926,0.006162545016289326,3325.054761256297,330.3344244750406,-1581.76011874275
13,0.010358960497600813,0.005498563081601993,3309.0590642583693,1028.0390010211704,-1882.0965164354675
14,0.004236354571112668,0.0053733139408476726,3303.166383902888,401.0052222838567,297.9857935929431
15,0.003841466178291331,0.005313974011020779,3303.0353252886384,154.9359517866833,313.0619523290079
16,0.0035122181521453737,0.005230508563724929,3303.000948555377,-96.74216244548006,217.9380653296903
17,0.0035713949069974254,0.005217560962636874,3302.995122847312,-25.914116956755606,124.03088695691622
18,0.003570075838233209,0.005183135022983202,3302.993018606106,-1.4576045464309573,-13.224514959802036
19,0.003574425848787223,0.005187241055341945,3302.993018302005,-0.18788760598908993,0.17090566416300135
