step,par1,par2,fn,gr1,gr2
1,0.1,0.01,17933.411573666355,6331.494476398802,-241196.75118243322
2,1e-6,10,29494.58137212293,2416.063625496463,1894.46282282006
3,0.06685613722454167,3.3211050023183093,18253.458283112504,2406.4186012947175,1259.567720189807
4,0.08893260103084713,1.1156442134605074,16090.851677896684,3700.762996877529,499.6517865220085
5,0.07200185841075828,1.1133437260858967,16027.122679060081,3690.0368991427968,495.0632534291799
6,0.004278887930402861,1.1041417765874542,15789.131477647446,1692.6089304342895,454.5659037648875
7,1e-6,1.1011876650549803,15843.321537353022,-376537.3205527794,417.06920088472543
8,0.0027602675717036352,1.1030930876110085,15786.844086487155,525.5214437056566,449.2998180558061
9,0.0017114919807792754,1.0945040779360762,15783.436326871615,-1498.7922516502294,423.61502470157575
10,0.0012097852848862937,1.0535878413843454,15768.530220454712,-3351.4809865937423,402.8344650123472
11,8.613794457180573e-4,0.3723972263198757,15504.30185304466,-3527.342711095116,418.08258068158466
12,6.709114374032607e-4,9.999999999177334e-7,49778.93485260506,0,-184121001.9130214
13,7.977075172950409e-4,0.24790815292098878,15472.921336960622,-1640.1355159905506,464.69731668366876
14,7.132404783568391e-4,0.08276122442991818,15454.358883438745,9681.778193107675,-102.20904261586838
15,1e-6,0.2549718268899591,15533.050343447107,-422120.2584389175,290.9252306471899
16,5.338898007053625e-4,0.1261259154135485,15462.208905391355,-1725.662244398336,-25.45042992096569
17,6.967557267861293e-4,0.08674702569460531,15454.299363947373,8205.184492608169,67.60211167602392
18,1e-6,0.07927049390488392,15505.575393531124,-442688.5822491022,-11.145150529046077
19,5.056301290079843e-4,0.08469320629707262,15452.895289343809,2974.0824442251323,92.0313673941564
20,3.389348278892914e-4,0.08000370449932025,15453.63459576619,-8755.50647988348,-175.93481386938947
21,4.6119709975910207e-4,0.08344320843184275,15452.743584328087,1014.8503958043875,-25.114034106081817
22,4.350330608415158e-4,0.08376384445154444,15452.72356863102,-535.0270210146846,12.899187886432628
23,4.440752237831241e-4,0.08365545669321342,15452.724714487204,23.525360211351654,-0.23418863747792784
24,4.372719367044301e-4,0.08373700720723357,15452.723271277358,-394.3225918465032,9.623160985938739
25,4.4352437739632664e-4,0.08365722997554809,15452.724466379083,-9.220840884154313,0.024973351173684932
26,4.384627939444513e-4,0.08372181261385428,15452.723262950984,-320.02127643863787,7.7849041281297104
