step,par1,par2,fn,gr1,gr2
1,0.1,0.01,3054.040732054241,83.08978133527489,26642.35290286797
2,1e-5,1e-5,4694.350779628932,122655.47212779893,-10703564.050426412
3,0.06371057202809449,0.006374323577964435,2968.3927507014446,-128.01832879404174,18395.48340749161
4,0.02950170119837669,1e-5,5198.059062535229,2508.7887664312802,-10947252.960825225
5,0.052291626927742196,0.004249907899370314,2949.119409914398,-106.00431115790343,-3126.32771225708
6,0.05599263892746943,0.0046185363162422055,2948.6468084582216,-122.15062708037294,2633.170364340458
7,0.05685049078712333,0.004530902058480706,2948.373627875408,-113.34788021940767,1250.6767819718334
8,0.06222694272921451,0.004415523384829238,2947.811193465712,-89.8206040938021,-996.3442746152396
9,0.07396116742444886,0.004374631495711975,2946.993630348549,-63.21815433466327,-2427.771468994706
10,0.10226784488450885,0.004451818166011997,2945.4869744566345,-34.05309975505588,-2208.4154075901097
11,0.1380591744581507,0.00486454559264918,2944.8971785312797,-20.384994375035603,3905.371728881164
12,0.14430946455313412,0.004706267658896029,2944.361257430628,-16.15637642544243,1356.5414544609666
13,0.16592435913305154,0.0046182698470929005,2944.0497523815284,-8.956846186265466,-350.1428459935596
14,0.1905353115572836,0.0046267059792875044,2943.885203883704,-4.520625757322705,-366.5628350404404
15,0.2332657262903471,0.00920723648914462,3042.7124203884573,88.94998480172944,31841.78763849104
16,0.19080179172197048,0.0046552715930837955,2943.8811957928083,-4.627262590020109,138.21850827980597
17,0.21623671216227203,0.004655265801518213,2943.803770121296,-1.6955071919255715,40.489718026037735
18,0.23097675830025724,0.004656175306297371,2943.7877068211365,-0.5427985570349847,19.42684325740629
19,0.23790029842272514,0.004656062193325286,2943.7855073276123,-0.1013078804135148,3.4133121539525746
20,0.23948950041890282,0.004656051115190271,2943.785420739466,-0.007888820618973114,0.2821141561071272
21,0.23962366984109293,0.004656049175517305,2943.7854201713553,-1.275725480809342e-4,0.004023618203063961
