step,par1,par2,fn,gr1,gr2
1,0.1,0.01,3468.1994450772586,37.30370375023995,23316.92287848682
2,1e-5,1e-5,5575.459290613869,122826.5237204323,-12789894.103051737
3,0.06479523377093453,0.0064826921229286525,3403.9667795559835,-97.63044687133515,10856.129682672417
4,0.04515824562736804,0.003906805293887028,3414.0758063123053,80.4244206005933,-25958.99277665694
5,0.05694758785646613,0.005453275208161901,3397.925486830233,-84.47599946293849,1548.7639885418503
6,0.05718628144479081,0.005353542774411944,3397.812268054095,-76.66121818829197,301.76426880871077
7,0.05878520730694778,0.005324754499846557,3397.6937705532364,-69.04200386088633,-181.5027882753384
8,0.07063627133930263,0.005293980425022464,3397.1059568459955,-36.966251082048984,-1346.671661046912
9,0.08616875575543778,0.005381151734175797,3396.590089522518,-18.556635664026544,-904.1592821290578
10,0.10325480268822827,0.005499792142959714,3396.3268514083943,-7.65949576816638,117.38086197510711
11,0.11120646970217543,0.005529447328854344,3396.2896685571345,-3.504255257666955,311.320064456595
12,0.11742918229795818,0.00549219621709274,3396.2801451070322,0.40836425114321173,-319.7934076115416
13,0.11746716544058601,0.00551533374713713,3396.2766014996378,-0.04969450401404174,-9.90732342188494
14,0.11759754341532397,0.005516272283374846,3396.27660336189,-0.00916412773221964,-0.02558979531386285
15,0.117501158300764,0.005515578447449163,3396.276600582516,-0.03911676458301372,-7.331396957397374
