step,par1,par2,fn,gr1,gr2
1,0.1,0.01,1119.2606027017696,1393.7248269394331,9062.302456621865
2,1e-6,1e-6,1454.8661362563626,118284.28499194841,-5000347.086274763
3,0.056851347598266114,0.005685523101581644,1016.3504007211548,879.4247379040598,16228.864106569745
4,0.01981536218291767,0.0019822578872488103,918.6111158202808,-8.709704560487808,23709.51981729206
5,0.006737883142192008,6.746276816645951e-4,913.7370781421337,403.70317295923996,-48299.14714406072
6,0.015264645131776583,0.0015272271389977308,909.4032576807098,-91.49069077011518,16500.049350045174
7,0.008129183580903688,1e-6,1583.4150827851213,2272.1410281315,-5249216.144395438
8,0.013067029145586785,0.001057171889550297,905.7827415007664,-54.1351032120474,-4447.490203969551
9,0.015610198946071522,0.0011671865230918317,905.5480281967432,-68.89229043963496,2295.6842846338077
10,0.018022989616121463,0.0011609953635451653,905.3856829983738,-55.35011115512134,1472.7537344771235
11,0.02887698556590579,0.0011662454712002993,904.9838154596267,-24.168604687133666,473.63901978542344
12,0.03749743434263685,0.0011752127075088821,904.839269084049,-11.959261003084976,528.9321130283042
13,0.04558502170045038,0.0011681052015377973,904.7715705774468,-4.792250502987372,-254.27634657091858
14,0.051553210939992176,0.00117554077114016,904.7537822242265,-1.8405468921400825,145.25577704944226
15,0.056796580551944614,0.0011615939569266564,904.7517211171325,0.154405195758045,-941.1518937520214
16,0.0539436472436725,0.0011691824608389663,904.7496780811838,-0.8269380163028472,-346.9543321995161
17,0.05608292850273487,0.0011740537446185122,904.7489116320223,-0.20183955314223567,-23.4255134535033
18,0.05670610021203506,0.0011745370407283864,904.7489570772274,-0.0254634511520635,4.3669739415008735
19,0.05620357152751876,0.0011741473084046908,904.7489107754568,-0.16705277289474907,-18.07816703149001
