step,par1,par2,fn,gr1,gr2
1,0.1,0.01,23882.29526031237,8555.468168287916,-350743.8538926908
2,1e-6,10,31289.04980587549,2416.0877136091585,1744.6444298911956
3,0.06672597804326294,3.334108034558378,21674.86175730393,2403.870403759356,813.5894632687268
4,0.04394529360088722,3.32624414063485,21613.719704198,2404.2440069933946,808.4664568559674
5,1.000000000001e-6,3.3110745672931934,21495.720694733594,2415.921991887444,798.3984106249409
6,1e-6,3.3035248439734515,21489.706430244696,2415.9183380470495,794.839974714705
7,1e-6,1.617159810587322,20791.01656422252,-89427.34920205112,-310.6279016901681
8,0.014116103954363364,0.9183197506255427,20830.66547111697,5672.268569032894,1080.077820133738
9,0.0032649507485490665,1.4555613169309425,20850.74135192609,2283.8939257053426,-589.5438554034627
10,8.632853149139383e-4,1.5744679874787617,20792.61034450548,279.37628437939566,-325.3691293502925
11,3.058900466079264e-4,1.6020646770947085,20784.917378447888,-4211.4329431751685,-289.91065759328194
12,1.590330185432087e-4,2.056871314038711,20790.474427985457,-11893.28194484915,335.265723952034
13,2.3461930816315397e-4,1.8227855053161406,20747.649413509596,-6200.425911356433,11.890390269400086
14,2.6006904870732055e-4,1.8127930073182494,20747.47724787878,-5201.7516230625915,-3.8876026883372106
15,3.02287037443523e-4,1.8095369311246727,20747.320126156246,-3969.5983157980663,-9.068357448995812
16,4.151773320911239e-4,1.8097370864631164,20747.01164906655,-2008.6333192739403,-8.75107118190499
17,5.311018000118403e-4,1.8134654452207835,20746.83435067329,-906.2170747711207,-2.8244079658179544
18,6.324832957981934e-4,1.81410974208797,20746.777971032217,-283.9359492281801,-1.803961113182595
19,6.770083093708885e-4,1.8163058997493415,20746.77111134762,-71.04270667696255,1.6730453353375196
20,6.996879809069757e-4,1.8147702561591903,20746.770388706733,26.791256495926064,-0.7580892997793853
21,6.934433326421374e-4,1.8152477423363964,20746.76999712266,0.5047878585173748,-0.0017222919268533587
22,6.933289919805888e-4,1.8152490234353478,20746.76999477802,0.019096296455245465,3.0511728255078197e-4
