step,par1,par2,fn,gr1,gr2
1,0.1,0.01,375.02130880394975,2192.257852910018,3079.692054203349
2,1e-5,1e-5,146.6688252584176,48805.430099289704,-96497.48123648549
3,1e-5,1,2589.086281210987,2415.5164453759426,2506.7062394964523
4,1e-5,0.3213218376997955,889.1856441602512,2413.8773527090507,2492.009689824499
5,1e-5,0.10351510243251251,352.2575037228483,2408.5629375542794,2405.1086669325628
6,1e-5,0.03355451865853459,190.25066268550816,2388.7142927517857,2124.6652146921006
7,1e-5,0.011017222562436067,148.5484277761115,2254.1398738428597,1271.9130118593114
8,1e-5,0.0036902664323800387,145.09328409574763,-1374.4410301478638,-738.2585602196912
9,6.310796846988597e-5,0.003746469261318549,144.96469773174945,-558.7772423075421,-639.2955468214723
10,1.3116971286236508e-4,0.0038484289919355403,144.86159505395813,-278.8242505312155,-534.2878088065106
11,2.8874721322888925e-4,0.004127825670868961,144.81297690221052,894.6007697802827,-321.29940508482946
12,2.490305060320549e-4,0.004106254597634326,144.78691175583216,742.30447053480475,-359.4609607189625
13,9.462974270830891e-5,0.004153074865485629,144.69556803606707,361.05440204863726,-548.3782999941411
14,1e-5,0.004456091139286345,144.51649302314456,404.5572217330573,-568.4301315757523
15,1e-5,0.004697921763366065,144.39725122683484,761.714203270003,-419.2336593959567
16,1e-5,0.005377452157119425,144.24160743238951,1387.244595968582,-53.76635414705788
17,1e-5,0.00547742244523959,144.23861194775915,1448.483072230431,-6.982587941308793
18,1e-5,0.00549234324758045,144.23856283907398,1457.1428131492326,-0.13947574174721922
19,1e-5,0.005492647362128519,144.23856289865975,1457.3180757690807,-3.701492801155837e-4
20,1e-5,0.005492369845662822,144.23856284259978,1457.1581436771908,-0.12730893615753303
21,1e-5,0.005492345797443696,144.23856283939492,1457.144282835543,-0.1383093388085399
22,1e-5,0.0054923434953559214,144.23856283910206,1457.1429559802596,-0.13936241032297403
23,1e-5,0.005492343272968301,144.2385628390761,1457.1428277719178,-0.1394641414265152
24,1e-5,0.005492343250574993,144.23856283907105,1457.1428148869359,-0.13947438020522895
25,1e-5,0.005492343250655864,144.23856283907455,1457.1428148914833,-0.13947436386274603
26,1e-5,0.005492343250574993,144.23856283907105,1457.1428148869359,-0.13947438020522895
