step,par1,par2,fn,gr1,gr2
1,0.1,0.01,325.9985402468355,2226.9829479506598,3237.7482178850414
2,1e-6,1e-6,99.89491334840076,44217.11828589409,-171299.9208935102
3,1e-6,10,24350.954180674158,2416.0877970280126,2323.8994856001227
4,1e-6,3.2633019030591175,8206.756320555607,2415.9923840488773,2468.7494729278114
5,1e-6,1.0646408169929742,2729.4800022627264,2415.5618448003224,2511.8250268405973
6,1e-6,0.34743551673771217,925.9187233942197,2414.0617285900134,2512.0316524225927
7,1e-6,0.11350234430545811,341.2349419900895,2409.2202724341405,2469.702257798758
8,1e-6,0.037182056032841665,156.23138210797921,2391.054420095031,2326.7011507206803
9,1e-6,0.01226150048525351,101.75484046770539,2283.752564435275,1889.9605396220663
10,1e-6,0.004103155017132568,89.76896034542857,1348.415479525329,593.1301064864414
11,1e-6,0.004089000217808331,89.76060692547875,1340.9189454364423,586.3893309904711
12,1e-6,0.004032381020511384,89.72815676256424,1310.109545222673,558.9575378832734
13,1e-6,0.0038059042313235963,89.6145505177849,1172.263075954021,441.1980890111522
14,1e-6,0.0029427123851591647,89.47077375716239,323.729565724733,-143.07697885641346
15,1e-6,0.003154090361586343,89.45754102037941,592.2887546212507,17.391753978088786
16,1e-6,0.0031311810153388155,89.45733108270903,565.338395380337,0.2087774846870616
17,1e-6,0.003130902661021843,89.45733096099326,565.0077293390154,-6.441492672593085e-4
