step,par1,par2,fn,gr1,gr2
1,0.1,0.01,296.52443436469906,2259.8417807876103,3199.0530132947015
2,1e-5,1e-5,43.72504507273141,2519.9544531484007,8572.20950308175
