step,par1,par2,fn,gr1,gr2
1,0.1,0.01,304.7040550055801,2256.781752172401,3095.337068556603
2,1e-5,1e-5,54.151432667674136,10748.588501424265,3772.9086846875502
