step,par1,par2,fn,gr1,gr2
1,0.1,0.01,5332.93276262961,-146.30980079346045,6239.047564713474
2,1,1e-5,10807.540114043568,32.10103952369536,-22481835.033109818
3,0.39994443043611283,0.006670616822159149,5367.945249230333,18.21370801735611,-37258.47972376414
4,0.1947026661356611,0.008948800405894162,5324.677725714705,-24.243801935881493,-3596.2868297201567
5,0.2164905461678216,0.009370140621490317,5323.357679975565,-22.44688057089661,-295.45341440552875
6,0.2478725082779147,0.009538936000718494,5322.812754804177,-15.127223296076409,759.5757295302974
7,0.2881443494559182,0.009587970664868628,5322.404885363608,-7.711677926636185,900.9103710423005
8,0.32585607918478576,0.00949411248955776,5322.171848443782,-2.835443988260522,-22.69985938710306
9,0.347683740772227,0.009495885807142545,5322.129887463568,-1.0802840915857814,-76.95240716657281
10,0.3622261468111334,0.00952920610873999,5322.122167484194,-0.22443240595748648,166.35504593068617
11,0.36504490976774856,0.009509923279153568,5322.120176729382,-0.01653787421673769,-2.5953272415790707
12,0.36531861834926727,0.00951028037468176,5322.120175062727,-0.0018253695088787936,-0.20108313037781045
