step,par1,par2,fn,gr1,gr2
1,0.1,0.01,118035.01158311017,67792.23861478386,-3005575.223970809
2,1e-5,1,59426.11633928642,-6811487.270958605,419.29461709514726
3,0.24202575895822978,1,56064.826887362105,1904.0359913560678,1202.0411939738551
4,0.2419581805081611,0.9995294884607718,56064.132647472725,1903.2490613608388,1202.151380603027
5,0.24168786670788633,0.9976474423038592,56061.35559497434,1900.1021223448333,1202.6799321029102
6,0.2406066115067873,0.9901192576762085,56050.24622516024,1887.5290418145596,1204.6919254134991
7,0.2362815907023912,0.9600065191656056,56005.81270989399,1837.6089459343348,1210.9227332985029
8,0.21898150748480671,0.8395555651231944,55830.13136311968,1653.801127722545,1190.4364129441092
9,0.14978117461446883,0.35775174895354944,55763.77058692924,4270.577963216056,-4839.443681776174
10,0.2015044682787517,0.7178725639647827,55665.55491428759,1539.9503722801455,1022.77223537385
11,0.06951234210367635,1e-5,339666.6862253516,83797.12004942121,-787117456.1882217
12,0.15742068157019853,0.4781150793864757,55495.672318902216,2144.6028113132343,-765.2557591791265
13,0.14311319939824463,0.5230151196678458,55454.58897040791,1520.330305029347,37.95481119595934
14,0.09306072197489358,0.509072998190985,55408.817385974435,-140.38152370630996,320.4801480387687
15,0.09137094010866292,0.4900852830208444,55404.505100625436,-50.21900538849877,146.03950479795458
16,0.08908201483700967,0.4734924032366072,55403.51216279329,-1.093135288101621,-22.878501513332594
17,0.08965372197527419,0.47592084736644374,55403.4864695138,6.683885294478387,0.33350850571878254
18,0.08944901631263016,0.4757899180952212,55403.48626126646,-5.747846953454427,1.3532755474443547
19,0.08952637103314261,0.47575287015866,55403.48601962632,0.08405859261984006,-0.11672032997012138
20,0.08952700497224542,0.47576275021989806,55403.48601907403,-6.242771632969379e-4,-0.0011315569281578064
