step,par1,par2,fn,gr1,gr2
1,0.1,0.01,685.9986019137654,1832.5546388945213,4793.0169811758105
2,1e-6,1e-6,696.6133399238338,107233.3725854537,-2185103.8012165166
3,0.0429711430155622,0.004297627566401728,558.400620719649,1257.7078928171659,9399.505233007516
4,0.014610848625291162,0.0014618533725765884,490.1348777000976,256.02058786518,25122.514817398667
5,0.006615815027051455,6.624219687745622e-4,471.4486576805334,-56.35398478176512,10857.902328984323
6,0.005741095153888993,1e-6,757.5493152532498,1340.8863574920815,-2448214.9842925956
7,0.006399157000655817,4.985953738084292e-4,470.8408807810253,18.8076791383196,-8010.742678122824
8,0.007218284746096189,5.711954394335962e-4,470.737706347385,-4.856985859191809,1988.5422546138898
9,0.0070637229808809664,5.567896634535024e-4,470.7067987972358,-1.84751921779025,270.0650940701621
10,0.007114470098720752,5.547807803943452e-4,470.7043226945296,0.5671687344488419,-18.4834283598434
11,0.007090164823480525,5.548058145527244e-4,470.7043434433689,-0.08602681447200666,-2.0433754437476637
12,0.00711235014310514,5.547829639246329e-4,470.70432385786296,0.5105485848844182,-17.05187577954348
13,0.0071142647126820144,5.547809919396403e-4,470.70432280185446,0.5616861912471904,-18.34475621222964
14,0.0071144500059491305,5.547808010896725e-4,470.7043227049782,0.5666324091180286,-18.469862339713927
15,0.007114468131198523,5.547807824208709e-4,470.70432269554976,0.5671162273301888,-18.48209996268224
16,0.0071144699057915615,5.547807805930601e-4,470.70432269463026,0.5671635676662845,-18.48329810229643
17,0.007114470079866034,5.547807804137653e-4,470.7043226945391,0.5671682370689268,-18.48341563629674
18,0.007114470096843281,5.54780780396279e-4,470.70432269452874,0.5671686969321854,-18.483427089108773
19,0.007114470085638298,5.5478078040782e-4,470.7043226945336,0.567168397367368,-18.483419500796572
20,0.007114470095637533,5.547807803975209e-4,470.70432269453073,0.5671686730579495,-18.483426262037028
21,0.007114470096788074,5.547807803963358e-4,470.7043226945306,0.5671686946584487,-18.48342704647621
22,0.007114470096843281,5.54780780396279e-4,470.70432269452874,0.5671686969321854,-18.483427089108773
