step,par1,par2,fn,gr1,gr2
1,0.1,0.01,304.7407940948455,2257.5133739573516,3074.0799812326713
2,1e-5,1e-5,54.25186068095777,12156.061318889897,2314.080248239989
