step,par1,par2,fn,gr1,gr2
1,0.1,0.01,117329.2789875637,66408.16142440599,-2999368.0311529897
2,1e-6,10,59980.571706709896,-8701665.463248573,445.9495789342327
3,1.6491724823863276,10,60502.66933622505,2179.598905349849,296.439579105936
4,0.5497536749389033,10,57990.43445663049,2248.1830749165965,375.76496550173033
5,0.18315314512433728,10,57303.375544573704,959.0775325705181,422.6672767254058
6,0.18313295689065792,9.998560691217598,57302.747840099895,958.9756549758022,422.65958873031195
7,0.1830522039559405,9.99280345608799,57300.23715713811,958.567337365821,422.6279055365012
8,0.18272919221707076,9.969774515569561,57290.19654196137,956.919796008151,422.50557853549253
9,0.18143714526159185,9.877658753495844,57250.06597542635,950.0677476899,422.06153066217666
10,0.17626895743967622,9.509195705200973,57089.95887066407,918.8321168039693,421.1164101070608
11,0.15559620615201367,8.035343512021491,56458.51682299852,873.0559941977845,413.22342094645137
12,0.07290520100136347,2.1399347393035626,54150.428220311194,-137.06507994356798,503.77669471345143
13,0.04288976378898823,9.999999992515995e-7,411169.25167280785,0,-1509248653.0873504
14,0.06287865795829094,1.4250979839820683,53777.5900220472,-766.3478477115859,579.4333125231788
15,0.04955494480540018,0.47519133738095753,53181.41448152164,766.251657732937,-204.1963093506638
16,0.07241304032752748,3.4074932644297533,54725.05826560391,-992.668614271679,396.82556238403777
17,0.05106399135312804,0.6687761483126131,53241.327351528,-1170.5246775454725,587.4047450197395
18,0.049769967071277316,0.502775009169343,53179.15303714094,297.157539462205,21.70484232919989
19,0.04951875816816304,0.4993202443414989,53179.038513033505,307.7267185653909,0.5133474769536406
20,0.0488642767820085,0.49526227118636473,53178.892642694576,250.86459103476955,-18.850329288397916
21,0.04805557833569478,0.493108353757507,53178.782830249475,125.95141648489516,-21.014644880779088
22,0.04756957710637716,0.495009671407908,53178.73677922928,-9.819411825446878,2.2834497576695867
23,0.04759613109780239,0.4947732335265642,53178.736377351226,0.03237630153307691,0.01976251951418817
24,0.04759560357858792,0.4947692533407888,53178.736377296686,-0.007819289749022573,-9.276482160203159e-4
