step,par1,par2,fn,gr1,gr2
1,0.1,0.01,3408.8692473994174,238.13542332845827,16561.13342610297
2,1e-6,1e-6,6812.318580385426,123236.55566680827,-24892318.69747742
3,0.06584977930193234,0.0065852852852530674,3359.4428898164397,163.34768715069004,5895.305161382112
4,0.039635860433272954,0.004358672910550972,3362.3854306741264,415.1415434375849,-18528.83553327956
5,0.054015570628125766,0.005580086649752286,3355.054057294553,210.83963404635142,-2057.858843741087
6,0.050330247163506855,0.005504445494845958,3354.4252506480707,227.56334579071336,-2669.26912325971
7,0.035588953305031215,0.005201880875220643,3351.5283009943682,335.1691658326672,-4914.162379511708
8,1.000000000001e-6,0.004471439188191301,3393.06785899731,-271354.04814395314,604.9980189345661
9,0.02229299500645513,0.004928981725133508,3347.4685163972626,527.0900014716062,-6190.176616448753
10,0.0075510192182576055,0.004626403108920858,3339.2251728175543,749.7537266499421,-4294.575542000985
11,0.0026606223696887393,0.004526027858518172,3337.9624718361647,-881.4699736149123,-1168.7328396783414
12,0.04719715092355102,0.006941793465218136,3358.5036866060614,209.55586630861944,7752.3084320341695
13,0.011993611684748653,0.005032271055442525,3340.917537748994,639.8891754520264,-2597.157444452023
14,0.004924024616418769,0.00464880009693287,3337.545198917837,380.77532122542834,-2331.1066361520716
15,0.004748136283183395,0.004953038129385424,3337.104339442496,145.53044302601847,-387.4824643003194
16,0.004506882836306621,0.004997661145057792,3337.071675127693,45.07476893877538,-53.61522092243831
17,0.004387192284368142,0.005001385143637945,3337.0688925039885,-0.45773544798066723,17.273022035624308
18,0.004383967158786615,0.004997633331609083,3337.068830174328,-0.016178830719582038,1.1957788069594244
19,0.0043836766885807146,0.0049973495505200236,3337.068827835716,-1.1115389497717842e-4,-0.0011981114766967949
