step,par1,par2,fn,gr1,gr2
1,0.1,0.01,117871.17605205647,66761.13320121658,-3012015.085598541
2,1e-5,1,58654.173744790765,-7422058.629112361,468.4334688499803
3,0.22966875817892435,1,54870.52869268519,1556.9839937597862,1183.417831780389
4,0.22962063494535145,0.9995431754548091,54869.913166144994,1556.2918928117142,1183.4331578211277
5,0.22942814201105988,0.9977158772740454,54867.45129367091,1553.5247719162726,1183.5165334196063
6,0.22865817027389357,0.9904066845509908,54857.60799597786,1542.4788444579463,1183.7050629765145
7,0.22557828332522833,0.9611699136587722,54818.33256462005,1498.805447772611,1181.9502229991485
8,0.2132587355305674,0.8442228300898981,54665.23383763531,1345.6800669882796,1120.5042667643283
9,0.16398054435192366,0.37643449581440136,54701.72462219486,4037.4820076613105,-4741.505546262488
10,0.18686707593351826,0.5936919119213768,54425.579749605124,1505.4312443680828,232.36996657942655
11,0.14128466940109877,0.42913774597748056,54453.687498109175,2582.9594187962357,-2073.2491476883297
12,0.16736785474247073,0.5232990054528193,54399.45141290144,1748.841474254732,-435.7525849627564
13,0.13366584663931957,0.5058911671886557,54353.85941670192,1308.6360984380008,-360.8827944844961
14,0.04191884664584399,0.4716176969294584,54495.15855108148,-8980.744236723694,525.2592797842226
15,0.10280398832228779,0.4943622563441859,54330.07012232924,295.2533792631584,-155.83586304273922
16,0.09710646569332282,0.5018809214708099,54328.997178082274,-123.42852751316968,4.058231934322976
17,0.10023418203041563,0.5054818607329234,54328.85731111762,19.12754181830678,7.099222202668898
18,0.09966214902093568,0.5042182540472059,54328.84718883553,1.1512940909597091,-0.28682363335974514
19,0.09964367152987812,0.5042231294561212,54328.847177167845,0.02711363777052611,-0.014522665878757834
