step,par1,par2,fn,gr1,gr2
1,0.1,0.01,5449.237475541438,103.11371366697131,-2331.5834527011248
2,1e-5,1,6146.404639599479,2415.5137628986267,1527.570359830861
3,0.07434274266308402,0.2640322508605542,5751.455200930384,2279.9014018983144,-704.9369430296792
4,0.09621428541369943,0.04748232263663934,5864.358667971308,1702.631368375478,5804.686148685505
5,0.09985798460478872,0.011406093021893944,5451.177884279184,63.86282480889349,4621.193728526123
6,0.09995837321253125,0.01041214641058175,5448.767188077681,89.15084501950332,14.95643860380369
7,0.09994265482702115,0.010411007434436707,5448.765769759453,89.16919773582777,9.356087430205662
8,0.09987978128498078,0.010406451529856536,5448.7601573975635,89.2428604674933,-13.06034806475509
9,0.09962828711681927,0.010388227911535852,5448.738684003184,89.54156067829899,-102.9671322885406
10,0.09862231044417326,0.010315333438253116,5448.668502173506,90.80214898403938,-466.48565192754177
11,0.09298076691934937,0.010137801367621345,5448.309208867405,90.68261741049355,-1258.348063579433
12,0.07264489863653065,0.009776928047681883,5447.274285473922,74.17441687266546,-2385.181959316469
13,0.04724834026921698,0.009574235209345309,5446.826008444077,-31.481716341659194,-1560.655019911792
14,0.05994421670286704,0.00984776947334991,5446.474599424602,27.235644597567443,-1129.589512088387
15,0.057899372559921,0.010040939438261192,5446.341158478503,3.22774119922542,52.65145826342632
16,0.0571031233906618,0.010021749842937884,5446.3391222354185,0.22331349100568332,9.878448900053627
17,0.05702343067165052,0.010018758573273305,5446.339090191033,-0.008314405022247229,0.11338747754052747
18,0.057024897314605284,0.010018756905040036,5446.33909018087,3.1918716558720917e-5,-6.012896847096272e-4
