step,par1,par2,fn,gr1,gr2
1,0.1,0.01,3127.5286633320043,154.98784467808946,22360.881461797817
2,1e-6,1e-6,6016.780313106419,123127.73204503173,-21938521.916583363
3,0.06524490955846315,0.006524803754788279,3056.6035071054002,-4.892925367130374,14581.623794349525
4,0.022784135210735808,9.053358357543333e-4,3356.189527661731,2521.005958708429,-383906.2506963842
5,0.051943883540292834,0.004764480488254528,3042.1222323615493,5.810751981698559,-365.9299294781704
6,0.052158617259094715,0.004802557919280753,3042.119551285468,3.718054865657905,140.95228164023865
7,0.05204564900926063,0.00478992796162911,3042.118172893272,4.335596654527762,-23.27412556951458
8,0.051988465562336224,0.0047885204735292446,3042.1179485837933,4.3359920914554095,-38.81965876189497
9,0.051096957191446996,0.004776062792032496,3042.1153609685334,3.7230482394079445,-151.3464259187458
10,0.05003090506509371,0.004769128681830942,3042.1131226503317,2.3985028792594676,-175.07883701682658
11,0.048996975041921256,0.004770248419312989,3042.1114961528647,0.470536624561646,-88.90419586805365
12,0.04889898716384604,0.00477485689781628,3042.1112908101786,-0.03156822685923544,-19.577167684019514
13,0.048976082131937056,0.004776672025532816,3042.111297015207,-0.01285034613829339,-0.33115946052930667
14,0.04891801989897966,0.004775305005467375,3042.11128896286,-0.026942655040329555,-14.825860655491852
