step,par1,par2,fn,gr1,gr2
1,0.1,0.01,3077.1578014305314,93.94378935667191,26314.98547826368
2,1e-5,1e-5,4734.866031511224,123064.53450579284,-10799480.797611458
3,0.06376723627749883,0.0063799849026123946,2991.6877772712464,-106.72181776271827,18230.515720049425
4,0.030191059271817013,1e-5,5245.151722660323,2496.2690034317347,-11043686.44367806
5,0.0525643767018098,0.0042546075449951225,2972.691944056096,-82.57003988774159,-3557.641450324809
6,0.056038953706759105,0.004647952805545595,2972.2421537345904,-103.50102234951919,2661.224161122391
7,0.056467816738372235,0.004538900583392083,2971.997757482132,-95.7471208471361,985.3714078030862
8,0.05915360684627968,0.004462704157437316,2971.731818042606,-85.04583022840961,-419.68272415715546
9,0.06839877982419063,0.0043933106437955595,2971.1302546132315,-65.39570696531882,-2191.4611066404177
10,0.09116252247284069,0.004390369481523835,2969.9413400853523,-42.164794465406885,-3351.766104146918
11,0.13985119277937436,0.004546459300996033,2968.033510917722,-21.96488466779556,-1762.2249130749879
12,0.1929517944809578,0.0047175017586677,2967.098502427883,-10.900643212607974,710.5407900485261
13,0.22525516430292336,0.004757896118255696,2966.860121196192,-6.657069122866233,1269.7032599908198
14,0.2780930835879735,0.0046497616980604945,2966.6065350203603,-2.4243859002126555,-803.1273714777853
15,0.30569093429868793,0.004686213863849875,2966.5387353908786,-1.3143707224116952,-160.95935765861213
16,0.33544885296142957,0.0047003992212505535,2966.5128965743515,-0.45132956529414514,81.35314060837118
17,0.35026649062952475,0.004698287790577442,2966.508557924212,-0.12364626400085399,35.055079588346416
18,0.3558331937326783,0.004696515658933166,2966.508117040094,-0.015240068478306057,-0.38167759385032696
19,0.3566161385122722,0.004696535850149519,2966.5081111148043,-6.939649210835341e-4,-0.28294738967815647
