step,par1,par2,fn,gr1,gr2
1,0.1,0.01,38535.93213719089,21363.231394061586,-737743.9517326638
2,1e-6,10,36605.40706030876,-75769.44964268478,1300.850783882197
3,0.06665302695946887,3.341395920708267,30299.243192236674,1617.3705344954215,583.1380661220464
4,0.05931704147333493,3.338641606611097,30286.401526138623,1437.4409391530207,585.6484879404888
5,0.02997309952879916,3.327624350222417,30256.199830948444,-182.73896810569568,588.756158540491
6,0.02917862528935408,3.323192991907814,30253.774041834484,-271.07788369903574,587.2874972737918
7,0.026000728331573752,3.305467558649401,30244.899642731954,-677.2492292111565,581.2971592058602
8,0.011227000608184393,2.918869493186835,30077.48615990331,-5101.887760356476,474.44710608033347
9,0.018284488191760328,1.6154235879244845,29470.893929765356,-1715.45695318855,448.6344553697563
10,0.027031168671922224,1.000000000139778e-6,120757.42725875956,69110.38965212356,-438759370.18446785
11,0.021217249194540856,1.073772571905201,29262.639608957044,185.1792294473853,372.90551814294304
12,0.017923473513211254,1e-6,120072.58838018231,81922.12966416264,-438740239.1406988
13,0.020115915499861463,0.7147375534516422,29135.84246863662,1301.468487490638,415.90161908970913
14,0.019019694506536358,0.3573692767258211,28996.90886300828,2632.9261858518294,566.9057891827833
15,0.01828930575276061,0.11926238781738274,28833.042375984867,2768.362035476457,83.86383691686206
16,0.010919127117655554,1e-6,119454.75701393254,95109.22122157353,-438723314.4069656
17,0.015836231740762312,0.07956769036511377,28873.627631636245,5078.240946259029,-3674.2516524645907
18,0.017893365799042077,0.11285544020991145,28832.188658940195,2824.9107757255842,-173.25361939583672
19,1e-6,0.11096985343659999,29690.434764371894,-3944288.6461859234,-353.70012466955814
20,0.011757421043352362,0.11220880373919287,28821.9526187765,-15.112798409973038,-6.386794557329267
21,0.011802601138279694,0.11239728520797206,28821.95198150122,14.663007696071872,-0.42861996917054057
22,0.011781873942832146,0.1124032400174446,28821.95184605056,-2.1521350936382078,0.5227593828749377
23,0.011784012963380332,0.11239088666831291,28821.95184135557,-0.008567512850277126,-0.042199735617032275
