step,par1,par2,fn,gr1,gr2
1,0.1,0.01,5634.663361845837,-7.549556885351194,-788.285508356239
2,7.64955688536119,10,43419.89480948452,2229.7782070745598,2219.2520897078793
3,0.44344778980077004,0.46446951022550553,6744.953862963151,2346.5508459094053,441.4107308275561
4,0.12137474037298164,0.038284263509575575,6065.241750589152,1098.206533984012,11308.113532168136
5,0.10024389206558114,0.010322731753949677,5634.731972334443,-18.64332967215887,1195.5250792971128
6,0.10009470813749145,0.010125323155770137,5634.614045384377,-12.050109075971704,4.789797253579309
7,0.1000982235089751,0.010126025222760156,5634.614010035661,-12.070201496499067,9.042128590408538
8,0.10011228499490968,0.010128833490720234,5634.613897775423,-12.150479774390988,26.043017069241614
9,0.1001809957227291,0.010134905233373508,5634.613343263291,-12.266723856555473,61.380066799756605
10,0.10046315673592884,0.010149138767478081,5634.611344746891,-12.357337923276646,139.6993941943947
11,0.10113288958263177,0.010169044838762761,5634.60699597245,-12.076746506863856,239.22494924136117
12,0.10276525626227224,0.010197862933212568,5634.597111912694,-10.736796730270726,360.50778911430825
13,0.10574604763944358,0.010223778643756344,5634.580081066556,-7.57672009513044,421.01958184957766
14,0.10985394096373667,0.010202168684039387,5634.554575643908,-1.8751458628685214,157.23812104170065
15,0.11098216026976146,0.010184471524822698,5634.5519426039555,-0.05396593223849777,11.614875547820702
16,0.1109927762844542,0.010182774666366398,5634.551926735474,0.010183953236264642,0.6308051297310158
17,0.11098105174130977,0.010182618585600683,5634.551926130433,0.002022866283368785,0.012522677934612148
