step,par1,par2,fn,gr1,gr2
1,0.1,0.01,3528.1580491644527,313.70069856848204,13488.137282240587
2,1e-5,1e-5,5879.29343016512,122679.36882489266,-13509315.367032358
3,0.0656965250905868,0.006572740130562677,3491.954663859585,261.8770437607054,-821.9681431819481
4,0.0553410128714937,0.006179344448912963,3490.0428400465057,281.2482758167789,-3733.6928890272247
5,0.01158998743997286,0.0053924697392535945,3477.260177539207,461.4120675569211,-3741.7885323816336
6,9.999999999996123e-6,0.005184200352083461,3547.815549452932,-257732.5976829934,0
7,0.007651471769430901,0.005321634408100104,3476.1941331303065,100.34103476300515,-2268.408622176139
8,1e-5,0.0054375106589183014,3548.2191648993626,-257080.65530301153,1581.3615571573791
9,0.005178531113864266,0.005359134395054096,3476.7353532823877,-707.6725570755116,-511.1581309074609
10,0.007111057257839567,0.005329829322559052,3476.153717869053,-17.763849727998604,-1893.1597232290187
11,0.009620164872096472,0.006135300852574532,3476.0594360853006,67.86211489497873,1359.9542110273433
12,0.008368857142453941,0.005779170283423788,3475.7502666178957,9.893386875319266,64.20749555672955
13,0.008260474938416907,0.005756817809323726,3475.7489211633665,0.8674539162711881,-9.48036965155552
14,0.008260657880828288,0.005758395300047341,3475.7489224005703,0.3106673921138281,-1.5132185944821686
15,0.008260523598587009,0.005757237400201348,3475.7489202764805,0.7192582870629849,-7.360334964232607
