step,par1,par2,fn,gr1,gr2
1,0.1,0.01,3415.2171697257654,12.116159368815715,25901.82258451705
2,1e-6,1e-6,6650.72432968408,122980.12683397246,-24292329.251195304
3,0.06529713939726395,0.006530026268595109,3342.5996493688303,-146.2855468048474,14333.510985156863
4,0.04046588292006534,0.003009454928853339,3376.5058591664956,245.19735686681088,-54346.90476405649
5,0.05642233247937781,0.005271757646161838,3332.4189698680057,-139.0145267691878,2749.9861622504795
6,0.056785772201046816,0.005079773628107837,3332.0885305433976,-123.77756988144029,121.19394833916886
7,0.05901003387304302,0.005066702223176157,3331.8237989704944,-114.91865632706322,-236.48104413041438
8,0.06790708056102784,0.00501441660344944,3330.9845147369097,-86.28540839708876,-1643.3894736519505
9,0.09794934585889954,0.005169778980251334,3328.85595938868,-48.23954154517196,-744.3406192282964
10,0.13505226176902232,0.005340242502242069,3327.500238692392,-27.342406706338807,788.3248209941485
11,0.17269300556663364,0.005401259531999588,3326.786674867028,-14.869013909901696,1112.6141234058196
12,0.2122818620589818,0.005395045872323795,3326.3628899163286,-7.032968944713502,664.4898151580492
13,0.24242982217524664,0.005291692093238834,3326.239507931246,-2.965998719446361,-1137.9883557151516
14,0.2679538578890179,0.005364925756441906,3326.141137063409,-1.3707506172977446,-83.50800739208353
15,0.28454422666453844,0.0053788064614945005,3326.126395391328,-0.45762277295580134,82.67421489108528
16,0.29201813184128744,0.005376519353126713,3326.1242362784105,-0.08636621032565017,26.08016694921389
17,0.2937224319876287,0.0053752399178655175,3326.1241259422063,-0.005186666385270655,1.351080368294788
18,0.29383165449273313,0.005375171107277703,3326.124124798296,-8.609276846982539e-5,-0.022231497496250086
