step,par1,par2,fn,gr1,gr2
1,0.1,0.01,118537.25947871937,70428.20760500035,-3003365.5419842396
2,1e-5,1,62012.00988575126,-2998820.802346672,228.08237103163265
3,0.3554556463998708,1,59255.522577506425,-155.24982976785395,2628.117615968222
4,0.3554748934678808,0.9989447472746209,59252.74506813531,-158.09379332495155,2630.4391721714637
5,0.35555188173992075,0.9947237363731045,59241.60884450955,-169.4541623146506,2640.1448610340594
6,0.35585983482808053,0.977839692767039,59196.64909556793,-214.6199379421887,2678.3961081673624
7,0.3570916471807197,0.9103035183427768,59010.52664860968,-388.8412512242212,2818.092812995019
8,0.36201889659127623,0.640158820645728,58229.77381819741,-766.3261309062364,2603.3127656410215
9,0.3736947611412159,9.99999999995449e-6,355292.5678308019,0,-788623056.8648758
10,0.36592492619124545,0.42600420869962485,58003.34370139117,191.0295433481224,-1935.3094743200927
11,0.36147647031967645,0.6695314973717078,58309.01335879553,-772.2453590395162,2754.5010393077973
12,0.36492372745878043,0.4808140617763814,57959.593146403124,-272.7622016391251,163.14551259711152
13,0.36503302226551454,0.47644685791729113,57959.13835568156,-243.0684549108264,31.34182479698211
14,0.3650938817908045,0.47522052568505424,57959.10875199982,-234.36158364347648,-6.828364457760472
15,0.36513625369818214,0.475075900660562,57959.10017998249,-233.14145480981097,-11.600379766605329
16,0.3653057413276928,0.474497400562593,57959.073325527585,-228.24938299891073,-30.754674917261582
17,0.3730276403153154,0.4753784584880811,57957.404603376504,-194.34721813013311,-56.20712934614858
18,0.428967388315228,0.4889813601914336,57950.776894405666,-42.21790331939701,16.200892969209235
19,0.4420459562613656,0.4910756880435743,57950.46643899536,-9.355013207823504,6.491489621112123
20,0.4454790151476069,0.4914943923057419,57950.4509780892,-0.5116814645589329,0.28726070013362914
21,0.44568336285423066,0.49152191534583184,57950.450929173465,-0.0064464256865903735,0.0029190414352342486
