step,par1,par2,fn,gr1,gr2
1,0.1,0.01,3024.721486453976,173.31084128045404,24239.9623584015
2,1e-6,1e-6,5730.883133790814,122380.43525292596,-20877002.188165955
3,0.06496140872895564,0.006496456223370509,2944.914459782367,-1.8003854302151012,17153.559967632646
4,0.033301922719386805,1e-6,6234.913533028897,2234.6014211370857,-21126050.421747785
5,0.054417315566313663,0.004333164768405602,2925.3763927278287,22.976661687152955,-3231.7525176108575
6,0.05567393463741387,0.004665761576001977,2925.192776980194,2.638621479036374,1829.0289930519066
7,0.05504683628357248,0.00454238164023879,2925.0680207667674,9.144376376752916,81.90757254851633
8,0.05484100615650346,0.004532548749079655,2925.0657958021466,9.575776953170134,-53.33577439614601
9,0.0542525390388896,0.004519975830598335,2925.0615079384143,9.859331439656671,-206.44652926193885
10,0.052398871475051186,0.004495602149414519,2925.0509752555026,9.781670707980084,-455.2491740196274
11,0.04899694524839096,0.0044683851099353075,2925.0346283965328,8.16778069065549,-626.7947261676454
12,0.04428853116675739,0.00445015188841043,2925.0175106047877,3.1067772738424537,-521.7970984608655
13,0.04383201061378182,0.004476852488796922,2925.0092027970604,0.019231592887081206,-81.67124853116547
14,0.04429061478478648,0.004485044264661784,2925.0090404465577,0.1278234913115739,0.924563432818104
15,0.04417708505621234,0.0044843921033398265,2925.0090227123583,-0.014314121017378056,0.8237293400270573
16,0.044188670373552535,0.004478849974970462,2925.009160292553,0.4742979467664554,-82.38970866841555
17,0.044178289215823494,0.004483816063258552,2925.00901530004,0.03636579776866711,-7.810770032392611
18,0.04417720266273785,0.0044843358432959885,2925.0090217667507,-0.009365494406665675,-0.0194264998754079
