step,par1,par2,fn,gr1,gr2
1,0.1,0.01,3449.05984211675,418.4339621201616,11995.366223263773
2,1e-5,1e-5,5757.685941777766,114994.57024981893,-13222713.685703501
3,0.06570928224285966,0.006574014697531433,3413.2931259456004,408.60078987179804,-2003.678896007841
4,0.050553592314907664,0.006074151218056536,3408.612988477547,464.4569131528442,-5579.993680605639
5,1e-5,0.005199940011495966,3437.4123443007343,-239628.11788506314,324.9551277917817
6,0.028794489371755265,0.005697801798349809,3399.435450927803,632.4837172201114,-6904.659768604233
7,0.009722112299580678,0.005367922480149345,3385.4874882868553,1119.6953386638597,-4522.417775031045
8,0.0034061121033227143,0.005258679786875664,3379.697322779418,95.9818390538203,-1319.116609631692
9,1e-5,0.0052580769145509475,3437.4348136245258,-239529.95440972244,430.8675021707131
10,0.0023631007306554805,0.005258494633184674,3380.270219036286,-1433.7832683463603,-583.6784301777698
11,0.00331119496575539,0.005258662937339006,3379.692285067653,6.909320359227422,-1250.07942009006
12,0.00344205863462414,0.005436698954236268,3379.5322183555018,10.11758962931708,-586.578637448838
13,0.0035421719196598316,0.005591614986926295,3379.4843967149504,9.015106493279745,-63.76309958568527
14,0.0035437806154893026,0.0056087858003465675,3379.4839073723624,1.841482578583964,-4.5758450960420305
15,0.003542373683827388,0.005609892724446844,3379.4839074053193,0.17990667174672126,-0.05332660748536
16,0.0035433249798050514,0.005609144278397419,3379.483906579802,1.3034191647420812,-3.1106039523365325
