step,par1,par2,fn,gr1,gr2
1,0.1,0.01,5388.129129250668,-132.39081938991148,5193.921215095543
2,1,1e-5,10956.441629052388,33.30350678879768,-22793499.558656674
3,0.3989322827780628,0.006681851661163503,5431.035144950868,23.200902046482952,-38862.13663140552
4,0.181894676652518,0.00909096908915705,5382.238191193174,-16.629800816190254,-3477.94166348649
5,0.1977615894999026,0.009510306244428921,5381.202540600556,-16.742484831411275,-244.2600928088723
6,0.21604675837139098,0.009624769996747193,5380.955647294635,-11.643866323538532,432.25904846622143
7,0.24231107843995014,0.009668405600210431,5380.760994937879,-5.18680615186895,535.1822172451648
8,0.2612507912663052,0.009576881723014515,5380.693515056713,-1.0802821452671196,-322.4664386925724
9,0.2669545508904255,0.009614747777757731,5380.682129119783,-0.46756304072914645,-53.8575737255087
10,0.27026455041721786,0.00962471818987482,5380.681058740991,-0.06179072443046607,6.703454605485604
11,0.27066014926545334,0.009624341181786887,5380.68104249229,-0.005750539457949344,1.458806768823706
12,0.2706962120958324,0.009624187897699846,5380.681041720139,9.117684385273606e-6,0.030543696993845515
