step,par1,par2,fn,gr1,gr2
1,0.1,0.01,3028.4319063221324,168.95277180992707,25122.948191860814
2,1e-6,1e-6,5743.313270037939,122149.89629355841,-20923157.557381812
3,0.06490433444841531,0.006490749308990136,2947.535329565985,-15.975669659837877,16874.83793034062
4,0.020645065564417878,3.714612911586031e-4,3539.054949843855,3550.9774394722626,-1112104.4659924405
5,0.05018719658551245,0.004455957328641853,2929.2786988424546,-9.406778508491698,-1881.899150494064
6,0.051847666955689466,0.004668074264939491,2929.1875467190407,-20.786542447694956,1170.9522053979526
7,0.0514367978736024,0.0045964890731909624,2929.1459731830396,-16.946225393894565,170.82286109371125
8,0.05156819080770021,0.004591728572266194,2929.1430975604117,-16.225856149958418,91.22016662558963
9,0.0532079644709843,0.004574329990087821,2929.1226189976555,-10.562139896137523,-285.3379119665078
10,0.05552743995709712,0.004576406183205966,2929.103877711045,-5.108052562263765,-413.52780675424583
11,0.05843700741978418,0.004601076370852521,2929.0883762502262,-0.46480008222715696,-226.525192661029
12,0.05931823619191223,0.0046163115510539435,2929.08645518625,0.3675176117212686,-50.58219765487593
13,0.05928988502445155,0.004618984911143511,2929.0864085059684,0.1561833323648898,-9.010739288441982
14,0.05922871792988075,0.004619359933511332,2929.0864072631884,0.014838230981695233,0.15554285937469103
