step,par1,par2,fn,gr1,gr2
1,0.1,0.01,1089.9351153987077,1389.7138143636312,8744.747557168466
2,1e-6,1e-6,1392.7144961329248,118323.1320749951,-4769581.949203028
3,0.056311400250361375,0.005631533226365897,986.4511460804697,792.3316759030286,17461.762340165023
4,0.019628782703771844,0.0019636016185663324,885.7995917565912,-23.71622015232333,24886.318163850658
5,0.006674446119282432,6.682845503125524e-4,878.6411850418364,266.76124375910604,-43642.27518180371
6,0.0147629509856428,0.0014770622396768195,875.5597373196618,-120.03933070047879,17225.157140278498
7,0.007141548428992933,1e-6,1514.040765012756,2540.9606405389695,-5015545.05904424
8,0.012420372886986332,0.001023367391619788,871.762750134297,-83.92144586537142,-3353.779684077267
9,0.015613741669957722,0.0011124644546442156,871.4698049782322,-80.19527008059413,1974.2764863087814
10,0.01985913856244531,0.0011245461103799675,871.2113883290574,-56.33580113737935,1965.2318420560277
11,0.02888631554415127,0.001120020593763712,870.8436542976046,-27.491938068351374,616.1457371365486
12,0.03785902167811378,0.0011258352995659594,870.6684715199781,-13.970583564173467,482.0856923873862
13,0.046925821922669295,0.0011261684783046171,870.5795315683736,-6.482673035748121,233.92279316169606
14,0.054755644452313734,0.0011258857897580704,870.5438400540253,-2.932017416696908,96.82940838217746
15,0.062076039135818696,0.0011478244991291163,870.5548149833435,-1.0789532211674668,1677.256224090229
16,0.056619799903969356,0.0011314725328838854,870.5420518546265,-2.3879031755313918,497.81627237848625
17,0.06326346519360913,0.0011266228433127884,870.5292365627712,-0.7789546469894049,93.20712699377509
18,0.06652305438595191,0.0011256771693164604,870.5273098171971,-0.2383383929327465,8.734121472571132
19,0.0679802822785198,0.001125708613721068,870.5271213533953,-0.035810510325973155,7.045197148727311
20,0.06816686012715267,0.001117315504782268,870.5275066896035,0.01527303197690344,-647.1451672257444
21,0.0680439077009552,0.0011228464566874733,870.5266409566389,-0.01932482064148644,-214.6864015492156
22,0.0679825285993238,0.001125607564130467,870.5270936758415,-0.035245037111053534,-0.7593957832341403
23,0.06823640837426365,0.001125625646711604,870.527093828791,-0.002083847334688471,-0.008501176580466563
24,0.06806202541928362,0.001125613226289642,870.5270928159845,-0.02479771922025975,-0.5266575107043536
