step,par1,par2,fn,gr1,gr2
1,0.1,0.01,3234.943669002767,214.28599636919898,21157.62107107912
2,1e-6,1e-6,6327.537124732018,122835.57619705789,-23092349.120968945
3,0.0654100987759356,0.006541321189817697,3170.6550167450237,72.70804725067137,10648.05380300868
4,0.034488282216666694,0.0032143226591083585,3191.897618484512,443.2754139043027,-41329.9667253159
5,0.053783270660570474,0.0052903455240612615,3162.186857870576,80.451391600036,577.8876305225822
6,0.0512244440999144,0.005123701626478347,3162.023568580888,86.05258304669405,-1213.5079611630317
7,0.04984153012277606,0.005109346391500454,3161.923542490173,84.33325928763225,-1290.3828164417064
8,0.04430987421422272,0.005051925451588883,3161.5612170491404,75.3923872548512,-1546.7441904411317
9,0.010080413708858899,0.004915704374239479,3165.7809970005096,-869.7820937641154,2923.884897982134
10,0.032452824386227326,0.0050047386108409255,3160.9813915847844,23.176446704837872,-815.0497155861558
11,0.028233265080383756,0.0050266280810683335,3160.9612457716958,-20.640760690184834,26.78197130535409
12,0.030710444949039642,0.005051409694033315,3160.9393984603666,2.0723633929264906,-50.80714460746094
13,0.030555779378013386,0.005056070084522627,3160.9392260566474,-0.01898735035865684,21.736947085173597
14,0.030523703683717866,0.005053708474170137,3160.9391731716596,-0.006102716270106612,-0.06654071512457449
15,0.030524586291700156,0.005053725180863464,3160.939173365544,7.285507308552042e-5,-0.0010216945156571455
16,0.03052370853291422,0.005053708565959513,3160.939173172718,-0.006068833044992061,-0.06618071211050847
17,0.03052370371024132,0.0050537084746721935,3160.939173171681,-0.006102343377278885,-0.06653870514128357
18,0.03052370368375795,0.005053708474170896,3160.9391731716605,-0.006102679890318541,-0.06654070148215396
19,0.03052370368371787,0.005053708474170137,3160.9391731716605,-0.006102716270106612,-0.06654071512457449
20,0.030523703683717866,0.005053708474170137,3160.9391731716596,-0.006102716270106612,-0.06654071512457449
21,0.03052370368371787,0.005053708474170137,3160.9391731716605,-0.006102716270106612,-0.06654071512457449
22,0.030523703683717866,0.005053708474170137,3160.9391731716596,-0.006102716270106612,-0.06654071512457449
23,0.03052370368371787,0.005053708474170137,3160.9391731716605,-0.006102716270106612,-0.06654071512457449
24,0.030523703683717866,0.005053708474170137,3160.9391731716596,-0.006102716270106612,-0.06654071512457449
