step,par1,par2,fn,gr1,gr2
1,0.1,0.01,336.6670807875458,2231.766849038195,3008.998025912888
2,1e-6,1e-6,112.31649907638855,41073.994346007225,-202656.4021596812
3,1e-6,10,24352.243310296053,2416.08779750095,2323.7918570521288
4,1e-6,3.2739503026992134,8235.502172261522,2415.9929496272525,2468.210774450199
5,1e-6,1.0716606725524027,2750.7060399086586,2415.566389427113,2510.778965620375
6,1e-6,0.3508881325600743,939.3083369414168,2414.0846886450618,2509.3242604214083
7,1e-6,0.11500630717697254,350.7836841059758,2409.4620684945767,2461.8874362127485
8,1e-6,0.037793894294500294,164.6032361564324,2395.3835527026968,2303.702837477317
9,1e-6,0.012499299489542924,110.25973013040038,2353.003694699822,1822.3403956298512
10,1e-6,0.00418640799688423,98.96864113729023,2205.8447014238423,392.5760078618623
11,1e-6,0.0041783159061112634,98.96547792776536,2205.209844066047,388.41719931504315
12,1e-6,0.0041459475430193965,98.95316338930992,2202.6194709899014,371.62216367278234
13,1e-6,0.004016474090651929,98.9094664093485,2191.3734247998204,301.7918138441189
14,1e-6,0.0034515667039603927,98.83607072462756,2119.0597067919725,-58.62256842775082
15,1e-6,0.0035434507229135702,98.83373161202601,2134.028355983588,6.40584816373746
16,1e-6,0.0035343993711363063,98.83369775189256,2132.615851079862,0.10384361807780351
17,1e-6,0.0035342502241291537,98.83369767226938,2132.592463064782,-1.967348595144358e-4
