step,par1,par2,fn,gr1,gr2
1,0.1,0.01,336.9975053780964,2238.2133437628227,2868.631764542613
2,1e-6,1e-6,112.32612523845475,48469.803138905685,-202528.0880085971
3,1e-6,10,24352.243310296064,2416.0877974281902,2323.791857161268
4,1e-6,3.2739134807771184,8235.411287974252,2415.992947971972,2468.2115260384307
5,1e-6,1.0716364565794856,2750.645238939659,2415.566370373199,2510.7793403867618
6,1e-6,0.35087630882446835,939.2786673570905,2414.084614542844,2509.323631855409
7,1e-6,0.11500125242191388,350.77123987632774,2409.4617740712465,2461.8841029339933
8,1e-6,0.0377919322057034,164.59871609828897,2395.382649486635,2303.6905176148534
9,1e-6,0.01249862491505362,110.25850083516846,2353.0146850785627,1822.3015458903546
10,1e-6,0.004186234324301002,98.9685914919085,2222.611417781195,392.4563219019461
11,1e-6,0.0041781399163413144,98.96542835157233,2222.1959789615653,388.29553679946116
12,1e-6,0.004145762284502563,98.95311434868457,2220.5151274778245,371.49241518065423
13,1e-6,0.004016251757147557,98.90942386485696,2213.4761095715303,301.62660575555833
14,1e-6,0.0034517749873921874,98.83612479330785,2177.5545502383407,-58.59489867432899
15,1e-6,0.0035435947669474805,98.83378860740179,2183.6541402220178,6.404184476380692
16,1e-6,0.003534548011541881,98.83375476441401,2183.046071252477,0.10391821156474634
17,1e-6,0.003534398792032308,98.83375468462341,2183.0360478497823,-1.9708217280367535e-4
