step,par1,par2,fn,gr1,gr2
1,0.1,0.01,3127.600099157154,72.87333510021199,26754.735475944926
2,1e-6,1e-6,5929.767819450843,122655.80888093609,-21615450.834227066
3,0.06491707169451152,0.006492022918963397,3044.958015660217,-123.5878752413555,18233.82988864296
4,0.02642063018595931,3.8175978363020127e-4,3666.692695682609,2570.494482918093,-1123040.2092835766
5,0.05218748069097916,0.0044715465427385085,3025.9349340817357,-108.5615435249565,-1273.7743824322934
6,0.054975543555025964,0.004676465065691039,3025.6768323616757,-115.7648761954988,1728.9045915140377
7,0.056711910496361866,0.004670131656630084,3025.470851221888,-109.63961368815944,1509.9580550986502
8,0.06365737826170548,0.004644798020386263,3024.7566915317434,-88.92155538660518,661.3568889838461
9,0.09633608400666666,0.004723726125836154,3022.7481768018115,-43.56290303348942,453.0794419883932
10,0.12712486265693057,0.00476558816921576,3021.7588136159725,-24.025257555422286,398.7788596259634
11,0.1640498539605738,0.0047363573667345265,3021.133380742546,-11.564524852474278,-577.8945584324902
12,0.20232538215890022,0.004804766588070115,3020.8030352705455,-5.8663814911597,339.2557748748004
13,0.25097616013677115,0.004722022813131076,3020.6672915052914,-1.8134157494387182,-1289.5515919922218
14,0.27623888963347387,0.004796228799263982,3020.5874091038527,-0.8660172443342162,4.566180718938995
15,0.29074197281323755,0.004802255238499549,3020.5788144867593,-0.38836461726532434,95.91464463028387
16,0.3019169540828964,0.004799153942885284,3020.5760464822833,-0.07199314950412372,30.014605920314352
17,0.3044554454767454,0.004797719952608627,3020.5759038536735,-0.005988372322462965,2.045139676738472
18,0.3046852790611575,0.004797613978921391,3020.5759014803557,-1.4359557098941877e-4,-0.05518649913938134
