step,par1,par2,fn,gr1,gr2
1,0.1,0.01,5322.8594196963995,-96.925029488375,5371.9908037192
2,10,1e-6,13035.752799537288,0.489819394715596,-43466239.86511649
3,3.6246470301236777,0.006440106499575085,5396.991475733485,1.4237451568988035,-46705.45016119377
4,1.1142323798992477,0.00897562529630176,5328.696554126773,6.946296307432931,-6019.145245381878
5,0.4227716447411686,0.00967400063881142,5319.4721809777975,14.026966832716425,531.2167206830054
6,0.3122120003164041,0.008039451642717587,5329.279734506037,19.929806867367006,-15630.171962970962
7,0.41129520701425404,0.009504329328245412,5319.34073721465,13.962822076791781,-889.644800363385
8,0.36571316652847485,0.009499844436591869,5318.727904244851,12.951167941537278,-868.4267580747473
9,0.1833850045853581,0.009481904869977695,5317.833593317067,-11.57257467184536,196.45956616386684
10,0.2884258265227834,0.009527164540915772,5317.862010905086,8.17342727259529,-396.2155954332047
11,0.22928153885084787,0.009501680629532315,5317.597317149876,0.13288270110933809,-192.69877228907717
12,0.22982575980355172,0.009523929789232567,5317.595049665539,0.03293584541097516,-22.78168482462206
13,0.2298186707547642,0.009526803193231473,5317.595027182967,0.005372353371058125,-0.20233334907970857
14,0.22979758041012852,0.009526804882685775,5317.595027118865,0.0012772306945407763,0.003039708644791972
