step,par1,par2,fn,gr1,gr2
1,0.1,0.01,12787.275516866874,1775.8263300129329,-118529.82777653779
2,1e-6,10,27745.23247519982,2416.0880021736375,2040.5143620882882
3,0.06721410135620882,3.285344027955018,14888.160012847999,2413.8341452908207,1645.38330564028
4,0.08911458260052521,1.0974640728482605,12424.405503563725,2394.64687670079,109.00581411988242
5,0.06717510173040515,1.096799058098235,12371.79713859588,2394.3670179869514,106.14522821924766
6,9.999999999871223e-7,1.0947629220230521,12210.829086667407,2415.0526250923576,0
