step,par1,par2,fn,gr1,gr2
1,0.1,0.01,3299.0187747848854,412.90388835022895,14725.329783366305
2,1e-6,1e-6,6613.4336043397025,122091.64315508133,-24153869.91694254
3,0.06582481206298793,0.006582788786066023,3251.1563044986824,375.64152168215514,3083.5689519426523
4,0.035858119402584314,0.004670861850397665,3246.125981826825,682.2728897918751,-15206.836198531164
5,0.03235554286124487,0.005083914368174889,3238.8250012209774,676.1928298124076,-8935.298954995687
6,1e-6,0.005771204959814968,3269.8013527297508,-355289.07768492895,208.49171412464784
7,0.017764957473978136,0.005393854524220222,3225.394018704131,940.2829198825202,-3542.7220290102923
8,0.006015482798374161,0.0056434424549132185,3210.964616895874,1497.4520787495749,436.4935774810874
9,0.002127226883721446,0.005726038636830866,3206.887267396723,-570.0351933410275,1539.0443306068846
10,0.017352912955203893,0.005798140054130695,3224.217303780556,896.1128977625776,-566.3218521681301
11,0.003385202879432311,0.0057319957971055545,3207.4194530187733,1024.0747444117915,1284.9737893043311
12,0.002413817933909436,0.005727395792154245,3206.8166824534555,19.859741719301383,1482.2053547163705
13,0.002384195553923614,0.00555549113268962,3206.593758748653,10.277296983076667,1087.26592679659
14,0.0023106160008200547,0.005083253033113324,3206.3967208429945,62.72677316701447,-372.81720530245366
15,0.002304802705652889,0.005200464288099653,3206.37923838863,-8.085967458555388,58.92615202355955
16,0.0023048073778328035,0.005184358693472912,3206.3786566311537,-0.46313088887472986,2.6803376181305794
17,0.0023048575458955896,0.005183597958252346,3206.378651792288,1.537705429655034e-4,-0.02061537543340819
