step,par1,par2,fn,gr1,gr2
1,0.1,0.01,5692.986741315931,134.79820048360125,-4184.041007383712
2,1e-6,10,25674.89030239022,2416.087876626989,2213.365296847769
3,0.07981278992249208,2.0267224539675808,8358.949020933085,2413.130953646032,1979.1539504058164
4,0.0950894697252179,0.5005668801195345,6013.484630444115,2365.012582658892,504.90744792568876
5,0.09868998367642848,0.1408719394441904,6149.481539461367,2840.161674926094,-1172.7086659948327
6,0.09984653554596577,0.025331252270541955,5889.460126650913,573.1685886621563,15093.254448070184
7,0.09998936502339785,0.011062444787002731,5691.976226919061,101.39628358956543,1961.4426369844296
8,0.09997338443245006,0.010723434863537148,5691.601796343848,110.32474245439516,203.6781459901249
9,0.09994995143930198,0.010683030595420698,5691.595309697883,111.48822716677387,-16.976459960460488
10,0.09991833156232266,0.010674132658944843,5691.592121896367,111.74007415320375,-65.13931727567979
11,0.099482038476066,0.010610525947031803,5691.557782560927,113.52199579960143,-406.526619849501
12,0.09852826816957796,0.010536209813786059,5691.493066674526,115.58602504010196,-798.59977804972
13,0.09539726538552983,0.01038992040041665,5691.295752293669,119.69483710799977,-1546.4735066643698
14,0.087091454835784,0.010145682404386527,5690.791102928166,126.86869747994933,-2704.9955493021116
15,0.0625347499824902,0.00965432270246299,5689.304238248443,137.7050254814094,-4437.340217536985
16,1e-6,0.00873028972997168,5760.19831339419,-158261.6961392523,2714.8800161512554
17,0.04090888137146173,0.009334767011960654,5687.985786286745,104.59890454967535,-4342.928387450229
18,0.026803969570335047,0.013648588392196905,5708.864092616442,-166.74828040777356,8975.816240081258
19,0.038380132432590204,0.010108155133174028,5686.367031376836,-2.2788115484217997,245.17459538401454
20,0.036282122290984375,0.010016699427878487,5686.370843037222,-13.16428203608666,15.778374613546475
21,0.03751056041460845,0.010070249061781581,5686.363304347261,-6.575616939699103,148.22558095147542
22,0.03832702502212382,0.010035087626574485,5686.36151364196,4.345463630670565,-102.74453433339659
23,0.03801031880987449,0.010049837544026729,5686.360104066593,0.05333009994501481,0.48908553253568243
24,0.03800138633150127,0.010049559888479491,5686.360102953606,-7.534708856837824e-5,0.026269744921592064
