step,par1,par2,fn,gr1,gr2
1,0.1,0.01,5632.701237742634,-0.8124482928906218,-460.71287508766545
2,0.9124482928890405,10,27843.470982830087,2393.751611634798,2215.583006363886
3,0.13736927675874833,0.4694988728358144,6014.304698302205,2371.8770866980776,406.7160252998292
4,0.10329613933545134,0.05052988017744049,6131.518028710132,2043.8873286047965,5031.927517893564
5,0.1000234137419846,0.010287899284758607,5632.829734862646,-10.848442157112004,1322.5217847957538
6,0.10000581877936314,0.010071548683585842,5632.68492116575,-3.4242670562889543,-3.079956718465837
7,0.1000064034102862,0.01007207709586454,5632.684920081875,-3.4425731018927763,0.24389241843891796
