step,par1,par2,fn,gr1,gr2
1,0.1,0.01,590.2720282837437,1959.0837646541104,3826.482300154339
2,1e-6,1e-6,522.5894125295483,101101.14282957283,-1539202.350782047
3,0.09575375483575169,0.009575413700163812,580.3403763804143,1941.2023827754865,3950.6275926595436
4,0.04787737741787585,0.0047882068500819065,470.05282481847837,1537.823191701193,7541.009687044493
5,0.017023970829620996,0.0017031438746925483,394.8528598000699,647.365992864195,20355.61025626606
6,0.008137063358133328,8.145331105108566e-4,371.54120853109276,68.91553343365331,22169.876165656035
7,0.00179255007211629,1e-6,562.2290088310605,4669.508764490047,-1776229.1141741513
8,0.006282126051101944,5.766814662377263e-4,366.7836308425608,-10.549982760039711,14985.966616317228
9,0.010568403442157275,1e-6,572.8195956277921,362.8033164181943,-1819489.7752875357
10,0.007287844476727434,4.4160540720930433e-4,365.38962195104057,19.408824670961167,1317.1602691576823
11,0.0053477087167977085,4.2576487557853386e-4,365.3183498008664,17.3501833279488,-275.330161196905
12,5.646198743264426e-4,4.1354899648794947e-4,366.3221695205052,-1718.182586330954,6040.964012434244
13,0.003931778991931388,4.2214862948957457e-4,365.2970022740936,-0.9244805795560751,285.16162225912467
14,0.00387851739787694,4.199164421517907e-4,365.29260777199977,-0.25585051389498403,-18.37005905855449
15,0.003907628157701235,4.201605575217762e-4,365.2930615257721,0.328679757046757,-9.092259015801574
16,0.003878644003347069,4.199175038328107e-4,365.29260970473683,-0.25326240375989073,-18.330444374896615
17,0.003878517952095063,4.199164467993218e-4,365.2926077804621,-0.2558391776119606,-18.369885661684293
18,0.0038785174003024034,4.1991644217213e-4,365.2926077720406,-0.2558504658622951,-18.37005831106353
19,0.003878517397886591,4.1991644215187164e-4,365.2926077720002,-0.25585049399978743,-18.3700590554281
20,0.0038785173978769538,4.199164421517908e-4,365.2926077719997,-0.2558505045158199,-18.370059057986055
21,0.0038785173978817724,4.1991644215183126e-4,365.29260777200113,-0.2558505153160695,-18.370059062533528
22,0.003878517397876955,4.199164421517908e-4,365.29260777200005,-0.255850504800037,-18.370059059122923
23,0.0038785173978769538,4.199164421517908e-4,365.2926077719997,-0.2558505045158199,-18.370059057986055
