step,par1,par2,fn,gr1,gr2
1,0.1,0.01,3212.838144104566,263.5280938920914,17624.584577126825
2,1e-6,1e-6,6339.96768105776,122965.69671795623,-23138501.813240796
3,0.06564385996734706,0.006564695205087084,3157.7414152742163,146.8294164260442,8154.658263149486
4,0.03305103436464591,0.003475474865745757,3172.120104549175,520.4176969004948,-33645.56616439358
5,0.053059500881237065,0.005371921724190602,3150.869759967154,171.95882960777453,-751.1793776779996
6,0.0490966625364102,0.005218360804262007,3150.3920446924076,182.03003383632677,-2183.8905107756545
7,0.03055223794235073,0.004818587230723807,3148.1548202470694,220.12302304119657,-5093.440198188546
8,1e-6,0.00437883435579991,3201.2161206237306,-118211.49008310385,-1640.8963531830523
9,0.019930625962236007,0.00466570031945051,3146.61580616448,204.3118911547026,-4843.96209761826
10,0.006777072827160242,0.004476368783441115,3146.782963643239,-479.43178079322024,-1541.6620496989708
11,0.012989070183391415,0.004565783939107703,3145.9042096438725,97.2546724960921,-3734.9766144529895
12,0.007265819904422033,0.004610451624970812,3146.4074131280713,-448.6176833393074,-709.536125411887
13,0.011000514697339191,0.004581303821594537,3145.756704996179,-7.528564156018547,-2732.989971641473
14,0.014239670585922418,0.004947430412504088,3145.2154393196292,17.887811741275073,-374.5801171203311
15,0.014140881900684117,0.004982077986915265,3145.207274562532,5.785352420843992,-52.527267625919194
16,0.014012142408036833,0.004984665777402423,3145.206820253372,0.624769024852867,1.115936358928593
17,0.013989840270459984,0.004983965830339277,3145.206804894659,0.002961123755085282,0.7648515338587458
18,0.013988939568306755,0.004983848105915236,3145.2068035872444,-5.720949047827162e-5,9.23614607017953e-5
