step,par1,par2,fn,gr1,gr2
1,0.1,0.01,5533.178283459702,0.6445258213716443,-476.2399576839016
2,1e-6,10,25623.325117524266,2416.09858461743,2217.670429017744
3,0.09483877324420756,0.5256117090207556,5856.225724119494,2390.003017617346,640.2752166241044
4,0.09939122642497324,0.07081708831605772,6076.3284541916855,2853.6356078802783,955.8453712816117
5,0.09999454696284729,0.010544763859194728,5533.799980581458,-17.87652395250916,2667.6398259678535
6,0.09999923126292096,0.010076797602172716,5533.160247793702,-2.2159931177156977,-1.4635712568633608
7,0.09999958880553099,0.010077032908745792,5533.160247540565,-2.224078139079211,-0.03878934421663871
