step,par1,par2,fn,gr1,gr2
1,0.1,0.01,4494.9553535424675,300.7963147092596,3036.127776485955
2,1e-6,1e-6,9758.295128370344,122951.23247957235,-35830598.326222226
3,0.06690772708982401,0.006691070542416926,4504.986717331387,465.62905343762395,-19847.986748623043
4,0.08806900620063948,0.008807008000081943,4490.959911936989,316.76177645749704,-2785.5977790204633
5,0.0806839696239378,0.008708413100866903,4488.88015931985,327.1367982324591,-3227.6117015271666
6,0.05114382331713106,0.008314033504006745,4479.79709689864,404.95773107522837,-4381.2472801846525
7,1.000000000001e-6,0.007631244534967247,4555.1001089103975,-480718.5906184168,1801.6153598637175
8,0.03171638827128893,0.008054664984913097,4471.952056678492,536.9948847237538,-3992.544855968845
9,0.010694792380143092,0.007774013412412356,4459.12868728883,628.9861493314675,-660.9290594633421
10,0.0037062941338424776,0.007680712550175297,4459.349321474337,-1857.0048447054432,1819.054896623129
11,0.010694792380143092,0.007774013412412356,4459.12868728883,628.9861493314675,-660.9290594633421
12,1e-6,0.007324631158660664,4554.544732439431,-480213.88733752246,1342.2775887966054
13,0.007031403348552906,0.007620067837179185,4457.4305279145665,204.81971585013525,247.8899672269108
14,0.004451087254467988,0.00728338077210007,4457.863323625078,-874.6113302959202,532.4475766201431
15,0.006155323717358207,0.007505754447250443,4457.308618314271,-13.292769190229592,291.74886237342434
16,0.0060220515667567896,0.007337874185020278,4457.298134522269,22.726945971953683,-186.567786768137
17,0.0060389023226419996,0.007398292611765762,4457.293093260164,-3.275066064816201,6.386646541614027
18,0.00604818744178293,0.00739783005686997,4457.293080628228,0.6012910625941004,-0.04187446847936371
19,0.006046206632368121,0.0073975071371354135,4457.293078399459,-0.0016377316569560207,-0.05781018899142509
