step,par1,par2,fn,gr1,gr2
1,0.1,0.01,320.82128538567645,2246.8762594752434,2997.713173043053
2,1e-6,1e-6,87.40135214007432,31800.777104720764,-140060.71438560722
3,1e-6,10,24349.6650510522,2416.0877976828488,2324.007113420521
4,1e-6,3.2480905379712826,8166.7338689339285,2415.9914891060907,2469.3865579274643
5,1e-6,1.054653346880394,2700.7825917970645,2415.5552761749277,2512.9292084557164
6,1e-6,0.34254303984854956,908.888793348316,2414.0300947340165,2514.7377429988182
7,1e-6,0.11137949263656347,330.12769381251786,2409.2377841532198,2477.39211167044
8,1e-6,0.03632156176109288,147.24447449893194,2394.5345230572457,2349.16274523826
9,1e-6,0.011928001709565265,93.02692806501392,2349.997584968122,1955.5578090220392
10,1e-6,0.003977641789236484,80.50033330355413,2217.2162364746837,782.4842506500573
11,1e-6,0.003955548712675573,80.48314597814922,2216.0849395611135,772.6554340366931
12,1e-6,0.003867176406431928,80.4166035723608,2211.4240103583425,732.2235729687776
13,1e-6,0.003513687181457349,80.18873049436911,2190.3452306708004,550.4481349633039
14,1e-6,0.002413069944335448,79.98996406952625,2169.973960596394,-193.99454984515785
15,1e-6,0.0026998801311024973,79.95690850033861,2136.1659071712324,-13.535352895885921
16,1e-6,0.0027213923463714046,79.9567864530089,2136.578517915666,2.985542108717709
17,1e-6,0.0027175048073174233,79.95678195129368,2136.4886745249123,-0.008566628650896746
18,1e-6,0.0027175159301945006,79.95678194743662,2136.4889222917327,-4.908429218630772e-6
