step,par1,par2,fn,gr1,gr2
1,0.1,0.01,38020.492756935004,20706.531367686694,-725885.4930198503
2,1e-6,10,36430.098585051244,2264.1181222570594,1315.4229352221591
3,0.06667270990645437,3.3394295746409557,30592.03376974508,665.763272500044,412.62063876274624
4,0.06359011662854566,3.3374835681974275,30589.31540745073,576.5550268552033,411.2349554998218
5,0.051259743516910844,3.329699542423315,30581.63235668229,125.425729474955,404.86994101229357
6,0.040574802096777884,3.316912935119744,30578.077428670225,-459.95965803740546,397.04276463453425
7,0.04040977469853922,3.3085340150956415,30574.834669416894,-475.4864645838097,395.4076107038418
8,0.03974966510558457,3.275018334999231,30562.026819290422,-535.929791531089,388.8042555990978
9,0.037109226733765974,3.140955614613588,30513.347891613837,-764.4910732597054,363.4193990728818
10,0.05679815569231106,1.1395854802450245,29720.340878819996,1502.4367253499804,306.4488713243918
11,0.040392539183588844,1e-6,119869.88948944393,55077.058874376235,-432506605.09214926
12,0.05131367918205073,0.7586169070714304,29540.571258969478,1855.1414646935882,514.0726140234619
13,0.04585310918281978,0.37930895353571503,29257.056270321173,1349.3387614107633,1141.0658179374877
14,0.04221474457731905,0.12657697996452555,28807.13433295056,-1022.3517677695781,1624.490238391445
15,0.04100196957068597,0.04233390535325876,29628.2465532055,12363.572885842586,-52018.68193955306
16,0.04221474457731905,0.12657697996452555,28807.13433295056,-1022.3517677695781,1624.490238391445
17,0.07687647798745299,1e-6,121449.58976602202,34245.86537264986,-432550539.8069633
18,0.053771515937237516,0.08437454182333423,28838.326408041816,1895.7095426594606,-5247.709641953406
19,0.04707564339979759,0.10882619339296465,28785.466518356036,-138.92149787352537,274.6634879258636
20,1e-6,0.07394349952588461,30242.48565617557,-4586968.910787036,-1131.166271334223
21,0.03146694732753658,0.0972600225750819,28798.36522082897,-1757.3010827618418,-327.51510030720965
22,0.046392583804182645,0.1083200406736663,28785.443316597026,-178.90420172989252,245.53082528655068
23,0.049959522483329404,0.1033534601081874,28786.29177257393,310.8320752653526,-525.7196763341199
24,0.047634948369951705,0.10659018090801868,28785.112162223435,-6.590652046725154,0.4625246401701588
25,0.0477244987396781,0.10661647009651097,28785.111855747615,-0.4063776941620745,-0.03307346560177393
26,0.047730717558937714,0.10661888765441607,28785.111854511157,-0.0022016502043697983,0.0034924596548080444
