step,par1,par2,fn,gr1,gr2
1,0.1,0.01,328.452549678527,2234.6798427125236,3127.2290268972824
2,1e-6,1e-6,99.86435503160824,32137.344773203295,-170913.67238282104
3,1e-6,10,24350.954180674133,2416.0877975373296,2323.8994852727046
4,1e-6,3.2631473485162257,8206.374763873535,2415.9922986837046,2468.7525942590582
5,1e-6,1.0645393046016445,2729.22502081114,2415.5617790529504,2511.8265659830286
6,1e-6,0.3473858787544028,925.7940312639903,2414.0621265291884,2512.0294445355285
7,1e-6,0.11348094048581765,341.18208121630454,2409.369489242863,2469.6894194747188
8,1e-6,0.03717351164560689,156.2115060794488,2395.033842947214,2326.6515938203725
9,1e-6,0.012258294609171657,101.7488505119337,2351.755323217901,1889.776190039285
10,1e-6,0.004102016637778671,89.7692083697347,2218.1859303978513,592.0653991677938
11,1e-6,0.004087859268561516,89.76086856941178,2217.3836298284755,585.3136000329329
12,1e-6,0.004031229791692896,89.72847464933952,2214.089915581212,557.8362280970595
13,1e-6,0.003804711884218416,89.61512428352614,2199.379671517363,439.8678981721105
14,1e-6,0.0029454677034034026,89.47237427822343,2114.630500041983,-142.54725846228666
15,1e-6,0.003155769411608674,89.45927162659719,2138.39245009126,17.395040357399694
16,1e-6,0.0031328973713262913,89.45906175557319,2135.734274912693,0.2184553164852332
17,1e-6,0.003132606480046875,89.45906162531189,2135.7004016962833,-6.838411081844242e-4
