step,par1,par2,fn,gr1,gr2
1,0.1,0.01,16128.894469259825,3847.934477180388,-187936.7774311322
2,1e-6,10,28807.47528366784,2416.0880181807443,1951.8287256141775
3,0.06694317614153662,3.3124097275577675,16948.27962556901,2413.123067799461,1395.9615654130175
4,0.08896994960752327,1.111913053338958,15034.084144733435,2802.381325227543,-50.22398901928682
5,0.07253142523199083,1.1122806449738447,14988.073612909207,2791.842104970783,-46.152682771207765
6,0.006777327729861032,1.1137510115133913,14814.082915344017,1900.5926894169534,-59.91541579533077
7,1e-6,1.11426274983459,14848.926619843733,-274629.3416825028,-76.04771674778021
8,0.0041086609622298055,1.1139525453095636,14809.69686226768,1274.6657675234019,-62.50764708966017
9,1e-6,1.114669443076111,14848.89590646044,-274624.6935631461,-74.99159990402404
10,0.002670439483419103,1.1142035537972261,14808.368662865812,430.6411859761283,-64.12550741515588
11,0.0019165362273828334,1.1147347679084414,14808.322766670377,-504.2060917367053,-64.44610127800843
12,0.0022866197101218313,1.1144740002744187,14808.258409253738,30.36009838069731,-64.22651947104896
13,0.0022139938678488683,1.1149502713598698,14808.22896429676,-59.74416245408065,-63.202290339177125
14,0.0019696031837741017,1.1186035665492422,14808.06831313325,-405.8055171117303,-54.71220127219567
15,0.0018361140648919497,1.125023912441578,14807.834692117562,-621.7435423604911,-39.22283716747188
16,0.0019066894691529993,1.136907427867782,14807.503738124247,-466.9709906556818,-10.149703575734748
17,0.0020996305457245536,1.1411625193362482,14807.42441089703,-157.69172183354385,0.4936367167829303
18,0.0021906434773576234,1.1411790863388145,14807.415943804457,-34.44060489528056,0.7200267464213539
19,0.00221650290031292,1.1408937777104198,14807.415410411722,-1.8178381287725642,0.08940423867898062
20,0.002217973140369935,1.1408548435668364,14807.415410077658,-0.03091950020461809,-8.098959369817749e-4
