step,par1,par2,fn,gr1,gr2
1,0.1,0.01,1113.1208719934455,1359.736355863106,9277.638703663342
2,1e-6,1e-6,1467.2935281504265,115607.03465371489,-5046513.079465679
3,0.05721644755393305,0.0057220298112158775,1013.6966270470092,803.638275987737,16293.651936316564
4,0.01994672068947176,0.0019953925556658366,918.4175569696258,36.163832198781165,20869.130872186473
5,0.006782545034420398,6.790934689263842e-4,915.8001157388555,393.1615321590698,-49794.85075998184
6,0.015781112398046734,0.0015788692173728663,910.7517861278469,-37.13703067944607,15020.50021200148
7,0.009015248376145518,1e-6,1594.6944770670343,2004.2822329537557,-5299439.377489788
8,0.013692749033075092,0.001091841358460617,907.2541495115579,-3.041437068986852,-4461.227333732154
9,0.014543965637651738,0.0012051843026353913,907.1617267135023,-25.214532869881623,2236.651489452015
10,0.01490069585715531,0.0011717206004041806,907.1035385287807,-15.633117825473164,309.5551530748253
11,0.01553422336599372,0.0011666012003879022,907.0935621794306,-10.516873906567525,-124.87388170995928
12,0.016853168934056043,0.0011682691314174281,907.0841480134153,-4.194233406451531,-283.1920154102363
13,0.01794617064460555,0.001173993975110088,907.0816450637373,-0.9345621720058261,-129.15496275752503
14,0.01834747463219412,0.0011769332092367013,907.0819551701237,-0.0514409964580409,-17.36529558058919
15,0.01801738678140902,0.0011745155769534092,907.0816503981076,-0.7722731430703789,-109.49851777183994
16,0.017961367731218605,0.0011741052817429143,907.0816443822796,-0.899721020459765,-124.96711982805664
17,0.01799834030434428,0.0011743760765818409,907.081646849753,-0.8154329003673411,-114.76338759337068
18,0.01796906130302994,0.0011741616310679216,907.0816444142735,-0.8821261639013755,-122.84561749595468
19,0.017963000209822423,0.0011741172383567824,907.0816443678956,-0.8959851538747898,-124.51704214981874
20,0.017967000531339386,0.0011741465375461344,907.0816443808744,-0.8868361805980385,-123.41396703561713
21,0.017963846682275176,0.0011741234380976205,907.0816443649315,-0.8940485514585816,-124.28365134667274
22,0.017965928222657555,0.0011741386837336395,907.0816443706753,-0.889287852032794,-123.70967731328619
23,0.017964286506418944,0.001174126659461407,907.0816443646028,-0.8930424462505471,-124.16237781508244
