step,par1,par2,fn,gr1,gr2
1,0.1,0.01,3257.7321908408535,162.5274572802482,21651.839975147595
2,1e-6,1e-6,6364.827509201666,122481.25015044934,-23230808.721049856
3,0.06541836758530215,0.006542147996334324,3191.2203382042508,25.468685514624667,12378.551546437393
4,0.029540856281873147,0.0023616870247330285,3257.556466547918,815.788532715942,-86691.49128204025
5,0.05399258111406353,0.005210811103736147,3180.889392745671,33.61532642884413,1494.4220141728692
6,0.05166950817692755,0.0049909877419817925,3180.7512176751993,42.61493885223899,-1111.0602638973432
7,0.051903810518230016,0.005047540811890623,3180.7192551883186,39.24114281517177,-388.2963234173076
8,0.05148803178429287,0.005063261442383319,3180.699229165991,37.33264587481244,-159.98438499082113
9,0.04755149637227397,0.005109357629558012,3180.5895424368687,24.189380123971205,677.8740344088874
10,0.04234935871713979,0.005104108372057776,3180.505078281023,5.250111080385977,999.1227799196167
11,0.03959099455232631,0.0050428320308374755,3180.455486296625,-3.4982203078470775,502.3159167808444
12,0.039631372792525606,0.004999587945863157,3180.4445602418537,0.6763365217921091,-27.536293478078733
13,0.039524348765402034,0.005001043659730681,3180.4445253834865,-0.04578957259582239,0.3949412825932086
14,0.039533609601928525,0.005001087051501968,3180.444525753135,0.001120520209951792,0.06435341674659867
15,0.039525452535208574,0.005001048831458619,3180.4445254054917,-0.04019653715658933,0.35552574445318896
16,0.039524499187093255,0.005001044364533492,3180.444525386145,-0.04502735691858106,0.38956952494118013
17,0.039524369594343495,0.00500104375732496,3180.4445253838467,-0.04568409394778428,0.3941975114685192
18,0.03952435166011906,0.005001043673293916,3180.444525383543,-0.045774906993756304,0.39483799127992825
19,0.03952434915107013,0.005001043661537734,3180.4445253834865,-0.04578756488626823,0.39492754240200156
20,0.039524350807042426,0.0050010436692968134,3180.4445253835115,-0.04577923391479999,0.39486844343628036
21,0.039524349391327866,0.005001043662663464,3180.444525383493,-0.0457863438896311,0.3949190431740135
22,0.03952434917938589,0.005001043661670408,3180.444525383493,-0.04578748530548182,0.39492661016993225
23,0.03952434915107013,0.005001043661537734,3180.4445253834865,-0.04578756488626823,0.39492754240200156
