step,par1,par2,fn,gr1,gr2
1,0.1,0.01,15279.481155930345,3186.988041688892,-169933.20964826125
2,1e-6,10,28536.75806305839,2416.0800741810817,1974.4306871143635
3,0.06699214626436048,3.307517563366021,16426.986867159307,2406.8838101993606,1464.276663864439
4,0.08899582438964772,1.1093281367555605,14322.222755374394,2683.72877890215,-72.19158667794545
5,0.07162082188047106,1.1099177383924452,14275.553672045164,2682.938873886087,-69.75520560445148
6,0.0021208118437644197,1.112276144939984,14095.339075418135,1348.7108758545219,-53.28871848178096
7,1e-6,1.1126944061078758,14112.43049739396,-135649.52187251038,-51.98087329517875
8,0.0013875436090250558,1.1124208264734619,14094.577023551616,598.9838173536555,-52.74183086839912
9,7.919311393933025e-4,1.1129690021607888,14094.584087988753,-1043.4101512510097,-51.337247914489126
10,0.0010801473005792933,1.1127037406017846,14094.463594775025,-20.391105781527585,-52.01687474254868
11,0.0010670542408344945,1.1131708657812676,14094.439925917044,-54.902443962419056,-50.972509880011785
12,0.0010146820018552994,1.1150393664991995,14094.35478032397,-201.8937430875667,-46.792535458735074
13,9.777564065404799e-4,1.132145975705245,14093.890228672039,-319.2091575056111,-8.608733569417382
14,0.0010734075337323625,1.1359879347854713,14093.857464664263,-44.12745447552879,-0.086487571024918
15,0.0010880394298399538,1.1360499085386147,14093.857212753759,-6.242137042136164,0.04780111339641735
16,0.0010904419659367463,1.1360301827039563,14093.857223304662,-0.11261742656643037,0.0034389449865557253
17,0.0010883821381528968,1.1360470947588233,14093.857213312114,-5.366135283111362,0.041476696424069814
18,0.0010880963352400508,1.1360494413212792,14093.857212824054,-6.096641427575378,0.04676100616052281
19,0.0010880491238902065,1.1360498289463734,14093.857212764906,-6.217348955033231,0.04762599928653799
20,0.0010880410938959434,1.1360498948760132,14093.8572127558,-6.237883308131131,0.04777041795023251
21,0.0010880397116913747,1.1360499062244955,14093.857212753188,-6.241416658667731,0.04780235030921176
22,0.0010880406239463902,1.1360498987344971,14093.857212754372,-6.2390847961069085,0.047786234063096344
23,0.0010880398644405726,1.1360499049703603,14093.8572127539,-6.241028249860392,0.04779386472364422
24,0.0010880397285001468,1.1360499060864886,14093.85721275392,-6.241371656869887,0.04779535629495513
25,0.0010880397116913747,1.1360499062244955,14093.857212753188,-6.241416658667731,0.04780235030921176
