step,par1,par2,fn,gr1,gr2
1,0.1,0.01,3272.3327172072172,83.97657248679025,23936.867268134847
2,1e-6,1e-6,6339.9674159499145,122988.766976041,-23138502.249955624
3,0.06528894573537034,0.00652920697614944,3201.560862974425,-70.90612514957684,14123.801481503051
4,0.033371772878033806,0.0022883154580153183,3273.484903249526,673.9355254808288,-93048.79120362556
5,0.05493939238930892,0.005154043417711038,3189.9673862394407,-63.100519619183615,2475.6545647596795
6,0.05395641869443803,0.004917178234656084,3189.7869870508434,-49.895000361175335,-574.6913209713966
7,0.05478093606738081,0.004981452262977475,3189.7354960729954,-52.5307384828011,255.36892914260534
8,0.05608289302062878,0.005017992422897982,3189.6846950446075,-51.98393589580519,661.2281496381911
9,0.06245741452743764,0.005116632191548096,3189.488672931003,-44.85939310143294,1587.2382166617172
10,0.07184568700247407,0.005184131680846906,3189.246930364703,-33.21799556033511,2020.174565607249
11,0.08627796101493776,0.005201425222355253,3188.9194936369613,-17.691829707473516,1731.1312073820773
12,0.09917988677405595,0.005114661403509924,3188.690123491063,-5.4855998791936145,186.60591645357272
13,0.10545765173771307,0.005107968342268399,3188.667285917291,-1.7294208169005287,-59.367868350364006
14,0.10921812673034226,0.005122870226229182,3188.6640897753264,-0.1408594971508137,72.82615945314319
15,0.10950473339995385,0.0051152235825264155,3188.663878139725,0.1553654487906897,-42.60959842213197
16,0.10930163446120057,0.005117910672080604,3188.6638395430127,0.0018703804016695358,0.12267017609701725
17,0.10929733115611134,0.0051178963903769845,3188.6638393548283,7.808466762071475e-5,0.006747782208549324
