step,par1,par2,fn,gr1,gr2
1,0.1,0.01,49933.81331300768,30723.742092268367,-1014982.2031989606
2,1e-6,10,40467.36776541099,-149759.1991291847,1006.8067438987782
3,0.0666135507630472,3.345339632167907,36294.6413079822,3658.064370829379,658.5984474804718
4,0.05457393480064643,3.3429762177749636,36249.45424616985,3578.125298190571,680.407172330888
5,0.006415470951043334,3.33352256020319,36107.59337141937,-671.9058574890369,784.4209678296465
6,0.013574228185054436,3.3320865874355685,36113.13535668764,1916.466935435892,777.3003938200418
7,0.007876544773036424,3.3332294838840353,36107.0796958357,224.5524427780765,784.2905058714678
8,0.007766329676450155,3.3288411015639134,36103.61567407104,170.00035230012145,784.4729622956947
9,0.00732546929010508,3.311287572283426,36089.82814721155,-66.06191349419532,783.1397232075687
10,0.005562027744724779,3.2410734551614766,36036.91936403693,-1393.5014800154022,752.3653945463593
11,9.999999999992654e-7,3.019652646283851,36107.388522745176,-1331716.7889978008,0
12,0.0027735961829560207,3.1300477958321515,35966.02721004884,-6595.148914784659,730.4038021175074
13,1e-6,1.5862878068342827,35658.77875168732,-1437177.9547757613,166.79538730386412
14,0.0021376839570666313,2.7759768146783173,35741.34932698315,-11867.136294240481,554.5736821659375
15,0.016549284206552748,1.2700359359666546,35407.670044235616,6115.9466969183995,-92.86693362810183
16,0.01270245270080534,1.5153322557823339,35405.19291001916,4415.668667134014,233.8089080512873
17,0.010836409262150308,1.3820535787458783,35378.244232454424,4257.866785665101,55.0161744831712
18,1e-6,1.3436801575510757,35604.68146967076,-1423643.567541294,129.33832535054535
19,0.006806404504189499,1.3677813841058026,35363.700260069345,2144.054622258409,88.57318447553553
20,3.182529263490836e-4,1.2542417789271094,35418.82264276699,-105556.01024061616,-62.153311555448454
21,0.004380890698776899,1.3253360317557454,35357.60469037988,-756.9746547596878,82.36302292061737
22,0.003962943120813436,1.2532933177089451,35356.446825401414,-1046.1797585958266,-56.5570336766541
23,0.0048237080780414165,1.28397882839979,35355.50127041787,421.06018896447495,5.304094374878332
24,0.004572494564198384,1.2814473162491515,35355.43723724934,5.860146229679231,1.9568692732718773
25,0.004565571578327236,1.280386269522134,35355.43631171154,2.6915620401268825,-0.2815901825670153
26,0.004563881709192969,1.280513813126944,35355.43629113128,-1.570447966514621,0.00904132321011275
