step,par1,par2,fn,gr1,gr2
1,0.1,0.01,2446.820903350087,534.6684666938017,17826.032752741412
2,1e-6,1e-6,4475.424874710475,121248.45845934942,-16215541.013162473
3,0.06458092238636583,0.006458411013522854,2371.207757383173,314.93295103246055,15015.063854921209
4,0.01197433417567595,1e-6,4799.697308931524,6827.539879523101,-16436210.138313448
5,0.046885054951371546,0.004286259327674647,2343.6267673458606,265.7217200976447,2985.9214419502678
6,0.03519859636050627,0.0034039898149768786,2342.560154441006,340.3790798824957,-9634.883098119644
7,0.036081759271073356,0.003767569822117381,2340.574091621385,301.1160326013851,-3206.771770096566
8,0.02986573998175885,0.0038696097057738625,2338.4940495001983,295.39702046349703,-1163.7233689361892
9,1e-6,0.004079014475763041,2378.9317756022965,-115306.0052426008,1002.6147997496082
10,0.01867002506838887,0.003948111514519916,2335.4171521809913,230.03292747489468,1143.2205811229323
11,1e-6,0.003936835129266896,2378.741263419163,-115999.4773137032,1453.4328732565882
12,0.012157922995159305,0.003944178102276067,2334.376088663838,49.8441495096813,2244.204166227064
13,0.00962312308927946,0.0038321646902780403,2334.179675146761,-90.01995855442146,1864.8106216710403
14,0.010129137809118982,0.0036964889093145576,2333.999056663502,-4.804692619018169,367.9581303231316
15,0.009994775153675911,0.0036538634658141804,2333.991586823336,0.9807021615415579,-44.29106440056785
16,0.010003462295635411,0.003658245318066228,2333.99157799118,-0.04329310513639939,0.6700458243358298
17,0.010003782689555665,0.0036581956781310673,2333.991577046962,-2.8742306312778965e-4,0.0017270940588787198
