step,par1,par2,fn,gr1,gr2
1,0.1,0.01,1027.8200825740523,1431.335269913916,8191.340524646193
2,1e-6,1e-6,1280.8385205536792,114629.54566904955,-4354226.414716469
3,0.05522588118410764,0.005522991089509818,921.6714438605134,808.1962975586521,17325.331029221616
4,0.01926497604853382,0.0019272242273351697,825.0254988700124,6.081592729856311,25457.266964485254
5,0.007565513199878929,7.573832386882796e-4,811.4643885357978,-10.08621924995623,-20613.334254148867
6,0.012807413559673575,0.0012815260970927313,811.5244444290524,-134.7088394027196,14768.607004322688
7,0.00994493745725996,1e-6,1397.7280060459743,1390.0872989131585,-4613353.742547195
8,0.011950556046223748,8.982116629434591e-4,809.4048953578377,-60.215768513103285,-7666.418092650247
9,0.017300286940220386,0.0010492595407547785,808.818734116825,-58.06729851769887,2982.080439749666
10,0.020587866792265187,0.0010354683224624863,808.626961663446,-38.67508656924201,1505.5485426449877
11,0.027602693798879977,0.0010274239504365174,808.4290732518419,-17.70510441758688,115.51958070072033
12,0.034027178337530446,0.0010343258203002253,808.3518958894998,-8.068176070992195,200.85126441983903
13,0.03924176262000586,0.001036611583784736,808.325635724204,-2.752234843228507,149.74559531935938
14,0.04175057950329575,0.0010234475953176097,808.3230490816574,-0.37358372765083914,-993.8912079667261
15,0.040301037147687284,0.001031053474797669,808.3219973161956,-1.6890493481014346,-328.96014212383307
16,0.042199313968408834,0.0010353514173383708,808.3205995412596,-0.42130227086545347,-43.81730158058872
17,0.04279982558838252,0.0010361467230467463,808.3207019744029,-0.034863772953031,3.289794539682589
18,0.042313752126309785,0.0010355029769705368,808.3205982502197,-0.3464632197847095,-34.91329527662401
