step,par1,par2,fn,gr1,gr2
1,0.1,0.01,20960.459936910527,6174.390082960599,-290256.7446802277
2,1e-6,10,30362.16560771169,2416.087414494541,1822.0291308534797
3,0.06677934442629531,3.328776679579895,19914.89011304537,2399.4695331748517,1030.3656854375731
4,0.039409060550715934,3.3169561692247287,19837.0477627966,2401.6587186270044,1024.7712573072931
5,1.000000000001e-6,3.299936857699342,19724.803559337815,2415.8785283725592,1016.8894840171561
6,1e-6,3.288350595922426,19713.049024453172,2415.8745556269423,1012.15116066669
7,1e-6,0.8134143288269343,19071.820059651127,-86204.5148062316,1794.5475631131558
8,1e-6,1.000000000139778e-6,58062.37073944293,124629.96799396933,-215181458.98504472
9,1e-6,0.5349992315309953,18917.26991243909,992.0522989705205,-1111.5840981074143
10,1e-6,0.6414919272876674,18880.562880866753,-47644.61351194768,333.45636062222184
11,0.021440825372044184,1e-6,60017.85637552924,61142.114571157435,-215239419.365688
12,0.00730173472736771,0.4230500785845941,18970.740488122745,7942.288038921106,888.6061356133723
13,0.001506535179373405,0.5964455175561889,18877.125316972968,4376.929181908054,-256.82022751425393
14,0.006455447487814103,1.0633596871809399,19348.920599083838,-2010.8858467756363,-132.7727939860779
15,0.001655360547006682,0.6104867186558876,18875.44450162875,4631.35760055593,-79.54010094181285
16,0.0014299404185767579,0.6132220976938757,18874.263985328522,4292.100366401428,-46.51160204957705
17,1e-6,0.6204939093468013,18876.098000514376,-33573.28756195784,88.79554206941975
18,7.128584089264634e-4,0.6168712948514955,18871.740025281488,2035.297654565511,-6.15473461948568
19,8.196663353908978e-5,0.61831186510843,18873.013440332812,-10169.509732622828,-3.0265113127825316
20,5.040434650361672e-4,0.6173481002388966,18871.450179904583,537.2632147009426,-3.677123077068245
21,4.28544941564137e-4,0.6176881340943846,18871.433114818796,-244.4510114764853,-1.346504195680609
22,4.516511716054792e-4,0.6177158672096309,18871.431932950327,18.609653579915175,-0.43881587771466
23,4.500266195650341e-4,0.6177263625907962,18871.431820174046,1.0957829181279521,-0.3522233964758925
24,4.4974448350080615e-4,0.6177325476617318,18871.431802133433,-1.849172476795502,-0.2848925578291528
