step,par1,par2,fn,gr1,gr2
1,0.1,0.01,853.1185986783976,1712.3016625100718,4553.82563257217
2,1e-6,1e-6,970.0807647807669,111001.71666302458,-3200479.3529656534
3,0.050705792248289576,0.005071022877135245,742.7883175485321,1119.1978249206613,13282.239213149296
4,0.01776585555599111,0.0017773256703002525,654.3263472684829,159.3393044191771,25635.622897281108
5,0.007185759679391002,7.194113044553512e-4,633.8807618205665,-92.06714427875795,-2076.228834249605
6,0.0017276785596062692,0.006399931639416966,650.3700949594422,6658.755192064518,-85.81660052186635
7,0.006884122743256618,0.0010333411841846698,636.924119670812,-130.39204086567224,16423.230265517075
8,0.007167095075938283,7.388365671310635e-4,633.8745803717251,-103.4207075389304,-104.83355635699354
9,0.011820673745736074,7.656910560719018e-4,633.5554877968198,-51.54973090839121,741.4487946596182
10,0.01591033484610925,7.749607570871864e-4,633.408614889547,-28.668338433135432,754.6493650033881
11,0.02072669497960807,7.78247584813544e-4,633.3148861438821,-13.307679806757733,386.4176315488521
12,0.02486741649365046,7.80365053972077e-4,633.2793677789782,-5.273383733310766,196.7320924637761
13,0.027547719857808812,7.809729624970321e-4,633.2709340874713,-1.4935644469460385,63.5230716670776
14,0.028402252219161248,7.754582331619519e-4,633.2685118000774,-0.11934667384139175,-581.9209702224271
15,0.02784135357175281,7.790779956949642e-4,633.2695750817758,-1.008034640221922,-156.97524623590198
16,0.028756401801042882,7.810995671941884e-4,633.2700840812125,-0.06585201049347233,1.881513761077258
17,0.028006391359938772,7.794426056447048e-4,633.2695796428479,-0.8328704768700845,-128.68272232026357
18,0.027877717402344977,7.791583325353346e-4,633.2695727394092,-0.9692367643765465,-150.7553004609008
19,0.027962642214356882,7.79345952787519e-4,633.2695746432678,-0.8790745351916485,-136.1984169381003
