step,par1,par2,fn,gr1,gr2
1,0.1,0.01,328.9349959810571,2243.059654559545,2918.8152518094057
2,1e-6,1e-6,99.8818021867634,39703.78545371346,-171314.1612838919
3,1e-6,10,24350.95418067412,2416.0877975737094,2323.899485199945
4,1e-6,3.2633075353092518,8206.770225187718,2415.9922976650705,2468.749164363544
5,1e-6,1.0646444803902735,2729.4892040645345,2415.5618474787843,2511.8249840920726
6,1e-6,0.3474372667388656,925.923119452604,2414.0624610367922,2512.031741410965
7,1e-6,0.11350305387102999,341.23669455706175,2409.370852584516,2469.702677890666
8,1e-6,0.03718229163726961,156.23193428757588,2395.0391650112124,2326.7022214596977
9,1e-6,0.01226153862182203,101.75498091348084,2351.427216975281,1889.9489566612715
10,1e-6,0.0041031145756017596,89.76980211894012,2167.8494154082273,592.6490781136806
11,1e-6,0.004088972527265061,89.76146301126501,2166.2842906930277,585.909381663754
12,1e-6,0.004032404333918268,89.72906907254016,2159.7937741110227,558.4820767973753
13,1e-6,0.0038061315605310946,89.6156703364627,2129.566862780905,440.7435378903557
14,1e-6,0.002944455649546176,89.47226983975054,1902.97674039968,-142.9364658744703
15,1e-6,0.0031554700900802302,89.45908285274857,1980.9738427962031,17.431037921440407
16,1e-6,0.0031325340174479487,89.45887206585272,1973.3012010777884,0.2152646705155803
17,1e-6,0.0031322472266052635,89.45887193852059,1973.2039939312074,-6.716329892242356e-4
