step,par1,par2,fn,gr1,gr2
1,0.1,0.01,424.48818558812263,2170.255745399743,2697.545110961812
2,1e-6,1e-6,249.12068355681785,82533.2449062958,-595796.311191742
3,1e-6,10,24366.423736137247,2416.087798010267,2322.607946880453
4,1e-6,3.3129898314601958,8358.757044851494,2415.995010705956,2463.9794888844335
5,1e-6,1.097588231930663,2855.065611529377,2415.5826969536065,2500.295756108244
6,1e-6,0.36372991501058344,1023.0190280469666,2414.1637307332076,2479.6139808603357
7,1e-6,0.12063403203584684,428.2935906778951,2409.7668195292954,2374.137589897032
8,1e-6,0.04009211953008891,245.6834307279665,2395.3534440531143,2042.8421665808116
9,1e-6,0.013371420179538334,199.7208985682445,2320.466289186527,1046.5375675291
10,1e-6,0.013347975738441948,199.69639319656193,2320.1558873307704,1043.9109168343919
11,1e-6,0.013254197974056404,199.59899074016593,2318.8945503758873,1033.3113742656508
12,1e-6,0.012879086916514227,199.2195356983163,2313.512497889576,989.3693104454826
13,1e-6,0.01137864268634552,197.88225055927407,2284.8260433408996,784.6236548130037
14,1e-6,0.005408817167252549,197.5681233172153,1198.1829349369377,-1102.773226116227
15,1e-6,0.008896882562274246,196.49338630805516,2183.121983249805,294.37529092021464
16,1e-6,0.007406681039281628,196.3709085918021,2022.3817341982908,-157.8407244748803
17,1e-6,0.00792681849570765,196.33599930560197,2095.5939848104777,19.308866876457387
18,1e-6,0.007870124800695563,196.33541084957702,2088.763843209165,1.1364238676492278
19,1e-6,0.007866579428830825,196.3354083654054,2088.3285632302773,-0.008698135900431225
20,1e-6,0.00786660635882274,196.33540836896424,2088.331873291054,3.453806129982695e-6
21,1e-6,0.007866579714841377,196.33540836536838,2088.3285991300227,-0.008606211281403375
22,1e-6,0.007866579718196787,196.33540836536665,2088.328599556064,-0.008605129551142454
23,1e-6,0.007866593038509763,196.33540836718478,2088.3302359527534,-0.004300610356722245
24,1e-6,0.00786657985252052,196.33540836546442,2088.3286152678693,-0.00856138569815812
25,1e-6,0.00786657971845888,196.3354083654472,2088.328598796352,-0.00860491965681831
26,1e-6,0.007866579718196787,196.33540836536665,2088.328599556064,-0.008605129551142454
