step,par1,par2,fn,gr1,gr2
1,0.1,0.01,5778.548989907823,-185.19552817451768,1144.095602244306
2,10,1e-6,14320.336360330512,0.548775842617033,-47758249.91508447
3,3.775025105094029,0.006288224643855031,5876.21244886964,1.1670976937239175,-64823.020494040975
4,1.2149334084558057,0.008873917257459635,5773.675539287625,1.986622287404316,-16792.925201912112
5,2.0528508069543445,0.018795763105136143,5961.9134189756105,8.80232023064309,39567.18294809889
6,1.3663845115557396,0.010667261686290858,5761.311721047989,1.3555279565480305,1569.4824925094508
7,1.343371527193954,0.01050200872475002,5761.137524202718,1.3434299944492523,149.7876800067388
8,1.3289739279009374,0.010462919330970148,5761.118923499909,1.338796027994249,-192.4396362301195
9,1.2993799159378336,0.010428977089058673,5761.090956871463,1.3271056695884909,-490.66288097037614
10,1.1828129534033494,0.010357696685304093,5760.997339296693,1.247989121111459,-1114.633094148303
11,0.9417314996468314,0.010282453876165765,5760.848019786249,0.7972590037752525,-1738.9022314273461
12,0.7753506954404683,0.01030428479437157,5760.738900732457,-0.010531853149586823,-1483.5397882825418
13,0.7815590407176091,0.01044388943508672,5760.615861675086,-0.023099219106370583,-289.60097988147027
14,0.7884635441320536,0.010477944631057291,5760.610922503747,0.014151014511298854,-5.060809644419351
15,0.7855803719324911,0.010478584400042009,5760.610910804003,-0.00560404259886127,1.0828749464053544
