step,par1,par2,fn,gr1,gr2
1,0.1,0.01,632.7534758244075,1960.6486435259285,3418.554267156537
2,1e-6,1e-6,584.7402667964458,103241.0116291021,-1770511.6515242474
3,0.09697430963709326,0.009697458195194906,625.7947091319695,1947.5894932679694,3498.4885868118454
4,0.04848765481854663,0.004849229097597453,516.0804808357399,1529.0195572907805,7488.383028487533
5,0.017074323489354323,0.001708178687487412,438.70637534102826,549.6876366032666,23351.471918600735
6,0.007564072596498744,7.572391913158224e-4,411.2246707270195,-21.52181421251953,23242.076435229817
7,10,1e-6,647.7220062213758,-7.742073648842052e-6,-2069086.3308722856
8,3.6829668546237735,4.790804272433197e-4,405.46412325108486,-0.007454297872300231,385.5866624786586
9,3.6325490953534896,4.257320044479974e-4,405.680462366868,-0.007570438640414068,-12528.85179172125
10,3.6781705782498153,4.740053548175614e-4,405.4574281675947,-0.007465262683581386,-711.6674369817133
11,3.6813122021200657,4.773295937547881e-4,405.4612127651035,-0.007460257904767786,9.809237311060315
12,3.6826548607513496,4.7731671865905017e-4,405.4611835963121,-0.007454453623267909,7.0347519948654735
13,3.6880254952764853,4.7726521827609847e-4,405.46106733826645,-0.007431858932704927,-4.064760035475956
14,3.709508033377028,4.770592167442917e-4,405.4606089961702,-0.007339637591030623,-48.4882048007762
15,3.795438185779198,4.762352106170645e-4,405.45888216552027,-0.006995636567808106,-226.58886307539206
16,4.262267418932109,4.748244161233165e-4,405.4544186881733,-0.00546904601606002,-533.1542394407052
17,5.337605370744418,4.7430466019811736e-4,405.4493117267302,-0.0033843852520476503,-646.817084252973
18,6.988142963574668,4.7551561666085755e-4,405.44632619917985,-0.001892500733902125,-383.2343079363909
19,9.097302978911394,4.7718907944733244e-4,405.4454882536835,-0.0010625217328197323,-21.038744357610994
20,10,4.7746750475459e-4,405.4450406906029,-8.607071322330739e-4,38.964196052972966
21,10,4.769371332521263e-4,405.4442649259634,-8.589279332227306e-4,-75.44470357373712
22,10,4.7728687633083683e-4,405.4447699749122,-8.602319212513976e-4,0.029888634855979035
23,10,4.7728673766811593e-4,405.44476976971526,-8.597271516919136e-4,-1.137408389695338e-5
