step,par1,par2,fn,gr1,gr2
1,0.1,0.01,424.4531923960539,2167.848598011801,2585.7153662869337
2,1e-6,1e-6,249.1121193773454,76656.94347129061,-595700.3537732987
3,1e-6,10,24366.423736137258,2416.0877975373296,2322.607947025972
4,1e-6,3.312986568013065,8358.74900378395,2415.994948023581,2463.9797130384977
5,1e-6,1.0975860632051269,2855.0601890741423,2415.582696266938,2500.295737829674
6,1e-6,0.36372884583729004,1023.0163769122818,2414.1637217837797,2479.613838828527
7,1e-6,0.12063357070486853,428.2924954305806,2409.7831526944447,2374.1369628771736
8,1e-6,0.0400919378924836,245.6830609006945,2396.5758539071658,2042.8398175587859
9,1e-6,0.01337135472851848,199.72086483251255,2354.7265314974197,1046.5220582293
10,1e-6,0.013347906979202243,199.69635637192533,2354.604818781354,1043.8949515662443
11,1e-6,0.013254115981937296,199.59894175632846,2354.112715313761,1033.2935363273066
12,1e-6,0.012878951992877506,199.21944134475365,2352.056164048122,989.3434046374239
13,1e-6,0.011378296036638345,197.88203688000118,2342.0845966171555,784.5533409582117
14,1e-6,0.005409412149550403,197.56826501761205,1958.141717016133,-1102.9111810331926
15,1e-6,0.008897238649416203,196.4936261251895,2314.479654093873,294.41105732303186
16,1e-6,0.007406955617244945,196.37113047616188,2277.921641673686,-157.87574895810508
17,1e-6,0.007927155513850693,196.3362114848612,2294.534379844606,19.319606100793862
18,1e-6,0.007870438129285187,196.33562244176818,2293.0061577622496,1.1375398345592203
19,1e-6,0.007866889672068578,196.33561995328733,2292.908668357825,-0.008714201698012403
20,1e-6,0.007866916648612105,196.33561995680412,2292.909410959112,4.403517550599645e-6
21,1e-6,0.007866889962892101,196.33561995328114,2292.908676729155,-0.008620178704177306
22,1e-6,0.007866889992834301,196.3356199533277,2292.908677179639,-0.008610260948671566
23,1e-6,0.007866889962892101,196.33561995328114,2292.908676729155,-0.008620178704177306
