step,par1,par2,fn,gr1,gr2
1,0.1,0.01,38114.49604758609,19196.868964390887,-695720.6945568395
2,1e-6,10,36213.52496163355,2416.079340473516,1333.5044322593603
3,0.06666741369462445,3.339958671493733,30959.533342357845,2044.5974939138978,-277.013572595024
4,0.056903189814361814,3.341142256699011,30939.346333165784,2021.8508895050036,-282.99597775912844
5,0.01784629429331127,3.3458765975201237,30861.317436324116,1889.0385048507596,-320.89270656797453
6,1.000000000001e-6,3.3480397419306174,30830.450224399425,2315.960247797193,-356.5274998618406
7,1e-6,3.3497471352692156,30829.842658040663,2317.7289858358563,-355.16109621312353
8,1e-6,3.793539634193571,30744.472022334077,2413.344450033037,-42.90212098567281
9,1e-6,3.854513508419347,30742.993877578367,2414.139967659139,-5.7861237655743025
10,1e-6,3.864018907954883,30742.965877373856,2414.2357835080475,-0.10982139428961091
11,1e-6,3.864202812222484,30742.965867196544,2414.2378676697263,-1.841181074269116e-4
