step,par1,par2,fn,gr1,gr2
1,0.1,0.01,35508.184823198906,20077.191952477733,-688843.6087598893
2,1e-6,10,35671.2817871832,-263292.0767401083,1401.0607740783598
3,0.06657080744329227,3.3496097325124277,27968.408674776852,2303.8709057982487,942.4390026106266
4,0.05535281227754246,3.344869504783164,27939.007943162807,2125.515296302183,951.7534238329972
5,0.010480831614543218,3.3259085938661084,27878.79724796467,-2773.3621555307764,964.5602420823707
6,0.03663709887345208,3.3306472365744604,27890.0787287424,1563.8250068150228,964.3975563813001
7,0.019218732738129123,3.327491609937772,27870.55203509818,-10.807886028487701,969.2947850817291
8,0.01870766843023704,3.321550572389147,27864.82210232731,-102.17515477052075,969.2625990101078
9,0.016663411198668713,3.2977864221946467,27842.42434259285,-525.5579785080045,967.9414604397607
10,0.008486382272395402,3.2027298214166455,27767.583731124196,-4269.5630122034345,946.2806075316621
11,1e-6,2.804437744429006,27883.66670437235,-2265240.560003185,709.9112582727685
12,0.004106279484733304,2.9971338705550465,27609.89101107801,-11861.445234662824,876.800233963877
13,0.007909744174780426,0.7348016985751311,26120.40102059345,-4095.374564330996,716.3448582286946
14,0.01002551478603608,1e-6,110541.32016556893,85687.83178416197,-406395806.61421174
15,0.008618132412533066,0.4887806180317501,25964.316066949334,-1919.0599353896687,501.8770550668705
16,0.008564030770461094,1e-6,110413.94362704543,88660.81516840495,-406391823.78771013
17,0.008600067053034012,0.3255696843634701,25870.403580138078,-188.4942407014023,692.4742782939575
18,0.008582048911747553,0.16278534218173496,25771.96177696815,2601.878030673106,483.732207067078
19,0.008570156938498491,0.055347676341789886,26162.44080042413,16733.865598307602,-19659.724270168226
20,0.008578933629181778,0.13464041784588732,25763.29763478947,3942.9054291213106,-27.487559509609127
21,0.006273944237487556,0.12721288087090699,25758.017198116922,745.1460201991722,-147.27460302310647
22,0.002418781963995215,0.22492140574380276,25852.561964472396,-28736.11986744436,842.5348685887002
23,0.006004874784890192,0.13403240685621132,25757.926897027322,-441.2460438470589,119.14597756913281
24,0.006069219962003712,0.1308235469694551,25757.701935108118,-36.58831843495136,8.89667535375338
25,0.006076884713041526,0.13057138332561624,25757.70077546408,2.2491870367957745,-0.666419855406275
26,0.006076637970386317,0.1305897563988395,25757.700768775972,0.21345793356886134,0.010320272849639878
