step,par1,par2,fn,gr1,gr2
1,0.1,0.01,5288.634177788281,99.87909845676768,-943.3426300211067
2,1e-6,10,25566.603414149147,2416.0878592010704,2222.406073487946
3,0.09127687473838293,0.8814489281248268,6063.914361392781,2408.6318577701604,1437.359985970943
4,0.09853664481507782,0.15619064488017603,5721.624001838755,2600.8573200806495,-949.4491302393726
5,0.09993861508088471,0.016132414743765658,5347.581665976095,119.6255106560784,15258.353168892427
6,0.09999809822329686,0.010189989392538627,5288.558730289909,94.29428851490229,135.18245359136927
7,0.09998160067687056,0.010166256943837357,5288.555447440574,94.9452669283346,4.2597882566042244
8,0.0999471909046005,0.010153349635770997,5288.552541083821,95.27143347895617,-66.60417020157183
9,0.09976090009810792,0.010118362179943408,5288.540283659815,96.055562003130035,-257.3185252776966
10,0.09928402736219616,0.010069780220353548,5288.51297347124,96.91653678146395,-518.7031309242229
11,0.09786377609440501,0.009984694719737196,5288.437550611142,97.83252118722885,-965.9284970712179
12,0.09415368737023821,0.009850179460801613,5288.249410042386,97.78277487384912,-1638.4059820757102
13,0.08462037338244806,0.009639142033532755,5287.781559956392,93.050578338989,-2552.0739294461237
14,0.0633506021610653,0.009367878795260161,5286.84885498868,63.32156759526697,-3053.7493081374123
15,0.043792100572232956,0.009493437227282806,5286.277352218729,-46.58932056372578,-693.6196532251415
16,0.05761815642204563,0.009788127212874061,5285.956605279038,13.559900930886215,-211.5610423970793
17,0.05536094862702918,0.00981018731994453,5285.937597391581,1.609027171980415,54.741265380471305
18,0.054769107667183806,0.009792730820465613,5285.936603871961,-0.1436442607882782,3.331484695081599
19,0.05479430292860151,0.009792394298536126,5285.93660062016,0.005740739652537741,-0.15842716948100133
