step,par1,par2,fn,gr1,gr2
1,0.1,0.01,5520.835637889392,-144.70995119154395,3668.0884218185383
2,10,1e-6,13602.11491978204,0.5438007610791828,-45358418.71896558
3,3.7169710565644634,0.006346859232869892,5608.667532904518,1.483880682826566,-55233.034704228885
4,1.1724586083268302,0.008916816805589901,5523.270913141997,5.596922032964358,-10904.007896442636
5,0.4665179751608971,0.009629816845087494,5513.100989766799,7.7302355703068315,-2997.744313356634
6,0.5817311158960402,0.012856135038443633,5541.81279330584,15.694244052610884,17778.8966317803
7,0.47815658021661894,0.009955733168494416,5512.6762309633705,7.474899261978862,-192.12294784665573
8,0.4592408103231191,0.009945321471908863,5512.540800706565,7.072507914926973,-257.3271498295071
9,0.38357773074911966,0.00990367468556665,5512.114558911675,4.188801754025917,-453.60772983713105
10,0.26849002876255085,0.0099252112750674,5512.241343586316,-9.133421754086157,274.42010817139817
11,0.3337822491471242,0.009912993012614134,5511.990187117917,0.33874079235829413,-203.18698028859217
12,0.3302936267416477,0.009934276052074911,5511.987501815552,-0.1080140236808802,-17.920381878866465
13,0.33168142691577973,0.009937647336850096,5511.987427224191,0.02018688974203542,2.8422036393749295
14,0.33146522613959994,0.009937171475596262,5511.9874227181845,1.1222709872527048e-4,-0.005172232704353519
