step,par1,par2,fn,gr1,gr2
1,0.1,0.01,3298.3420881839634,362.9627354621334,15735.340891051237
2,1e-6,1e-6,6551.282464108657,122625.12407387476,-23923105.116720524
3,0.0657617855374159,0.006576486700753223,3250.2262446633777,221.73354029746406,4283.932965299755
4,0.04391746094369049,0.0049022117356954525,3248.56188797573,300.26720376554294,-10158.665537308025
5,0.05007835138689728,0.005659215568375717,3245.648399962818,239.72997185865097,-2346.931195449997
6,0.04637726477707135,0.00566889744895458,3244.7207564055584,250.12088271068933,-2174.3059849654855
7,0.03157291833776765,0.005707624971270034,3240.42565119076,341.61156924483294,-1214.3275210337379
8,1.000000000001e-6,0.005790215727773911,3233.46995945848,-249074.38607654057,968.4942672515717
9,0.0315292748839098,0.005707739140635101,3240.4105931004187,342.1388286983529,-1210.7267427018087
10,0.010499148864305224,0.0057627530298371785,3225.4588982687355,1490.3993672055549,502.3991553957785
11,0.0035325296929335573,0.00578097740066832,3209.4397837483884,3604.73107836242,989.995030654427
12,1e-6,0.005577157246876143,3233.2801052861078,-250498.1972928135,789.359175385016
13,0.0020830817036254926,0.005697323364660732,3203.6164155345787,4198.15492733278,1157.2602143201038
14,7.911506655002036e-4,0.005622760326607709,3199.068521255142,824.073299918382,1631.1971351956345
15,1e-6,0.004912425808810452,3232.9274776040643,-257946.9955150989,405.8002407100503
16,5.84282462174522e-4,0.005436788673513031,3198.853907519001,-2445.7848272686533,1766.662271484165
17,5.848868464190987e-4,0.004141770900507249,3197.329736388337,-206.00581871804025,-353.94097223161225
18,6.237907979113527e-4,0.004398948474144346,3197.347656651713,-66.30239241758318,442.8550505122075
19,6.000907657449738e-4,0.004242277582528515,3197.311596247018,-157.74703227407372,-17.767624394764425
20,6.110704297602145e-4,0.0042531477865184655,3197.312548900243,47.20149326885803,-8.850901779169362
21,6.020589735637842e-4,0.00424422616861051,3197.31160063503,-120.23804158161511,-16.194368940887216
22,6.005378580919422e-4,0.004242720217658984,3197.3115907698166,-149.19648492195847,-17.411240917226678
23,6.015417943033579e-4,0.004243714145286992,3197.311592348296,-130.0609839745448,-16.60886042373022
