step,par1,par2,fn,gr1,gr2
1,0.1,0.01,33167.78255440265,15841.614985474735,-563796.9195803088
2,1e-6,10,34404.87610206585,2416.083516436629,1484.5068626163993
3,0.06663847588652116,3.3428495874324096,27559.080403425814,2298.196616684436,148.44846942651202
4,0.05305250568727702,3.3417819564335516,27527.85817196217,2273.845453564718,142.83152251664433
5,1.000000000001e-6,3.337612991598712,27412.236343007273,2394.8655648564454,66.8980494083371
6,1e-6,3.3372175767355894,27412.209943839614,2394.675498944707,66.62895602858043
7,1e-6,3.239310747694036,27409.011518541156,2132.4640798411565,-1.9940553647757042
8,1e-6,3.242155735603112,27409.008767217772,2158.592049490835,0.05967451215838082
9,1e-6,3.2420730697825384,27409.008764780978,2157.8760610645986,-1.4584657037630677e-4
