step,par1,par2,fn,gr1,gr2
1,0.1,0.01,3128.5606751721007,162.35141275046772,23386.535441113665
2,1e-6,1e-6,6004.349676546238,122755.92273436814,-21892369.29467769
3,0.06515468426457968,0.006515782037435696,3053.9429138563887,-31.862979471952713,15523.678275721977
4,0.02601823977136019,7.447574114133907e-4,3429.2041674990996,2164.580022508744,-501208.5571233501
5,0.05277205094378289,0.0046898501533652525,3038.5589546454935,-40.944059956018464,-706.4419430116686
6,0.05407064211606228,0.004799838096404519,3038.5100140942473,-43.26025117052268,768.7715238830606
7,0.054408925515974385,0.004781132539630002,3038.4837509387908,-40.85800440634557,489.03141403798145
8,0.0579628573359425,0.004729542625272029,3038.364159729019,-25.994813292982144,-462.8223131885534
9,0.0627625061404528,0.0047325171020869816,3038.2689494437554,-13.48351843034834,-689.761581240873
10,0.06901132083857946,0.004782807782858557,3038.195380297372,-3.170574073010357,-251.48969010615474
11,0.07119537947161592,0.004805478281780906,3038.1888115533466,-0.4340560826676665,-13.268603131564305
12,0.0714727298230774,0.00480753450428998,3038.1887628399063,-0.07190117230493343,5.317355849001615
13,0.07151648397487634,0.004807166611930844,3038.188755634723,0.012902646631118841,-1.8094124425260816
14,0.07151125861042223,0.004807277052242195,3038.188757084515,8.399410944548436e-5,0.008897879979485879
15,0.07151633696677089,0.004807169719009993,3038.1887556718575,0.012541863725346047,-1.7582552163730725
16,0.07151647971971317,0.004807166701865537,3038.1887556358042,0.012892157883470645,-1.8079317646879645
17,0.07151648385253877,0.004807166614516501,3038.1887556347683,0.01290225100092357,-1.8093699009114061
18,0.07151648397235837,0.004807166611984063,3038.1887556347265,0.012902578419016208,-1.809411587601062
19,0.0715164839748619,0.00480716661193115,3038.1887556347206,0.012902637536171824,-1.8094124447998183
20,0.07151648397361014,0.004807166611957606,3038.1887556347247,0.012902564776595682,-1.809412124202936
21,0.07151648397485869,0.004807166611931217,3038.1887556347187,0.01290263526243507,-1.8094124243361875
22,0.07151648397423441,0.004807166611944412,3038.1887556347215,0.012902585240226472,-1.809412290185719
23,0.07151648397485748,0.004807166611931243,3038.1887556347206,0.012902639809908578,-1.8094124220624508
24,0.07151648397485869,0.004807166611931217,3038.1887556347187,0.01290263526243507,-1.8094124243361875
