step,par1,par2,fn,gr1,gr2
1,0.1,0.01,5675.996601053551,73.36201063935732,-3505.0029692592943
2,1e-6,10,25668.44465428104,2416.0878645125194,2213.9034434076166
3,0.08120476329828988,1.8876629231300728,8074.325586796421,2412.9505668497586,1947.2666286810636
4,0.09558522497155887,0.4510404357456264,5975.146026325701,2362.560879751072,289.08293416407105
5,0.09890571396609518,0.11932026798977158,6189.297845056209,3082.483916205092,-1017.0642262028196
6,0.09990571143476228,0.019419521862468307,5782.64066383711,159.4404700472296,17001.070440874173
7,0.09999279140364854,0.010720145976970807,5675.076407023758,48.25005813927419,794.377318811712
8,0.09998526329633459,0.010587124745467713,5675.018081437486,52.34206594195712,66.89559687401925
9,0.09997486510540116,0.010574292641835844,5675.017099579434,52.74014675251237,-4.470407593544223
10,0.09995426311181436,0.01056729717327482,5675.016157971263,52.94376804613421,-43.00920069908898
11,0.0998332150960049,0.010546161959990894,5675.011780669669,53.5074142180747,-158.00457185378036
12,0.09953328060862149,0.010517408081563658,5675.002297002214,54.15805268512486,-311.06566374546674
13,0.09863318500559974,0.010465891656210511,5674.975853607041,55.01796123098757,-575.7242733943713
14,0.09629202637421874,0.010383236681258958,5674.91013549846,55.624711335440225,-973.7755755531907
15,0.09024518982686153,0.010249063534048353,5674.745699336819,54.28811829915503,-1534.5052219799982
16,0.07650144618398759,0.010063569167214697,5674.400750689027,42.64178861831169,-1996.3170020400867
17,0.05986960553448597,0.010015817346018679,5674.085169629635,-1.1083248045906657,-1218.809349352341
18,0.06529499681202783,0.010222538959034704,5673.927157889309,4.904881293441576,-418.92964691669476
19,0.06495361803096983,0.010300105239242857,5673.911523902511,-0.9687596457297332,25.430364989915688
20,0.0652201636673327,0.010298445190134153,5673.9113750022425,0.04570404144033091,0.5228095733400551
21,0.06520118898797506,0.010298126620133682,5673.9113735912115,-1.830358087318018e-5,-0.06380975719366688
