step,par1,par2,fn,gr1,gr2
1,0.1,0.01,783.6342060972349,1721.134679190186,6481.694577271355
2,1e-6,1e-6,870.6330183880217,105616.51121975273,-2831412.283723365
3,0.04865993380460361,0.004866455445676771,663.6019306816335,1186.4588412026933,10778.933018710859
4,0.01654503749356523,0.0016552548515301017,590.7459456984193,267.58475610563437,22101.240558228026
5,0.006865420389573801,6.873802585560685e-4,572.4653378242156,123.79765401135501,-895.6249885346779
6,1e-6,0.00284858725594981,581.1476908450843,15252.238843862642,932.120908760794
7,0.006793193131517542,7.10120424025952e-4,572.4764406869077,113.17703563804571,1252.8184064274228
8,0.006847845143448102,6.929136820284231e-4,572.4635792848128,121.08874044884033,-352.0649462751635
9,1e-6,6.657828944235097e-4,578.5188429400202,3573.8099771879206,1499.3840997891539
10,0.006783775247573003,6.926598035339577e-4,572.4557284489057,121.28155289076403,-344.32556010585813
11,0.0033923876237865014,6.792213489787337e-4,572.1454109035792,-31.970975687727332,1216.6631947798123
12,0.003928857878544381,6.717609066856385e-4,572.1433492288306,51.303057893505866,-93.03834648790144
13,0.003650826718013208,6.75627356708597e-4,572.1376849463578,13.675272525688342,583.0080288478712
14,0.003457182014884859,6.639486773789807e-4,572.1256812110634,-0.3292139700761254,-188.8725914426459
15,0.003481297013985173,6.664514151613364e-4,572.1272657013075,0.15863186035858234,1.1002243257962618
16,0.003458241870032652,6.640586728017951e-4,572.1257410488167,-0.30788564458816836,-180.49168223797096
17,0.003457230496663541,6.639537089851922e-4,572.1256839285554,-0.32823855121932866,-188.4891534172084
18,0.0034571842366093192,6.639489079572083e-4,572.1256813355523,-0.32916929342263757,-188.85501988677333
19,0.003457182116706838,6.639486879464169e-4,572.1256812167687,-0.32921192143930966,-188.87178613113065
20,0.003457182019551321,6.639486778632822e-4,572.1256812113268,-0.32921389390594413,-188.87255452455065
21,0.0034571820150975006,6.639486774010494e-4,572.1256812110744,-0.3292139700761254,-188.8725897435961
22,0.003457182014895201,6.639486773800541e-4,572.1256812110632,-0.3292139803079408,-188.8725913562439
23,0.003457182014904597,6.639486773810292e-4,572.1256812110637,-0.32921400190843997,-188.87259127893685
24,0.0034571820148956824,6.639486773801041e-4,572.1256812110634,-0.3292139706445596,-188.8725913596545
25,0.003457182014895201,6.639486773800541e-4,572.1256812110632,-0.3292139803079408,-188.8725913562439
