step,par1,par2,fn,gr1,gr2
1,0.1,0.01,597.2906636199984,1998.3175561054622,2791.8272530604327
2,1e-6,1e-6,522.5873093975271,101701.45023857457,-1539309.4391431327
3,0.0958206603093771,0.009582103645371069,587.7913688862963,1980.6445386001315,2878.3871644611736
4,0.04791083015468855,0.004791551822685534,481.56790259952487,1512.870783428184,6984.950974501771
5,0.01687103878678982,0.0016878520468115808,403.2620039858059,527.7474150446437,25081.21317790568
6,0.007948298434878986,7.956583170867192e-4,375.896595500387,-54.72035216143922,27997.65893221689
7,10,1e-6,578.6444504975171,-9.158611646853387e-6,-1838333.1646091419
8,4.141865401202425,4.668918428953672e-4,367.102728191804,-0.004384883141028695,8576.64917293789
9,3.981636996056145,1e-6,578.6442926121559,2.642167373778648e-4,-1838286.2463478136
10,4.113796016333829,3.852752441816092e-4,367.01439602002233,-0.004423215216320386,-11594.705062028082
11,4.129932698187458,4.321954418840061e-4,366.87801145659006,-0.0044427255829759815,987.072947203842
12,4.128728310321037,4.276899472183416e-4,366.867790700041,-0.004445529384611291,-93.97157598186823
13,4.1291791851220925,4.280865462527249e-4,366.8685034120775,-0.004442759689027298,2.1550175634388324
14,4.1287323380430445,4.276934900880143e-4,366.86779690724745,-0.004443686236754729,-93.11202651048234
15,4.128728346564448,4.2768997909881415e-4,366.867790755496,-0.004441276360012125,-93.96383931402852
16,4.128728310649372,4.2768994750715144e-4,366.86779070055013,-0.004443301691026136,-93.97150430544343
17,4.128728310323973,4.276899472209247e-4,366.86779070008885,-0.004444596868324879,-93.97157433568282
18,4.12872831032104,4.276899472183439e-4,366.86779070004025,-0.0044455066472437466,-93.97157600005812
19,4.128728310322507,4.276899472196343e-4,366.86779070010016,-0.004445150239007489,-93.97157517923915
20,4.128728310321041,4.276899472183444e-4,366.86779070004076,-0.0044454486669565085,-93.97157599067896
21,4.12872831032104,4.276899472183439e-4,366.86779070004025,-0.0044455066472437466,-93.97157600005812
22,4.12872831032104,4.276899472183441e-4,366.86779070004025,-0.0044455066472437466,-93.97157600005812
