step,par1,par2,fn,gr1,gr2
1,0.1,0.01,1098.6662856485443,1376.9098464422314,8827.566016219635
2,1e-6,1e-6,1417.5738466201055,117045.03244214947,-4861891.622094572
3,0.056645044330596146,0.0056648946315626236,997.1585951179684,814.5199536710379,16922.374703738682
4,0.019741731048781894,0.001974895436522066,897.556919757027,-12.565640427055769,23825.579330663797
5,0.006712848556585854,6.721244484175024e-4,891.471353800326,328.59611551941725,-45233.46005369774
6,0.015038045826587715,0.001504569247892983,887.9830255278551,-105.04809304848095,16766.604141679407
7,0.007557977304311473,1e-6,1540.6966408949554,2444.4877792848274,-5109207.005203638
8,0.012735750671561845,0.0010417846912594703,884.216378961582,-67.74171786389616,-3595.2824744759937
9,0.015546316382198166,0.001136307104133956,883.9809052556973,-70.7674787815904,2049.501340084703
10,0.01862912746016092,0.001138875968981573,883.799859168745,-51.50199133481692,1616.164848762196
11,0.02663504589033041,0.0011379960999941031,883.5126892835597,-23.754944955385326,523.1222317814854
12,0.033750702868326196,0.0011442154673167034,883.3942097556758,-11.878822544417744,416.1646870016966
13,0.04065940072000531,0.001145255093962576,883.3389326119511,-4.891576602403802,183.12018188794355
14,0.04548181721759137,0.0011456471304946703,883.323474822364,-1.7753374538642674,75.61846070359479
15,0.04759256597447707,0.001127469063234711,883.3275003410142,-0.3500117577459605,-1307.4938467860875
16,0.046242552276066495,0.001139095572420855,883.3217108343239,-1.2342168173518075,-415.7318306340585
17,0.0458685963129558,0.0011423161341421464,883.3221278556392,-1.4961572787797195,-173.20353408535993
18,0.04840975665850049,0.001145160334359592,883.3202729520478,-0.371226233824018,-19.63111460838718
19,0.049228475334887396,0.0011456693980908968,883.3202327747988,-0.046030920088924177,2.8696221716018044
20,0.04934062105192123,0.001145658566968206,883.3202272504686,-0.001767900243976328,0.19617579937403207
21,0.049345048164143646,0.0011456569099727682,883.3202268125256,-8.356551006727386e-6,0.0018441852489559096
