step,par1,par2,fn,gr1,gr2
1,0.1,0.01,23390.049515289396,7550.13378451622,-332998.3760577124
2,1e-6,10,31071.186899772158,2416.0880253475625,1762.8336248890264
3,0.06673367491105285,3.3333391097769183,21262.323700475277,2413.172001251951,860.9042607167794
4,0.042670730127592885,3.3246396066206794,21196.771209598483,2414.1804310056614,856.9741319115565
5,1.000000000001e-6,3.3092131716909026,21080.5540878236,2415.9940670142532,849.9702804510889
6,1e-6,3.2482474130342305,21029.59216499627,2415.9907120338175,821.6675064431911
7,1e-6,1.4783296346615507,20806.795741778024,2415.5504141526762,-1064.6457459733938
8,1e-6,2.47728112432166,20565.18480746876,2415.931861141871,338.00745210101013
9,1e-6,1.9384887461544347,20524.881076952093,2415.8521016215673,-236.19088999112137
10,1e-6,2.1601157380681975,20503.7328159599,2415.8912596612936,35.378228640183806
11,1e-6,2.1312436393837877,20503.17297599822,2415.8872282350785,3.2556422956986353
12,1e-6,2.12831743585103,20503.16828284149,2415.8862568219774,-0.04917768819723278
13,1e-6,2.1283609795011036,20503.16828171898,2415.8865776553284,-4.004141374025494e-4
