step,par1,par2,fn,gr1,gr2
1,0.1,0.01,825.8669126082402,1764.3203642273875,4525.455670081442
2,1e-6,1e-6,920.3620186299678,113174.86747966085,-3015782.4647117923
3,0.04940765018600222,0.004941220354301904,711.61258080303935,1198.5444101918574,11840.413538606072
4,0.01735507091309446,0.001736250903109346,626.8468869675089,179.29399106208166,25955.338152995748
5,0.00710736263050793,7.11572305147538e-4,606.3519183263328,-60.384706241620734,370.57805311633274
6,0.01177827835808312,1e-6,1008.9680417040732,657.4694596065456,-3286790.6661182595
7,0.00825695727765472,5.366879428401869e-4,608.1476845728731,60.99214064363423,-26646.645786458976
8,0.007165012746086895,7.028021671471608e-4,606.3431952514541,-56.022188062456735,-535.9761153124509
9,0.013432750539710398,7.345862788415146e-4,606.0421812000425,-43.1923420410385,664.5706880732405
10,0.028655988015526716,7.798020860986121e-4,605.806887077919,-8.831648298723849,3857.8209800510876
11,0.03014427500057999,7.512647728679788e-4,605.7108754058596,-6.502227879536804,865.2628112088223
12,0.03326207018311756,7.422067029135613e-4,605.6867164021919,-3.6865276882736,-220.85593605879694
13,0.036615551034692294,7.421598267570224e-4,605.6777145338331,-1.7983967649115584,-282.8498080270947
14,0.03992134311433594,7.457753139314916e-4,605.6758138040111,-0.5982426182526979,103.36498361596114
15,0.04137433767256866,7.454131669855631e-4,605.6749911098523,-0.20008339276955667,52.815845232885295
16,0.042102619503254876,7.450199842544708e-4,605.674654226512,-0.02830265657394193,3.452174582889711
17,0.04222692703150055,7.450075052949293e-4,605.6746446420232,-0.0010309418030374218,1.4338097838617614
18,0.042201401927577396,7.445902568193177e-4,605.6743951709766,-0.004537822633210453,-47.22394757038728
19,0.042226211117957,7.449958025478762e-4,605.6746373729292,-0.001130102873503347,0.06988030008869828
20,0.04223136555890284,7.449954214023928e-4,605.6746371337557,-1.053479081747355e-5,0.002368939249208779
