step,par1,par2,fn,gr1,gr2
1,0.1,0.01,22082.28955711608,6771.490069077117,-313220.77537621226
2,1e-6,10,30719.254511754927,2414.8571118348627,1792.2161190654151
3,0.0667565488448551,3.331053980938785,20593.73132658676,2408.663373262243,944.2158519414079
4,0.04125911217171334,3.3209734165329,20522.80271662502,2410.053260373388,939.833332595299
5,1.000000000001e-6,3.3046617746081144,20408.049998692,2412.2810347398627,932.7318833857134
6,1e-6,3.246151241814564,20354.22340278469,2412.18342402135,907.0018566671934
7,1e-6,1.1836130851738358,20275.61556000572,-268685.5374321385,-1222.4375991354464
8,1e-6,2.367644960538327,19771.502756479254,2408.882364688907,360.3218869284319
9,1e-6,1.7886132445981973,19736.865352527362,2389.191490437952,-303.76349850484985
10,1e-6,2.0534718059178174,19705.081805952064,2404.4997639066423,47.345978036901215
11,1e-6,2.017756485013818,19704.134289492384,2403.5763602660154,5.46374201803701
12,1e-6,2.0130972471588247,19704.12180959149,2403.443684306694,-0.11135996828670613
13,1e-6,2.0131903131836335,19704.121804414226,2403.4463731004507,1.1577867553569376e-4
